available_date,yield_2y,yield_10y,yield_30y,fed_funds,breakeven_10y,real_yield_10y,unemployment,initial_claims,payrolls,retail_sales
2014-01-02,,,,0.07,,,,,,
2014-01-03,0.39,3.0,3.92,0.08,2.26,0.74,,,,
2014-01-04,0.41,3.01,3.93,0.08,2.26,0.75,,,,
2014-01-05,,,,0.08,,,,,,
2014-01-06,,,,0.08,,,,,,
2014-01-07,0.4,2.98,3.9,0.08,2.26,0.72,,,,
2014-01-08,0.4,2.96,3.88,0.07,2.26,0.7,,,,
2014-01-09,0.43,3.01,3.9,0.07,2.29,0.72,,,,
2014-01-10,0.44,2.97,3.88,0.07,2.31,0.66,,322000.0,,
2014-01-11,0.39,2.88,3.8,0.07,2.29,0.59,,,,
2014-01-12,,,,0.07,,,,,,
2014-01-13,,,,0.07,,,,,,
2014-01-14,0.39,2.84,3.77,0.07,2.27,0.57,,,,
2014-01-15,0.39,2.88,3.8,0.07,2.26,0.62,,,,
2014-01-16,0.41,2.9,3.81,0.07,2.28,0.62,,,,
2014-01-17,0.41,2.86,3.77,0.07,2.25,0.61,,318000.0,,
2014-01-18,0.4,2.84,3.75,0.07,2.26,0.58,,,,
2014-01-19,,,,0.07,,,,,,
2014-01-20,,,,0.07,,,,,,
2014-01-21,,,,0.07,,,,,,
2014-01-22,0.4,2.85,3.74,0.07,2.26,0.59,,,,
2014-01-23,0.44,2.87,3.75,0.07,2.25,0.62,,,,
2014-01-24,0.39,2.79,3.68,0.07,2.13,0.66,,327000.0,,
2014-01-25,0.37,2.75,3.64,0.07,2.14,0.61,,,,
2014-01-26,,,,0.07,,,,,,
2014-01-27,,,,0.07,,,,,,
2014-01-28,0.37,2.78,3.67,0.07,2.14,0.64,,,,
2014-01-29,0.38,2.77,3.68,0.07,2.15,0.62,,,,
2014-01-30,0.36,2.69,3.62,0.07,2.14,0.55,,,,
2014-01-31,0.36,2.72,3.65,0.07,2.15,0.57,,340000.0,,
2014-02-01,0.34,2.67,3.61,0.07,2.14,0.53,,,,
2014-02-02,,,,0.07,,,,,,
2014-02-03,,,,0.07,,,,,,
2014-02-04,0.3,2.61,3.55,0.07,2.14,0.47,,,,
2014-02-05,0.31,2.64,3.59,0.07,2.13,0.51,,,,
2014-02-06,0.32,2.7,3.66,0.07,2.14,0.56,,,,
2014-02-07,0.33,2.73,3.67,0.07,2.16,0.57,,331000.0,,
2014-02-08,0.3,2.71,3.67,0.06,2.18,0.53,,,,
2014-02-09,,,,0.06,,,,,,
2014-02-10,,,,0.06,,,6.6,,137561.0,
2014-02-11,0.32,2.7,3.66,0.07,2.19,0.51,,,,
2014-02-12,0.35,2.75,3.69,0.06,2.19,0.56,,,,
2014-02-13,0.35,2.8,3.72,0.07,2.21,0.59,,,,
2014-02-14,0.32,2.73,3.7,0.06,2.17,0.56,,337000.0,,
2014-02-15,0.32,2.75,3.69,0.06,2.16,0.59,,,,411561.0
2014-02-16,,,,0.06,,,,,,
2014-02-17,,,,0.06,,,,,,
2014-02-18,,,,0.06,,,,,,
2014-02-19,0.31,2.71,3.68,0.07,2.14,0.57,,,,
2014-02-20,0.33,2.73,3.71,0.07,2.13,0.6,,,,
2014-02-21,0.34,2.76,3.73,0.07,2.13,0.63,,332000.0,,
2014-02-22,0.33,2.73,3.69,0.07,2.12,0.61,,,,
2014-02-23,,,,0.07,,,,,,
2014-02-24,,,,0.07,,,,,,
2014-02-25,0.35,2.75,3.7,0.07,2.16,0.59,,,,
2014-02-26,0.34,2.7,3.66,0.07,2.15,0.55,,,,
2014-02-27,0.33,2.67,3.63,0.07,2.16,0.51,,,,
2014-02-28,0.33,2.65,3.6,0.07,2.16,0.49,,341000.0,,
2014-03-01,0.33,2.66,3.59,0.06,2.17,0.49,,,,
2014-03-02,,,,0.06,,,,,,
2014-03-03,,,,0.06,,,,,,
2014-03-04,0.32,2.6,3.55,0.07,2.16,0.44,,,,
2014-03-05,0.33,2.7,3.64,0.07,2.18,0.52,,,,
2014-03-06,0.33,2.7,3.64,0.08,2.18,0.52,,,,
2014-03-07,0.37,2.74,3.68,0.08,2.21,0.53,,319000.0,,
2014-03-08,0.38,2.8,3.72,0.08,2.23,0.57,,,,
2014-03-09,,,,0.08,,,,,,
2014-03-10,,,,0.08,,,,,,
2014-03-11,0.37,2.79,3.73,0.08,2.22,0.57,,,,
2014-03-12,0.37,2.77,3.7,0.08,2.2,0.57,,,,
2014-03-13,0.37,2.73,3.66,0.08,2.19,0.54,6.7,,137712.0,
2014-03-14,0.34,2.66,3.6,0.08,2.17,0.49,,322000.0,,
2014-03-15,0.36,2.65,3.59,0.08,2.17,0.48,,,,
2014-03-16,,,,0.08,,,,,,
2014-03-17,,,,0.08,,,,,,
2014-03-18,0.38,2.7,3.63,0.08,2.18,0.52,,,,416736.0
2014-03-19,0.36,2.68,3.62,0.08,2.18,0.5,,,,
2014-03-20,0.47,2.78,3.66,0.08,2.16,0.62,,,,
2014-03-21,0.45,2.79,3.67,0.08,2.13,0.66,,321000.0,,
2014-03-22,0.45,2.75,3.61,0.08,2.14,0.61,,,,
2014-03-23,,,,0.08,,,,,,
2014-03-24,,,,0.08,,,,,,
2014-03-25,0.47,2.74,3.57,0.09,2.15,0.59,,,,
2014-03-26,0.47,2.75,3.59,0.09,2.14,0.61,,,,
2014-03-27,0.45,2.71,3.55,0.08,2.14,0.57,,,,
2014-03-28,0.45,2.69,3.52,0.08,2.13,0.56,,313000.0,,
2014-03-29,0.45,2.73,3.55,0.08,2.13,0.6,,,,
2014-03-30,,,,0.08,,,,,,
2014-03-31,,,,0.08,,,,,,
2014-04-01,0.44,2.73,3.56,0.06,2.13,0.6,,,,
2014-04-02,0.44,2.77,3.6,0.08,2.14,0.63,,,,
2014-04-03,0.47,2.82,3.65,0.09,2.14,0.68,,,,
2014-04-04,0.46,2.8,3.62,0.08,2.14,0.66,,330000.0,,
2014-04-05,0.43,2.74,3.59,0.08,2.13,0.61,,,,
2014-04-06,,,,0.08,,,,,,
2014-04-07,,,,0.08,,,,,,
2014-04-08,0.41,2.71,3.56,0.09,2.12,0.59,,,,
2014-04-09,0.4,2.69,3.54,0.08,2.11,0.58,,,,
2014-04-10,0.37,2.71,3.57,0.08,2.14,0.57,6.7,,137985.0,
2014-04-11,0.37,2.65,3.52,0.08,2.14,0.51,,311000.0,,
2014-04-12,0.37,2.63,3.48,0.09,2.13,0.5,,,,
2014-04-13,,,,0.09,,,,,,
2014-04-14,,,,0.09,,,,,,
2014-04-15,0.37,2.65,3.48,0.09,2.13,0.52,,,,421230.0
2014-04-16,0.39,2.64,3.46,0.1,2.14,0.5,,,,
2014-04-17,0.39,2.65,3.45,0.09,2.17,0.48,,,,
2014-04-18,0.43,2.73,3.52,0.09,2.21,0.52,,308000.0,,
2014-04-19,,,,0.1,,,,,,
2014-04-20,,,,0.1,,,,,,
2014-04-21,,,,0.1,,,,,,
2014-04-22,0.42,2.73,3.52,0.1,2.2,0.53,,,,
2014-04-23,0.45,2.73,3.5,0.1,2.21,0.52,,,,
2014-04-24,0.43,2.7,3.47,0.1,2.21,0.49,,,,
2014-04-25,0.43,2.7,3.46,0.1,2.21,0.49,,327000.0,,
2014-04-26,0.43,2.68,3.45,0.09,2.2,0.48,,,,
2014-04-27,,,,0.09,,,,,,
2014-04-28,,,,0.09,,,,,,
2014-04-29,0.44,2.7,3.47,0.09,2.18,0.52,,,,
2014-04-30,0.44,2.71,3.49,0.1,2.18,0.53,,,,
2014-05-01,0.42,2.67,3.47,0.09,2.18,0.49,,,,
2014-05-02,0.41,2.63,3.41,0.09,2.2,0.43,,345000.0,,
2014-05-03,0.42,2.6,3.37,0.09,2.19,0.41,,,,
2014-05-04,,,,0.09,,,,,,
2014-05-05,,,,0.09,,,,,,
2014-05-06,0.43,2.63,3.41,0.09,2.18,0.45,,,,
2014-05-07,0.43,2.61,3.38,0.09,2.16,0.45,,,,
2014-05-08,0.41,2.62,3.4,0.08,2.2,0.42,,,,
2014-05-09,0.4,2.61,3.45,0.08,2.19,0.42,,325000.0,,
2014-05-10,0.4,2.62,3.47,0.08,2.18,0.44,,,,
2014-05-11,,,,0.08,,,6.2,,138298.0,
2014-05-12,,,,0.08,,,,,,
2014-05-13,0.41,2.66,3.49,0.08,2.18,0.48,,,,
2014-05-14,0.39,2.61,3.45,0.09,2.16,0.45,,,,
2014-05-15,0.39,2.54,3.37,0.08,2.17,0.37,,,,
2014-05-16,0.38,2.5,3.33,0.09,2.19,0.31,,303000.0,,425546.0
2014-05-17,0.38,2.52,3.34,0.09,2.18,0.34,,,,
2014-05-18,,,,0.09,,,,,,
2014-05-19,,,,0.09,,,,,,
2014-05-20,0.36,2.54,3.39,0.09,2.17,0.37,,,,
2014-05-21,0.35,2.52,3.38,0.09,2.17,0.35,,,,
2014-05-22,0.37,2.54,3.42,0.09,2.18,0.36,,,,
2014-05-23,0.37,2.56,3.43,0.09,2.21,0.35,,324000.0,,
2014-05-24,0.37,2.54,3.4,0.09,2.22,0.32,,,,
2014-05-25,,,,0.09,,,,,,
2014-05-26,,,,0.09,,,,,,
2014-05-27,,,,0.09,,,,,,
2014-05-28,0.39,2.52,3.37,0.09,2.21,0.31,,,,
2014-05-29,0.37,2.44,3.29,0.09,2.22,0.22,,,,
2014-05-30,0.37,2.45,3.31,0.09,2.23,0.22,,305000.0,,
2014-05-31,0.37,2.48,3.33,0.08,2.22,0.26,,,,
2014-06-01,,,,0.08,,,,,,
2014-06-02,,,,0.08,,,,,,
2014-06-03,0.39,2.54,3.38,0.09,2.22,0.32,,,,
2014-06-04,0.41,2.6,3.43,0.1,2.19,0.41,,,,
2014-06-05,0.41,2.61,3.45,0.09,2.17,0.44,,,,
2014-06-06,0.4,2.59,3.44,0.09,2.18,0.41,,312000.0,,
2014-06-07,0.41,2.6,3.44,0.09,2.2,0.4,,,,
2014-06-08,,,,0.09,,,,,,
2014-06-09,,,,0.09,,,,,,
2014-06-10,0.43,2.62,3.45,0.09,2.21,0.41,6.3,,138513.0,
2014-06-11,0.45,2.64,3.47,0.09,2.21,0.43,,,,
2014-06-12,0.44,2.65,3.47,0.09,2.22,0.43,,,,
2014-06-13,0.42,2.58,3.41,0.09,2.19,0.39,,317000.0,,
2014-06-14,0.45,2.6,3.41,0.1,2.19,0.41,,,,
2014-06-15,,,,0.1,,,,,,426253.0
2014-06-16,,,,0.1,,,,,,
2014-06-17,0.49,2.61,3.4,0.1,2.2,0.41,,,,
2014-06-18,0.51,2.66,3.44,0.1,2.23,0.43,,,,
2014-06-19,0.48,2.61,3.43,0.1,2.23,0.38,,,,
2014-06-20,0.48,2.64,3.47,0.1,2.25,0.39,,314000.0,,
2014-06-21,0.5,2.63,3.44,0.1,2.28,0.35,,,,
2014-06-22,,,,0.1,,,,,,
2014-06-23,,,,0.1,,,,,,
2014-06-24,0.48,2.63,3.45,0.1,2.28,0.35,,,,
2014-06-25,0.49,2.59,3.41,0.1,2.28,0.31,,,,
2014-06-26,0.48,2.57,3.38,0.1,2.28,0.29,,,,
2014-06-27,0.46,2.53,3.35,0.1,2.27,0.26,,315000.0,,
2014-06-28,0.45,2.54,3.36,0.1,2.27,0.27,,,,
2014-06-29,,,,0.1,,,,,,
2014-06-30,,,,0.1,,,,,,
2014-07-01,0.47,2.53,3.34,0.09,2.26,0.27,,,,
2014-07-02,0.47,2.58,3.4,0.1,2.26,0.32,,,,
2014-07-03,0.49,2.64,3.46,0.1,2.26,0.38,,,,
2014-07-04,0.52,2.65,3.47,0.09,2.28,0.37,,308000.0,,
2014-07-05,,,,0.09,,,,,,
2014-07-06,,,,0.09,,,,,,
2014-07-07,,,,0.09,,,,,,
2014-07-08,0.52,2.63,3.44,0.1,2.27,0.36,,,,
2014-07-09,0.51,2.58,3.38,0.09,2.27,0.31,,,,
2014-07-10,0.51,2.57,3.37,0.09,2.29,0.28,,,,
2014-07-11,0.46,2.55,3.38,0.09,2.28,0.27,6.1,302000.0,138849.0,
2014-07-12,0.48,2.53,3.34,0.09,2.28,0.25,,,,
2014-07-13,,,,0.09,,,,,,
2014-07-14,,,,0.09,,,,,,
2014-07-15,0.48,2.55,3.36,0.09,2.27,0.28,,,,
2014-07-16,0.49,2.56,3.37,0.09,2.25,0.31,,,,427305.0
2014-07-17,0.5,2.55,3.35,0.09,2.23,0.32,,,,
2014-07-18,0.47,2.47,3.27,0.09,2.23,0.24,,308000.0,,
2014-07-19,0.51,2.5,3.29,0.09,2.24,0.26,,,,
2014-07-20,,,,0.09,,,,,,
2014-07-21,,,,0.09,,,,,,
2014-07-22,0.51,2.49,3.26,0.1,2.24,0.25,,,,
2014-07-23,0.49,2.48,3.25,0.09,2.23,0.25,,,,
2014-07-24,0.5,2.48,3.26,0.09,2.23,0.25,,,,
2014-07-25,0.53,2.52,3.3,0.09,2.27,0.25,,294000.0,,
2014-07-26,0.53,2.48,3.24,0.09,2.28,0.2,,,,
2014-07-27,,,,0.09,,,,,,
2014-07-28,,,,0.09,,,,,,
2014-07-29,0.54,2.5,3.26,0.09,2.28,0.22,,,,
2014-07-30,0.54,2.47,3.22,0.09,2.27,0.2,,,,
2014-07-31,0.56,2.57,3.31,0.09,2.28,0.29,,,,
2014-08-01,0.53,2.58,3.32,0.08,2.29,0.29,,303000.0,,
2014-08-02,0.47,2.52,3.29,0.09,2.27,0.25,,,,
2014-08-03,,,,0.09,,,,,,
2014-08-04,,,,0.09,,,,,,
2014-08-05,0.47,2.51,3.3,0.09,2.25,0.26,,,,
2014-08-06,0.47,2.49,3.28,0.09,2.24,0.25,,,,
2014-08-07,0.48,2.49,3.27,0.09,2.25,0.24,,,,
2014-08-08,0.44,2.43,3.23,0.09,2.24,0.19,,295000.0,,
2014-08-09,0.45,2.44,3.23,0.09,2.25,0.19,,,,
2014-08-10,,,,0.09,,,6.2,,139072.0,
2014-08-11,,,,0.09,,,,,,
2014-08-12,0.47,2.44,3.24,0.09,2.25,0.19,,,,
2014-08-13,0.45,2.46,3.27,0.09,2.24,0.22,,,,
2014-08-14,0.43,2.43,3.24,0.09,2.23,0.2,,,,
2014-08-15,0.42,2.4,3.2,0.09,2.21,0.19,,309000.0,,428079.0
2014-08-16,0.42,2.34,3.13,0.09,2.18,0.16,,,,
2014-08-17,,,,0.09,,,,,,
2014-08-18,,,,0.09,,,,,,
2014-08-19,0.44,2.39,3.2,0.09,2.18,0.21,,,,
2014-08-20,0.46,2.4,3.21,0.09,2.17,0.23,,,,
2014-08-21,0.49,2.43,3.22,0.09,2.17,0.26,,,,
2014-08-22,0.49,2.41,3.19,0.09,2.17,0.24,,303000.0,,
2014-08-23,0.53,2.4,3.16,0.09,2.14,0.26,,,,
2014-08-24,,,,0.09,,,,,,
2014-08-25,,,,0.09,,,,,,
2014-08-26,0.53,2.39,3.13,0.09,2.15,0.24,,,,
2014-08-27,0.52,2.39,3.15,0.09,2.14,0.25,,,,
2014-08-28,0.51,2.37,3.11,0.09,2.14,0.23,,,,
2014-08-29,0.5,2.34,3.08,0.09,2.13,0.21,,300000.0,,
2014-08-30,0.48,2.35,3.09,0.07,2.12,0.23,,,,
2014-08-31,,,,0.07,,,,,,
2014-09-01,,,,0.07,,,,,,
2014-09-02,,,,0.07,,,,,,
2014-09-03,0.53,2.42,3.17,0.09,2.15,0.27,,,,
2014-09-04,0.52,2.41,3.15,0.09,2.17,0.24,,,,
2014-09-05,0.54,2.45,3.21,0.09,2.17,0.28,,303000.0,,
2014-09-06,0.52,2.46,3.23,0.09,2.15,0.31,,,,
2014-09-07,,,,0.09,,,,,,
2014-09-08,,,,0.09,,,,,,
2014-09-09,0.54,2.48,3.23,0.09,2.13,0.35,,,,
2014-09-10,0.56,2.5,3.23,0.09,2.11,0.39,6.1,,139269.0,
2014-09-11,0.58,2.54,3.26,0.09,2.1,0.44,,,,
2014-09-12,0.58,2.54,3.27,0.09,2.12,0.42,,307000.0,,
2014-09-13,0.58,2.62,3.35,0.09,2.13,0.49,,,,
2014-09-14,,,,0.09,,,,,,
2014-09-15,,,,0.09,,,,,,431379.0
2014-09-16,0.58,2.6,3.34,0.09,2.13,0.47,,,,
2014-09-17,0.55,2.6,3.36,0.09,2.12,0.48,,,,
2014-09-18,0.59,2.62,3.37,0.09,2.06,0.56,,,,
2014-09-19,0.59,2.63,3.36,0.09,2.02,0.61,,288000.0,,
2014-09-20,0.59,2.59,3.29,0.09,2.03,0.56,,,,
2014-09-21,,,,0.09,,,,,,
2014-09-22,,,,0.09,,,,,,
2014-09-23,0.58,2.57,3.28,0.09,1.99,0.58,,,,
2014-09-24,0.57,2.54,3.25,0.09,2.02,0.52,,,,
2014-09-25,0.59,2.57,3.28,0.09,2.03,0.54,,,,
2014-09-26,0.56,2.52,3.22,0.09,2.02,0.5,,295000.0,,
2014-09-27,0.59,2.54,3.22,0.09,1.97,0.57,,,,
2014-09-28,,,,0.09,,,,,,
2014-09-29,,,,0.09,,,,,,
2014-09-30,0.58,2.5,3.18,0.08,1.95,0.55,,,,
2014-10-01,0.58,2.52,3.21,0.07,1.97,0.55,,,,
2014-10-02,0.53,2.42,3.12,0.09,1.96,0.46,,,,
2014-10-03,0.53,2.44,3.15,0.09,1.95,0.49,,290000.0,,
2014-10-04,0.57,2.45,3.13,0.09,1.93,0.52,,,,
2014-10-05,,,,0.09,,,,,,
2014-10-06,,,,0.09,,,,,,
2014-10-07,0.54,2.43,3.12,0.09,1.93,0.5,,,,
2014-10-08,0.52,2.36,3.06,0.09,1.92,0.44,,,,
2014-10-09,0.46,2.35,3.07,0.09,1.96,0.39,,,,
2014-10-10,0.46,2.34,3.07,0.08,1.97,0.37,,293000.0,,
2014-10-11,0.45,2.31,3.03,0.09,1.96,0.35,5.9,,139563.0,
2014-10-12,,,,0.09,,,,,,
2014-10-13,,,,0.09,,,,,,
2014-10-14,,,,0.09,,,,,,
2014-10-15,0.39,2.21,2.95,0.09,1.92,0.29,,,,
2014-10-16,0.34,2.15,2.92,0.09,1.86,0.29,,,,430189.0
2014-10-17,0.35,2.17,2.94,0.09,1.89,0.28,,281000.0,,
2014-10-18,0.39,2.22,2.98,0.09,1.92,0.3,,,,
2014-10-19,,,,0.09,,,,,,
2014-10-20,,,,0.09,,,,,,
2014-10-21,0.37,2.2,2.96,0.09,1.91,0.29,,,,
2014-10-22,0.38,2.23,3.0,0.09,1.9,0.33,,,,
2014-10-23,0.41,2.25,3.01,0.09,1.91,0.34,,,,
2014-10-24,0.41,2.29,3.05,0.09,1.91,0.38,,290000.0,,
2014-10-25,0.41,2.29,3.05,0.09,1.9,0.39,,,,
2014-10-26,,,,0.09,,,,,,
2014-10-27,,,,0.09,,,,,,
2014-10-28,0.41,2.27,3.04,0.09,1.89,0.38,,,,
2014-10-29,0.42,2.3,3.06,0.09,1.91,0.39,,,,
2014-10-30,0.48,2.34,3.06,0.09,1.92,0.42,,,,
2014-10-31,0.48,2.32,3.04,0.09,1.9,0.42,,291000.0,,
2014-11-01,0.5,2.35,3.07,0.07,1.92,0.43,,,,
2014-11-02,,,,0.07,,,,,,
2014-11-03,,,,0.07,,,,,,
2014-11-04,0.52,2.36,3.07,0.09,1.93,0.43,,,,
2014-11-05,0.52,2.35,3.05,0.1,1.92,0.43,,,,
2014-11-06,0.52,2.36,3.06,0.09,1.93,0.43,,,,
2014-11-07,0.54,2.39,3.09,0.09,1.94,0.45,,280000.0,,
2014-11-08,0.51,2.32,3.04,0.09,1.94,0.38,,,,
2014-11-09,,,,0.09,,,,,,
2014-11-10,,,,0.09,,,5.7,,139798.0,
2014-11-11,0.55,2.38,3.09,0.09,1.94,0.44,,,,
2014-11-12,,,,0.09,,,,,,
2014-11-13,0.55,2.37,3.09,0.09,1.91,0.46,,,,
2014-11-14,0.53,2.35,3.08,0.09,1.88,0.47,,291000.0,,
2014-11-15,0.54,2.32,3.04,0.09,1.89,0.43,,,,431903.0
2014-11-16,,,,0.09,,,,,,
2014-11-17,,,,0.09,,,,,,
2014-11-18,0.54,2.34,3.06,0.1,1.86,0.48,,,,
2014-11-19,0.53,2.32,3.05,0.11,1.84,0.48,,,,
2014-11-20,0.54,2.36,3.08,0.1,1.83,0.53,,,,
2014-11-21,0.53,2.34,3.05,0.1,1.85,0.49,,293000.0,,
2014-11-22,0.53,2.31,3.02,0.1,1.86,0.45,,,,
2014-11-23,,,,0.1,,,,,,
2014-11-24,,,,0.1,,,,,,
2014-11-25,0.53,2.3,3.01,0.1,1.86,0.44,,,,
2014-11-26,0.51,2.27,2.97,0.1,1.85,0.42,,,,
2014-11-27,0.53,2.24,2.95,0.1,1.82,0.42,,,,
2014-11-28,,,,0.1,,,,303000.0,,
2014-11-29,0.47,2.18,2.89,0.08,1.79,0.39,,,,
2014-11-30,,,,0.08,,,,,,
2014-12-01,,,,0.08,,,,,,
2014-12-02,0.49,2.22,2.95,0.13,1.79,0.43,,,,
2014-12-03,0.55,2.28,3.0,0.12,1.77,0.51,,,,
2014-12-04,0.57,2.29,2.99,0.12,1.79,0.5,,,,
2014-12-05,0.55,2.25,2.94,0.12,1.77,0.48,,291000.0,,
2014-12-06,0.65,2.31,2.97,0.12,1.75,0.56,,,,
2014-12-07,,,,0.12,,,,,,
2014-12-08,,,,0.12,,,,,,
2014-12-09,0.64,2.26,2.9,0.12,1.71,0.55,,,,
2014-12-10,0.64,2.22,2.87,0.12,1.73,0.49,,,,
2014-12-11,0.59,2.18,2.83,0.12,1.71,0.47,5.8,,140089.0,
2014-12-12,0.62,2.19,2.84,0.12,1.7,0.49,,291000.0,,
2014-12-13,0.56,2.1,2.75,0.12,1.64,0.46,,,,
2014-12-14,,,,0.12,,,,,,
2014-12-15,,,,0.12,,,,,,
2014-12-16,0.6,2.12,2.74,0.11,1.62,0.5,,,,433113.0
2014-12-17,0.58,2.07,2.69,0.12,1.65,0.42,,,,
2014-12-18,0.62,2.14,2.74,0.13,1.65,0.49,,,,
2014-12-19,0.67,2.22,2.82,0.13,1.65,0.57,,286000.0,,
2014-12-20,0.67,2.17,2.77,0.13,1.68,0.49,,,,
2014-12-21,,,,0.13,,,,,,
2014-12-22,,,,0.13,,,,,,
2014-12-23,0.71,2.17,2.75,0.13,1.7,0.47,,,,
2014-12-24,0.73,2.26,2.85,0.13,1.7,0.56,,,,
2014-12-25,0.73,2.27,2.83,0.13,1.68,0.59,,,,
2014-12-26,,,,0.13,,,,276000.0,,
2014-12-27,0.73,2.25,2.81,0.13,1.67,0.58,,,,
2014-12-28,,,,0.13,,,,,,
2014-12-29,,,,0.13,,,,,,
2014-12-30,0.72,2.22,2.78,0.13,1.65,0.57,,,,
2014-12-31,0.69,2.2,2.76,0.13,1.64,0.56,,,,
2015-01-01,0.67,2.17,2.75,0.06,1.68,0.49,,,,
2015-01-02,,,,0.06,,,,285000.0,,
2015-01-03,0.66,2.12,2.69,0.12,1.71,0.41,,,,
2015-01-04,,,,0.12,,,,,,
2015-01-05,,,,0.12,,,,,,
2015-01-06,0.68,2.04,2.6,0.12,1.64,0.4,,,,
2015-01-07,0.65,1.97,2.52,0.12,1.56,0.41,,,,
2015-01-08,0.62,1.96,2.52,0.12,1.57,0.39,,,,
2015-01-09,0.62,2.03,2.59,0.12,1.62,0.41,,294000.0,,
2015-01-10,0.59,1.98,2.55,0.12,1.62,0.36,5.6,,140364.0,
2015-01-11,,,,0.12,,,,,,
2015-01-12,,,,0.12,,,,,,
2015-01-13,0.56,1.92,2.49,0.12,1.57,0.35,,,,
2015-01-14,0.54,1.91,2.49,0.12,1.54,0.37,,,,
2015-01-15,0.51,1.86,2.47,0.12,1.57,0.29,,,,430110.0
2015-01-16,0.44,1.77,2.4,0.12,1.58,0.19,,304000.0,,
2015-01-17,0.49,1.83,2.44,0.13,1.6,0.23,,,,
2015-01-18,,,,0.13,,,,,,
2015-01-19,,,,0.13,,,,,,
2015-01-20,,,,0.13,,,,,,
2015-01-21,0.53,1.82,2.39,0.12,1.59,0.23,,,,
2015-01-22,0.53,1.87,2.44,0.12,1.61,0.26,,,,
2015-01-23,0.53,1.9,2.46,0.12,1.61,0.29,,298000.0,,
2015-01-24,0.52,1.81,2.38,0.12,1.6,0.21,,,,
2015-01-25,,,,0.12,,,,,,
2015-01-26,,,,0.12,,,,,,
2015-01-27,0.54,1.83,2.4,0.12,1.61,0.22,,,,
2015-01-28,0.54,1.83,2.4,0.11,1.66,0.17,,,,
2015-01-29,0.5,1.73,2.29,0.12,1.61,0.12,,,,
2015-01-30,0.51,1.77,2.33,0.11,1.62,0.15,,261000.0,,
2015-01-31,0.47,1.68,2.25,0.06,1.65,0.03,,,,
2015-02-01,,,,0.06,,,,,,
2015-02-02,,,,0.06,,,,,,
2015-02-03,0.49,1.68,2.25,0.12,1.65,0.03,,,,
2015-02-04,0.52,1.79,2.37,0.12,1.7,0.09,,,,
2015-02-05,0.52,1.81,2.39,0.11,1.71,0.1,,,,
2015-02-06,0.52,1.83,2.42,0.12,1.7,0.13,,281000.0,,
2015-02-07,0.65,1.95,2.51,0.11,1.71,0.24,,,,
2015-02-08,,,,0.11,,,,,,
2015-02-09,,,,0.11,,,,,,
2015-02-10,0.65,1.96,2.52,0.12,1.71,0.25,5.7,,140568.0,
2015-02-11,0.67,2.01,2.58,0.12,1.7,0.31,,,,
2015-02-12,0.67,2.0,2.57,0.12,1.68,0.32,,,,
2015-02-13,0.61,1.99,2.58,0.12,1.66,0.33,,298000.0,,
2015-02-14,0.66,2.02,2.63,0.12,1.68,0.34,,,,
2015-02-15,,,,0.12,,,,,,428186.0
2015-02-16,,,,0.12,,,,,,
2015-02-17,,,,0.12,,,,,,
2015-02-18,0.7,2.14,2.73,0.12,1.71,0.43,,,,
2015-02-19,0.62,2.07,2.7,0.12,1.71,0.36,,,,
2015-02-20,0.67,2.11,2.73,0.12,1.74,0.37,,285000.0,,
2015-02-21,0.67,2.13,2.73,0.12,1.75,0.38,,,,
2015-02-22,,,,0.12,,,,,,
2015-02-23,,,,0.12,,,,,,
2015-02-24,0.64,2.06,2.66,0.11,1.72,0.34,,,,
2015-02-25,0.6,1.99,2.6,0.11,1.72,0.27,,,,
2015-02-26,0.61,1.96,2.56,0.11,1.72,0.24,,,,
2015-02-27,0.66,2.03,2.63,0.11,1.79,0.24,,305000.0,,
2015-02-28,0.63,2.0,2.6,0.06,1.83,0.17,,,,
2015-03-01,,,,0.06,,,,,,
2015-03-02,,,,0.06,,,,,,
2015-03-03,0.66,2.08,2.68,0.12,1.83,0.25,,,,
2015-03-04,0.68,2.12,2.71,0.12,1.86,0.26,,,,
2015-03-05,0.66,2.12,2.72,0.11,1.87,0.25,,,,
2015-03-06,0.65,2.11,2.71,0.11,1.84,0.27,,317000.0,,
2015-03-07,0.73,2.24,2.83,0.12,1.83,0.41,,,,
2015-03-08,,,,0.12,,,,,,
2015-03-09,,,,0.12,,,,,,
2015-03-10,0.7,2.2,2.8,0.12,1.76,0.44,,,,
2015-03-11,0.7,2.14,2.73,0.12,1.73,0.41,,,,
2015-03-12,0.7,2.11,2.69,0.11,1.72,0.39,,,,
2015-03-13,0.67,2.1,2.69,0.11,1.71,0.39,5.5,293000.0,140827.0,
2015-03-14,0.68,2.13,2.7,0.11,1.69,0.44,,,,
2015-03-15,,,,0.11,,,,,,
2015-03-16,,,,0.11,,,,,,
2015-03-17,0.66,2.1,2.67,0.12,1.65,0.45,,,,
2015-03-18,0.7,2.06,2.61,0.12,1.64,0.42,,,,427105.0
2015-03-19,0.57,1.93,2.51,0.11,1.7,0.23,,,,
2015-03-20,0.63,1.98,2.54,0.12,1.79,0.19,,290000.0,,
2015-03-21,0.6,1.93,2.5,0.12,1.76,0.17,,,,
2015-03-22,,,,0.12,,,,,,
2015-03-23,,,,0.12,,,,,,
2015-03-24,0.6,1.92,2.51,0.12,1.75,0.17,,,,
2015-03-25,0.58,1.88,2.46,0.11,1.77,0.11,,,,
2015-03-26,0.59,1.93,2.5,0.12,1.81,0.12,,,,
2015-03-27,0.61,2.01,2.6,0.11,1.8,0.21,,284000.0,,
2015-03-28,0.58,1.95,2.53,0.12,1.76,0.19,,,,
2015-03-29,,,,0.12,,,,,,
2015-03-30,,,,0.12,,,,,,
2015-03-31,0.58,1.96,2.55,0.12,1.73,0.23,,,,
2015-04-01,0.56,1.94,2.54,0.06,1.76,0.18,,,,
2015-04-02,0.55,1.87,2.47,0.12,1.8,0.07,,,,
2015-04-03,0.55,1.92,2.53,0.12,1.81,0.11,,269000.0,,
2015-04-04,0.49,1.85,2.49,0.12,1.83,0.02,,,,
2015-04-05,,,,0.12,,,,,,
2015-04-06,,,,0.12,,,,,,
2015-04-07,0.51,1.92,2.57,0.13,1.85,0.07,,,,
2015-04-08,0.52,1.89,2.52,0.12,1.85,0.04,,,,
2015-04-09,0.54,1.92,2.53,0.12,1.84,0.08,,,,
2015-04-10,0.56,1.97,2.61,0.12,1.84,0.13,5.4,282000.0,140923.0,
2015-04-11,0.57,1.96,2.58,0.12,1.82,0.14,,,,
2015-04-12,,,,0.12,,,,,,
2015-04-13,,,,0.12,,,,,,
2015-04-14,0.54,1.94,2.58,0.13,1.8,0.14,,,,
2015-04-15,0.53,1.9,2.54,0.13,1.8,0.1,,,,433620.0
2015-04-16,0.51,1.91,2.55,0.13,1.84,0.07,,,,
2015-04-17,0.5,1.9,2.56,0.13,1.85,0.05,,298000.0,,
2015-04-18,0.51,1.87,2.51,0.13,1.89,-0.02,,,,
2015-04-19,,,,0.13,,,,,,
2015-04-20,,,,0.13,,,,,,
2015-04-21,0.55,1.9,2.56,0.13,1.89,0.01,,,,
2015-04-22,0.55,1.92,2.58,0.13,1.86,0.06,,,,
2015-04-23,0.57,1.99,2.66,0.13,1.87,0.12,,,,
2015-04-24,0.55,1.96,2.63,0.13,1.89,0.07,,295000.0,,
2015-04-25,0.54,1.93,2.62,0.13,1.89,0.04,,,,
2015-04-26,,,,0.13,,,,,,
2015-04-27,,,,0.13,,,,,,
2015-04-28,0.54,1.94,2.61,0.13,1.91,0.03,,,,
2015-04-29,0.56,2.0,2.68,0.13,1.89,0.11,,,,
2015-04-30,0.56,2.06,2.76,0.13,1.92,0.14,,,,
2015-05-01,0.58,2.05,2.75,0.08,1.94,0.11,,269000.0,,
2015-05-02,0.6,2.12,2.82,0.13,1.94,0.18,,,,
2015-05-03,,,,0.13,,,,,,
2015-05-04,,,,0.13,,,,,,
2015-05-05,0.6,2.16,2.88,0.13,1.92,0.24,,,,
2015-05-06,0.62,2.19,2.9,0.13,1.94,0.25,,,,
2015-05-07,0.65,2.25,2.98,0.13,1.91,0.34,,,,
2015-05-08,0.63,2.18,2.9,0.13,1.88,0.3,,267000.0,,
2015-05-09,0.59,2.16,2.9,0.13,1.88,0.28,,,,
2015-05-10,,,,0.13,,,,,,
2015-05-11,,,,0.13,,,5.4,,141196.0,
2015-05-12,0.62,2.28,3.03,0.13,1.88,0.4,,,,
2015-05-13,0.61,2.28,3.02,0.13,1.88,0.4,,,,
2015-05-14,0.59,2.27,3.07,0.13,1.86,0.41,,,,
2015-05-15,0.56,2.23,3.03,0.13,1.87,0.36,,271000.0,,
2015-05-16,0.55,2.14,2.93,0.13,1.83,0.31,,,,434514.0
2015-05-17,,,,0.13,,,,,,
2015-05-18,,,,0.13,,,,,,
2015-05-19,0.58,2.23,3.02,0.13,1.86,0.37,,,,
2015-05-20,0.63,2.27,3.05,0.12,1.85,0.42,,,,
2015-05-21,0.6,2.26,3.06,0.12,1.88,0.38,,,,
2015-05-22,0.6,2.19,2.98,0.12,1.84,0.35,,276000.0,,
2015-05-23,0.64,2.21,2.99,0.13,1.87,0.34,,,,
2015-05-24,,,,0.13,,,,,,
2015-05-25,,,,0.13,,,,,,
2015-05-26,,,,0.13,,,,,,
2015-05-27,0.64,2.14,2.89,0.12,1.82,0.32,,,,
2015-05-28,0.64,2.14,2.88,0.12,1.8,0.34,,,,
2015-05-29,0.62,2.13,2.89,0.12,1.8,0.33,,281000.0,,
2015-05-30,0.61,2.12,2.88,0.08,1.8,0.32,,,,
2015-05-31,,,,0.08,,,,,,
2015-06-01,,,,0.08,,,,,,
2015-06-02,0.64,2.19,2.94,0.12,1.8,0.39,,,,
2015-06-03,0.64,2.27,3.02,0.12,1.83,0.44,,,,
2015-06-04,0.69,2.38,3.11,0.13,1.83,0.55,,,,
2015-06-05,0.66,2.31,3.03,0.13,1.81,0.5,,275000.0,,
2015-06-06,0.73,2.41,3.11,0.13,1.86,0.55,,,,
2015-06-07,,,,0.13,,,,,,
2015-06-08,,,,0.13,,,,,,
2015-06-09,0.7,2.39,3.11,0.13,1.85,0.54,,,,
2015-06-10,0.72,2.42,3.15,0.13,1.86,0.56,5.6,,141538.0,
2015-06-11,0.75,2.5,3.22,0.13,1.87,0.63,,,,
2015-06-12,0.73,2.39,3.11,0.13,1.83,0.56,,278000.0,,
2015-06-13,0.74,2.39,3.1,0.13,1.84,0.55,,,,
2015-06-14,,,,0.13,,,,,,
2015-06-15,,,,0.13,,,,,,437866.0
2015-06-16,0.72,2.36,3.09,0.13,1.85,0.51,,,,
2015-06-17,0.71,2.32,3.06,0.14,1.88,0.44,,,,
2015-06-18,0.67,2.32,3.09,0.14,1.9,0.42,,,,
2015-06-19,0.66,2.35,3.14,0.14,1.89,0.46,,269000.0,,
2015-06-20,0.65,2.26,3.05,0.13,1.86,0.4,,,,
2015-06-21,,,,0.13,,,,,,
2015-06-22,,,,0.13,,,,,,
2015-06-23,0.68,2.37,3.16,0.13,1.9,0.47,,,,
2015-06-24,0.7,2.42,3.2,0.13,1.92,0.5,,,,
2015-06-25,0.68,2.38,3.16,0.13,1.9,0.48,,,,
2015-06-26,0.68,2.4,3.16,0.13,1.91,0.49,,273000.0,,
2015-06-27,0.72,2.49,3.25,0.13,1.92,0.57,,,,
2015-06-28,,,,0.13,,,,,,
2015-06-29,,,,0.13,,,,,,
2015-06-30,0.64,2.33,3.09,0.14,1.87,0.46,,,,
2015-07-01,0.64,2.35,3.11,0.08,1.87,0.48,,,,
2015-07-02,0.69,2.43,3.2,0.13,1.89,0.54,,,,
2015-07-03,0.64,2.4,3.19,0.13,1.91,0.49,,275000.0,,
2015-07-04,,,,0.13,,,,,,
2015-07-05,,,,0.13,,,,,,
2015-07-06,,,,0.13,,,,,,
2015-07-07,0.6,2.3,3.08,0.13,1.87,0.43,,,,
2015-07-08,0.58,2.27,3.04,0.13,1.87,0.4,,,,
2015-07-09,0.55,2.22,2.99,0.13,1.83,0.39,,,,
2015-07-10,0.6,2.32,3.11,0.13,1.85,0.47,,292000.0,,
2015-07-11,0.65,2.42,3.2,0.13,1.87,0.55,5.3,,141709.0,
2015-07-12,,,,0.13,,,,,,
2015-07-13,,,,0.13,,,,,,
2015-07-14,0.69,2.44,3.21,0.13,1.86,0.58,,,,
2015-07-15,0.66,2.41,3.2,0.13,1.85,0.56,,,,
2015-07-16,0.64,2.36,3.13,0.13,1.84,0.52,,,,437918.0
2015-07-17,0.67,2.36,3.11,0.14,1.84,0.52,,285000.0,,
2015-07-18,0.68,2.34,3.08,0.13,1.83,0.51,,,,
2015-07-19,,,,0.13,,,,,,
2015-07-20,,,,0.13,,,,,,
2015-07-21,0.71,2.38,3.1,0.14,1.82,0.56,,,,
2015-07-22,0.71,2.35,3.08,0.13,1.82,0.53,,,,
2015-07-23,0.75,2.33,3.04,0.13,1.8,0.53,,,,
2015-07-24,0.71,2.28,2.98,0.13,1.79,0.49,,265000.0,,
2015-07-25,0.7,2.27,2.96,0.13,1.76,0.51,,,,
2015-07-26,,,,0.13,,,,,,
2015-07-27,,,,0.13,,,,,,
2015-07-28,0.68,2.23,2.93,0.14,1.73,0.5,,,,
2015-07-29,0.69,2.26,2.96,0.14,1.75,0.51,,,,
2015-07-30,0.7,2.29,2.99,0.14,1.77,0.52,,,,
2015-07-31,0.72,2.28,2.96,0.14,1.77,0.51,,269000.0,,
2015-08-01,0.67,2.2,2.92,0.08,1.74,0.46,,,,
2015-08-02,,,,0.08,,,,,,
2015-08-03,,,,0.08,,,,,,
2015-08-04,0.68,2.16,2.86,0.14,1.7,0.46,,,,
2015-08-05,0.74,2.23,2.9,0.14,1.71,0.52,,,,
2015-08-06,0.73,2.28,2.94,0.14,1.7,0.58,,,,
2015-08-07,0.71,2.23,2.9,0.14,1.67,0.56,,270000.0,,
2015-08-08,0.73,2.18,2.83,0.14,1.66,0.52,,,,
2015-08-09,,,,0.14,,,,,,
2015-08-10,,,,0.14,,,5.2,,141991.0,
2015-08-11,0.73,2.24,2.89,0.14,1.69,0.55,,,,
2015-08-12,0.68,2.15,2.81,0.15,1.66,0.49,,,,
2015-08-13,0.67,2.14,2.84,0.15,1.62,0.52,,,,
2015-08-14,0.72,2.19,2.86,0.15,1.62,0.57,,274000.0,,
2015-08-15,0.73,2.2,2.84,0.14,1.62,0.58,,,,442012.0
2015-08-16,,,,0.14,,,,,,
2015-08-17,,,,0.14,,,,,,
2015-08-18,0.72,2.16,2.81,0.15,1.58,0.58,,,,
2015-08-19,0.74,2.2,2.87,0.15,1.58,0.62,,,,
2015-08-20,0.67,2.12,2.81,0.15,1.57,0.55,,,,
2015-08-21,0.69,2.09,2.76,0.15,1.56,0.53,,279000.0,,
2015-08-22,0.64,2.05,2.74,0.15,1.53,0.52,,,,
2015-08-23,,,,0.15,,,,,,
2015-08-24,,,,0.15,,,,,,
2015-08-25,0.59,2.01,2.73,0.15,1.49,0.52,,,,
2015-08-26,0.67,2.12,2.84,0.15,1.53,0.59,,,,
2015-08-27,0.67,2.18,2.94,0.14,1.53,0.65,,,,
2015-08-28,0.68,2.18,2.93,0.14,1.58,0.6,,274000.0,,
2015-08-29,0.72,2.19,2.92,0.14,1.61,0.58,,,,
2015-08-30,,,,0.14,,,,,,
2015-08-31,,,,0.14,,,,,,
2015-09-01,0.74,2.21,2.95,0.08,1.63,0.58,,,,
2015-09-02,0.7,2.17,2.93,0.14,1.57,0.6,,,,
2015-09-03,0.72,2.2,2.97,0.14,1.56,0.64,,,,
2015-09-04,0.71,2.18,2.95,0.14,1.54,0.64,,279000.0,,
2015-09-05,0.71,2.13,2.89,0.14,1.51,0.62,,,,
2015-09-06,,,,0.14,,,,,,
2015-09-07,,,,0.14,,,,,,
2015-09-08,,,,0.14,,,,,,
2015-09-09,0.74,2.2,2.97,0.14,1.53,0.67,,,,
2015-09-10,0.75,2.21,2.96,0.14,1.56,0.65,5.1,,142125.0,
2015-09-11,0.75,2.23,2.98,0.14,1.59,0.64,,273000.0,,
2015-09-12,0.71,2.2,2.95,0.14,1.59,0.61,,,,
2015-09-13,,,,0.14,,,,,,
2015-09-14,,,,0.14,,,,,,
2015-09-15,0.73,2.18,2.95,0.14,1.56,0.62,,,,441903.0
2015-09-16,0.82,2.28,3.06,0.14,1.56,0.72,,,,
2015-09-17,0.82,2.3,3.08,0.14,1.57,0.73,,,,
2015-09-18,0.7,2.21,3.02,0.14,1.58,0.63,,264000.0,,
2015-09-19,0.69,2.13,2.93,0.14,1.55,0.58,,,,
2015-09-20,,,,0.14,,,,,,
2015-09-21,,,,0.14,,,,,,
2015-09-22,0.72,2.2,3.02,0.14,1.54,0.66,,,,
2015-09-23,0.69,2.14,2.94,0.14,1.51,0.63,,,,
2015-09-24,0.7,2.16,2.95,0.14,1.52,0.64,,,,
2015-09-25,0.67,2.13,2.91,0.14,1.49,0.64,,269000.0,,
2015-09-26,0.7,2.17,2.96,0.13,1.46,0.71,,,,
2015-09-27,,,,0.13,,,,,,
2015-09-28,,,,0.13,,,,,,
2015-09-29,0.67,2.1,2.87,0.13,1.39,0.71,,,,
2015-09-30,0.64,2.05,2.85,0.13,1.39,0.66,,,,
2015-10-01,0.64,2.06,2.87,0.07,1.41,0.65,,,,
2015-10-02,0.64,2.05,2.85,0.13,1.46,0.59,,272000.0,,
2015-10-03,0.58,1.99,2.82,0.13,1.48,0.51,,,,
2015-10-04,,,,0.13,,,,,,
2015-10-05,,,,0.13,,,,,,
2015-10-06,0.61,2.07,2.9,0.13,1.51,0.56,,,,
2015-10-07,0.61,2.05,2.88,0.13,1.52,0.53,,,,
2015-10-08,0.65,2.08,2.89,0.13,1.55,0.53,,,,
2015-10-09,0.65,2.12,2.96,0.13,1.58,0.54,,267000.0,,
2015-10-10,0.65,2.12,2.94,0.13,1.54,0.58,,,,
2015-10-11,,,,0.13,,,5.0,,142275.0,
2015-10-12,,,,0.13,,,,,,
2015-10-13,,,,0.13,,,,,,
2015-10-14,0.64,2.06,2.89,0.13,1.52,0.54,,,,
2015-10-15,0.57,1.99,2.84,0.13,1.49,0.5,,,,
2015-10-16,0.61,2.04,2.87,0.13,1.5,0.54,,265000.0,,439795.0
2015-10-17,0.61,2.04,2.87,0.13,1.48,0.56,,,,
2015-10-18,,,,0.13,,,,,,
2015-10-19,,,,0.13,,,,,,
2015-10-20,0.61,2.04,2.89,0.13,1.45,0.59,,,,
2015-10-21,0.66,2.08,2.92,0.13,1.48,0.6,,,,
2015-10-22,0.64,2.04,2.87,0.13,1.45,0.59,,,,
2015-10-23,0.61,2.04,2.87,0.12,1.47,0.57,,264000.0,,
2015-10-24,0.66,2.09,2.9,0.12,1.51,0.58,,,,
2015-10-25,,,,0.12,,,,,,
2015-10-26,,,,0.12,,,,,,
2015-10-27,0.66,2.07,2.87,0.12,1.48,0.59,,,,
2015-10-28,0.65,2.05,2.86,0.12,1.48,0.57,,,,
2015-10-29,0.73,2.1,2.87,0.12,1.47,0.63,,,,
2015-10-30,0.75,2.19,2.96,0.12,1.52,0.67,,264000.0,,
2015-10-31,0.75,2.16,2.93,0.07,1.53,0.63,,,,
2015-11-01,,,,0.07,,,,,,
2015-11-02,,,,0.07,,,,,,
2015-11-03,0.77,2.2,2.95,0.12,1.55,0.65,,,,
2015-11-04,0.8,2.23,3.0,0.12,1.58,0.65,,,,
2015-11-05,0.84,2.25,3.0,0.12,1.57,0.68,,,,
2015-11-06,0.85,2.26,3.01,0.12,1.55,0.71,,275000.0,,
2015-11-07,0.9,2.34,3.09,0.12,1.59,0.75,,,,
2015-11-08,,,,0.12,,,,,,
2015-11-09,,,,0.12,,,,,,
2015-11-10,0.89,2.36,3.12,0.12,1.6,0.76,5.0,,142579.0,
2015-11-11,0.87,2.32,3.1,0.12,1.55,0.77,,,,
2015-11-12,,,,0.12,,,,,,
2015-11-13,0.89,2.32,3.09,0.12,1.54,0.78,,276000.0,,
2015-11-14,0.86,2.28,3.06,0.12,1.52,0.76,,,,
2015-11-15,,,,0.12,,,,,,438818.0
2015-11-16,,,,0.12,,,,,,
2015-11-17,0.88,2.27,3.07,0.13,1.51,0.76,,,,
2015-11-18,0.86,2.25,3.04,0.13,1.53,0.72,,,,
2015-11-19,0.9,2.27,3.04,0.12,1.56,0.71,,,,
2015-11-20,0.91,2.24,3.0,0.12,1.56,0.68,,272000.0,,
2015-11-21,0.93,2.26,3.02,0.12,1.6,0.66,,,,
2015-11-22,,,,0.12,,,,,,
2015-11-23,,,,0.12,,,,,,
2015-11-24,0.94,2.25,3.0,0.12,1.61,0.64,,,,
2015-11-25,0.93,2.24,3.0,0.12,1.62,0.62,,,,
2015-11-26,0.93,2.23,3.0,0.12,1.61,0.62,,,,
2015-11-27,,,,0.12,,,,261000.0,,
2015-11-28,0.92,2.22,3.0,0.12,1.6,0.62,,,,
2015-11-29,,,,0.12,,,,,,
2015-11-30,,,,0.12,,,,,,
2015-12-01,0.94,2.21,2.98,0.08,1.59,0.62,,,,
2015-12-02,0.91,2.15,2.91,0.13,1.57,0.58,,,,
2015-12-03,0.94,2.18,2.91,0.13,1.56,0.62,,,,
2015-12-04,0.96,2.33,3.07,0.13,1.61,0.72,,265000.0,,
2015-12-05,0.96,2.28,3.01,0.13,1.6,0.68,,,,
2015-12-06,,,,0.13,,,,,,
2015-12-07,,,,0.13,,,,,,
2015-12-08,0.94,2.23,2.95,0.13,1.56,0.67,,,,
2015-12-09,0.94,2.24,2.97,0.13,1.56,0.68,,,,
2015-12-10,0.93,2.22,2.97,0.14,1.53,0.69,,,,
2015-12-11,0.95,2.24,2.98,0.14,1.51,0.73,5.1,280000.0,142808.0,
2015-12-12,0.88,2.13,2.87,0.14,1.46,0.67,,,,
2015-12-13,,,,0.14,,,,,,
2015-12-14,,,,0.14,,,,,,
2015-12-15,0.97,2.23,2.96,0.15,1.45,0.78,,,,
2015-12-16,0.98,2.28,3.0,0.15,1.48,0.8,,,,440363.0
2015-12-17,1.02,2.3,3.02,0.15,1.46,0.84,,,,
2015-12-18,1.0,2.24,2.94,0.37,1.47,0.77,,268000.0,,
2015-12-19,0.97,2.19,2.9,0.37,1.46,0.73,,,,
2015-12-20,,,,0.37,,,,,,
2015-12-21,,,,0.37,,,,,,
2015-12-22,0.96,2.2,2.92,0.36,1.45,0.75,,,,
2015-12-23,0.99,2.24,2.96,0.36,1.46,0.78,,,,
2015-12-24,1.01,2.27,3.0,0.36,1.51,0.76,,,,
2015-12-25,1.03,2.25,2.96,0.36,1.52,0.73,,260000.0,,
2015-12-26,,,,0.36,,,,,,
2015-12-27,,,,0.36,,,,,,
2015-12-28,,,,0.36,,,,,,
2015-12-29,1.05,2.24,2.95,0.36,1.5,0.74,,,,
2015-12-30,1.09,2.32,3.04,0.36,1.53,0.79,,,,
2015-12-31,1.08,2.31,3.04,0.35,1.54,0.77,,,,
2016-01-01,1.06,2.27,3.01,0.2,1.54,0.73,,276000.0,,
2016-01-02,,,,0.2,,,,,,
2016-01-03,,,,0.2,,,,,,
2016-01-04,,,,0.2,,,,,,
2016-01-05,1.02,2.24,2.98,0.36,1.55,0.69,,,,
2016-01-06,1.04,2.25,3.01,0.36,1.56,0.69,,,,
2016-01-07,0.99,2.18,2.94,0.36,1.53,0.65,,,,
2016-01-08,0.96,2.16,2.92,0.36,1.5,0.66,,273000.0,,
2016-01-09,0.94,2.13,2.91,0.36,1.48,0.65,,,,
2016-01-10,,,,0.36,,,5.0,,143077.0,
2016-01-11,,,,0.36,,,,,,
2016-01-12,0.94,2.17,2.96,0.36,1.45,0.72,,,,
2016-01-13,0.93,2.12,2.89,0.36,1.43,0.69,,,,
2016-01-14,0.91,2.08,2.85,0.36,1.43,0.65,,,,
2016-01-15,0.9,2.1,2.9,0.36,1.43,0.67,,284000.0,,442155.0
2016-01-16,0.85,2.03,2.81,0.36,1.36,0.67,,,,
2016-01-17,,,,0.36,,,,,,
2016-01-18,,,,0.36,,,,,,
2016-01-19,,,,0.36,,,,,,
2016-01-20,0.88,2.06,2.82,0.36,1.38,0.68,,,,
2016-01-21,0.85,2.01,2.77,0.37,1.32,0.69,,,,
2016-01-22,0.84,2.02,2.79,0.37,1.28,0.74,,290000.0,,
2016-01-23,0.88,2.07,2.83,0.38,1.35,0.72,,,,
2016-01-24,,,,0.38,,,,,,
2016-01-25,,,,0.38,,,,,,
2016-01-26,0.88,2.03,2.8,0.38,1.34,0.69,,,,
2016-01-27,0.85,2.01,2.79,0.38,1.36,0.65,,,,
2016-01-28,0.84,2.02,2.8,0.38,1.4,0.62,,,,
2016-01-29,0.83,2.0,2.79,0.38,1.42,0.58,,269000.0,,
2016-01-30,0.76,1.94,2.75,0.29,1.41,0.53,,,,
2016-01-31,,,,0.29,,,,,,
2016-02-01,,,,0.29,,,,,,
2016-02-02,0.81,1.97,2.77,0.38,1.4,0.57,,,,
2016-02-03,0.75,1.87,2.67,0.38,1.36,0.51,,,,
2016-02-04,0.72,1.88,2.7,0.38,1.38,0.5,,,,
2016-02-05,0.7,1.87,2.7,0.38,1.36,0.51,,282000.0,,
2016-02-06,0.74,1.86,2.68,0.38,1.33,0.53,,,,
2016-02-07,,,,0.38,,,,,,
2016-02-08,,,,0.38,,,,,,
2016-02-09,0.66,1.75,2.56,0.38,1.23,0.52,,,,
2016-02-10,0.69,1.74,2.55,0.38,1.21,0.53,4.8,,143210.0,
2016-02-11,0.71,1.71,2.53,0.38,1.21,0.5,,,,
2016-02-12,0.64,1.63,2.5,0.38,1.18,0.45,,266000.0,,
2016-02-13,0.71,1.74,2.6,0.38,1.25,0.49,,,,
2016-02-14,,,,0.38,,,,,,
2016-02-15,,,,0.38,,,,,,439252.0
2016-02-16,,,,0.38,,,,,,
2016-02-17,0.74,1.78,2.64,0.38,1.25,0.53,,,,
2016-02-18,0.74,1.81,2.68,0.37,1.28,0.53,,,,
2016-02-19,0.71,1.75,2.62,0.38,1.24,0.51,,262000.0,,
2016-02-20,0.76,1.76,2.61,0.38,1.26,0.5,,,,
2016-02-21,,,,0.38,,,,,,
2016-02-22,,,,0.38,,,,,,
2016-02-23,0.78,1.77,2.62,0.38,1.31,0.46,,,,
2016-02-24,0.76,1.74,2.6,0.38,1.32,0.42,,,,
2016-02-25,0.75,1.75,2.61,0.38,1.36,0.39,,,,
2016-02-26,0.72,1.71,2.58,0.37,1.39,0.32,,270000.0,,
2016-02-27,0.8,1.76,2.63,0.37,1.41,0.35,,,,
2016-02-28,,,,0.37,,,,,,
2016-02-29,,,,0.37,,,,,,
2016-03-01,0.78,1.74,2.61,0.29,1.42,0.32,,,,
2016-03-02,0.85,1.83,2.7,0.36,1.48,0.35,,,,
2016-03-03,0.85,1.84,2.69,0.37,1.51,0.33,,,,
2016-03-04,0.85,1.83,2.65,0.37,1.53,0.3,,269000.0,,
2016-03-05,0.88,1.88,2.7,0.36,1.51,0.37,,,,
2016-03-06,,,,0.36,,,,,,
2016-03-07,,,,0.36,,,,,,
2016-03-08,0.91,1.91,2.71,0.36,1.48,0.43,,,,
2016-03-09,0.88,1.83,2.63,0.36,1.46,0.37,,,,
2016-03-10,0.9,1.9,2.68,0.36,1.51,0.39,,,,
2016-03-11,0.93,1.93,2.7,0.36,1.48,0.45,,255000.0,,
2016-03-12,0.97,1.98,2.75,0.36,1.54,0.44,4.9,,143406.0,
2016-03-13,,,,0.36,,,,,,
2016-03-14,,,,0.36,,,,,,
2016-03-15,0.97,1.97,2.74,0.36,1.52,0.45,,,,
2016-03-16,0.98,1.97,2.73,0.37,1.5,0.47,,,,
2016-03-17,0.87,1.94,2.73,0.37,1.58,0.36,,,,443208.0
2016-03-18,0.87,1.91,2.69,0.37,1.57,0.34,,263000.0,,
2016-03-19,0.84,1.88,2.68,0.37,1.61,0.27,,,,
2016-03-20,,,,0.37,,,,,,
2016-03-21,,,,0.37,,,,,,
2016-03-22,0.87,1.92,2.72,0.37,1.64,0.28,,,,
2016-03-23,0.91,1.94,2.72,0.37,1.63,0.31,,,,
2016-03-24,0.87,1.88,2.65,0.37,1.58,0.3,,,,
2016-03-25,0.89,1.91,2.67,0.37,1.57,0.34,,264000.0,,
2016-03-26,,,,0.37,,,,,,
2016-03-27,,,,0.37,,,,,,
2016-03-28,,,,0.37,,,,,,
2016-03-29,0.89,1.89,2.66,0.37,1.56,0.33,,,,
2016-03-30,0.78,1.81,2.6,0.37,1.61,0.2,,,,
2016-03-31,0.76,1.83,2.65,0.37,1.65,0.18,,,,
2016-04-01,0.73,1.78,2.61,0.25,1.62,0.16,,271000.0,,
2016-04-02,0.76,1.79,2.62,0.37,1.62,0.17,,,,
2016-04-03,,,,0.37,,,,,,
2016-04-04,,,,0.37,,,,,,
2016-04-05,0.75,1.78,2.6,0.37,1.64,0.14,,,,
2016-04-06,0.72,1.73,2.54,0.37,1.59,0.14,,,,
2016-04-07,0.73,1.76,2.58,0.37,1.59,0.17,,,,
2016-04-08,0.7,1.7,2.52,0.37,1.58,0.12,,273000.0,,
2016-04-09,0.7,1.72,2.55,0.37,1.58,0.14,,,,
2016-04-10,,,,0.37,,,5.0,,143662.0,
2016-04-11,,,,0.37,,,,,,
2016-04-12,0.7,1.73,2.56,0.37,1.56,0.17,,,,
2016-04-13,0.74,1.79,2.61,0.37,1.57,0.22,,,,
2016-04-14,0.75,1.77,2.58,0.37,1.56,0.21,,,,
2016-04-15,0.77,1.8,2.61,0.37,1.56,0.24,,263000.0,,441814.0
2016-04-16,0.74,1.76,2.56,0.37,1.56,0.2,,,,
2016-04-17,,,,0.37,,,,,,
2016-04-18,,,,0.37,,,,,,
2016-04-19,0.75,1.78,2.58,0.37,1.57,0.21,,,,
2016-04-20,0.77,1.79,2.6,0.37,1.6,0.19,,,,
2016-04-21,0.8,1.85,2.66,0.37,1.62,0.23,,,,
2016-04-22,0.82,1.88,2.69,0.37,1.64,0.24,,257000.0,,
2016-04-23,0.84,1.89,2.7,0.37,1.64,0.25,,,,
2016-04-24,,,,0.37,,,,,,
2016-04-25,,,,0.37,,,,,,
2016-04-26,0.85,1.91,2.72,0.37,1.65,0.26,,,,
2016-04-27,0.86,1.94,2.76,0.37,1.67,0.27,,,,
2016-04-28,0.83,1.87,2.71,0.37,1.68,0.19,,,,
2016-04-29,0.78,1.84,2.68,0.37,1.72,0.12,,259000.0,,
2016-04-30,0.77,1.83,2.66,0.3,1.71,0.12,,,,
2016-05-01,,,,0.3,,,,,,
2016-05-02,,,,0.3,,,,,,
2016-05-03,0.8,1.88,2.71,0.37,1.68,0.2,,,,
2016-05-04,0.75,1.81,2.66,0.37,1.64,0.17,,,,
2016-05-05,0.75,1.79,2.64,0.37,1.63,0.16,,,,
2016-05-06,0.72,1.76,2.6,0.37,1.63,0.13,,278000.0,,
2016-05-07,0.74,1.79,2.62,0.37,1.61,0.18,,,,
2016-05-08,,,,0.37,,,,,,
2016-05-09,,,,0.37,,,,,,
2016-05-10,0.72,1.77,2.61,0.37,1.59,0.18,,,,
2016-05-11,0.72,1.77,2.61,0.37,1.62,0.15,5.1,,143854.0,
2016-05-12,0.74,1.73,2.58,0.37,1.59,0.14,,,,
2016-05-13,0.76,1.75,2.6,0.37,1.6,0.15,,289000.0,,
2016-05-14,0.76,1.71,2.55,0.37,1.58,0.13,,,,
2016-05-15,,,,0.37,,,,,,
2016-05-16,,,,0.37,,,,,,444233.0
2016-05-17,0.79,1.75,2.59,0.37,1.6,0.15,,,,
2016-05-18,0.82,1.76,2.59,0.37,1.61,0.15,,,,
2016-05-19,0.9,1.87,2.67,0.37,1.61,0.26,,,,
2016-05-20,0.89,1.85,2.64,0.37,1.56,0.29,,279000.0,,
2016-05-21,0.89,1.85,2.63,0.37,1.56,0.29,,,,
2016-05-22,,,,0.37,,,,,,
2016-05-23,,,,0.37,,,,,,
2016-05-24,0.91,1.84,2.63,0.37,1.54,0.3,,,,
2016-05-25,0.92,1.86,2.65,0.37,1.55,0.31,,,,
2016-05-26,0.92,1.87,2.67,0.37,1.58,0.29,,,,
2016-05-27,0.87,1.83,2.64,0.37,1.58,0.25,,267000.0,,
2016-05-28,0.9,1.85,2.65,0.37,1.58,0.27,,,,
2016-05-29,,,,0.37,,,,,,
2016-05-30,,,,0.37,,,,,,
2016-05-31,,,,0.37,,,,,,
2016-06-01,0.87,1.84,2.64,0.29,1.54,0.3,,,,
2016-06-02,0.91,1.85,2.63,0.37,1.54,0.31,,,,
2016-06-03,0.89,1.81,2.58,0.37,1.54,0.27,,263000.0,,
2016-06-04,0.78,1.71,2.52,0.37,1.52,0.19,,,,
2016-06-05,,,,0.37,,,,,,
2016-06-06,,,,0.37,,,,,,
2016-06-07,0.8,1.73,2.55,0.37,1.54,0.19,,,,
2016-06-08,0.78,1.72,2.54,0.37,1.57,0.15,,,,
2016-06-09,0.78,1.71,2.51,0.37,1.59,0.12,,,,
2016-06-10,0.77,1.68,2.48,0.37,1.56,0.12,4.8,265000.0,143900.0,
2016-06-11,0.73,1.64,2.44,0.37,1.52,0.12,,,,
2016-06-12,,,,0.37,,,,,,
2016-06-13,,,,0.37,,,,,,
2016-06-14,0.73,1.62,2.43,0.37,1.47,0.15,,,,
2016-06-15,0.74,1.62,2.43,0.37,1.45,0.17,,,,445441.0
2016-06-16,0.69,1.6,2.43,0.37,1.47,0.13,,,,
2016-06-17,0.7,1.57,2.39,0.38,1.42,0.15,,273000.0,,
2016-06-18,0.7,1.62,2.43,0.38,1.42,0.2,,,,
2016-06-19,,,,0.38,,,,,,
2016-06-20,,,,0.38,,,,,,
2016-06-21,0.74,1.67,2.47,0.38,1.43,0.24,,,,
2016-06-22,0.76,1.71,2.5,0.38,1.43,0.28,,,,
2016-06-23,0.75,1.69,2.5,0.38,1.44,0.25,,,,
2016-06-24,0.78,1.74,2.55,0.39,1.5,0.24,,261000.0,,
2016-06-25,0.64,1.57,2.42,0.4,1.42,0.15,,,,
2016-06-26,,,,0.4,,,,,,
2016-06-27,,,,0.4,,,,,,
2016-06-28,0.61,1.46,2.28,0.41,1.34,0.12,,,,
2016-06-29,0.61,1.46,2.27,0.41,1.37,0.09,,,,
2016-06-30,0.62,1.5,2.3,0.41,1.4,0.1,,,,
2016-07-01,0.58,1.49,2.3,0.3,1.4,0.09,,262000.0,,
2016-07-02,0.59,1.46,2.24,0.41,1.43,0.03,,,,
2016-07-03,,,,0.41,,,,,,
2016-07-04,,,,0.41,,,,,,
2016-07-05,,,,0.41,,,,,,
2016-07-06,0.56,1.37,2.14,0.4,1.4,-0.03,,,,
2016-07-07,0.58,1.38,2.14,0.4,1.43,-0.05,,,,
2016-07-08,0.58,1.4,2.14,0.4,1.43,-0.03,,255000.0,,
2016-07-09,0.61,1.37,2.11,0.4,1.43,-0.06,,,,
2016-07-10,,,,0.4,,,,,,
2016-07-11,,,,0.4,,,4.9,,144147.0,
2016-07-12,0.66,1.43,2.14,0.4,1.42,0.01,,,,
2016-07-13,0.69,1.53,2.24,0.4,1.46,0.07,,,,
2016-07-14,0.68,1.48,2.18,0.4,1.45,0.03,,,,
2016-07-15,0.68,1.53,2.25,0.4,1.45,0.08,,252000.0,,
2016-07-16,0.71,1.6,2.3,0.4,1.49,0.11,,,,450407.0
2016-07-17,,,,0.4,,,,,,
2016-07-18,,,,0.4,,,,,,
2016-07-19,0.68,1.59,2.3,0.4,1.49,0.1,,,,
2016-07-20,0.7,1.56,2.27,0.4,1.44,0.12,,,,
2016-07-21,0.73,1.59,2.3,0.4,1.46,0.13,,,,
2016-07-22,0.7,1.57,2.29,0.4,1.52,0.05,,260000.0,,
2016-07-23,0.71,1.57,2.29,0.4,1.51,0.06,,,,
2016-07-24,,,,0.4,,,,,,
2016-07-25,,,,0.4,,,,,,
2016-07-26,0.72,1.58,2.29,0.4,1.5,0.08,,,,
2016-07-27,0.75,1.57,2.28,0.4,1.5,0.07,,,,
2016-07-28,0.73,1.52,2.23,0.4,1.49,0.03,,,,
2016-07-29,0.72,1.52,2.23,0.4,1.52,0.0,,264000.0,,
2016-07-30,0.67,1.46,2.18,0.3,1.49,-0.03,,,,
2016-07-31,,,,0.3,,,,,,
2016-08-01,,,,0.3,,,,,,
2016-08-02,0.67,1.51,2.24,0.4,1.46,0.05,,,,
2016-08-03,0.67,1.55,2.29,0.4,1.44,0.11,,,,
2016-08-04,0.67,1.55,2.29,0.4,1.46,0.09,,,,
2016-08-05,0.64,1.51,2.25,0.4,1.47,0.04,,266000.0,,
2016-08-06,0.72,1.59,2.32,0.4,1.5,0.09,,,,
2016-08-07,,,,0.4,,,,,,
2016-08-08,,,,0.4,,,,,,
2016-08-09,0.74,1.59,2.3,0.4,1.51,0.08,,,,
2016-08-10,0.71,1.55,2.25,0.4,1.49,0.06,4.8,,144520.0,
2016-08-11,0.69,1.5,2.23,0.4,1.44,0.06,,,,
2016-08-12,0.76,1.57,2.28,0.4,1.47,0.1,,265000.0,,
2016-08-13,0.71,1.51,2.23,0.4,1.44,0.07,,,,
2016-08-14,,,,0.4,,,,,,
2016-08-15,,,,0.4,,,,,,449745.0
2016-08-16,0.72,1.55,2.27,0.4,1.45,0.1,,,,
2016-08-17,0.76,1.57,2.29,0.4,1.44,0.13,,,,
2016-08-18,0.74,1.56,2.27,0.4,1.47,0.09,,,,
2016-08-19,0.71,1.53,2.26,0.4,1.47,0.06,,264000.0,,
2016-08-20,0.76,1.58,2.29,0.4,1.48,0.1,,,,
2016-08-21,,,,0.4,,,,,,
2016-08-22,,,,0.4,,,,,,
2016-08-23,0.76,1.55,2.24,0.4,1.47,0.08,,,,
2016-08-24,0.74,1.55,2.24,0.4,1.48,0.07,,,,
2016-08-25,0.76,1.56,2.24,0.4,1.48,0.08,,,,
2016-08-26,0.78,1.58,2.27,0.4,1.49,0.09,,264000.0,,
2016-08-27,0.84,1.62,2.29,0.4,1.47,0.15,,,,
2016-08-28,,,,0.4,,,,,,
2016-08-29,,,,0.4,,,,,,
2016-08-30,0.81,1.57,2.22,0.4,1.46,0.11,,,,
2016-08-31,0.8,1.57,2.23,0.4,1.46,0.11,,,,
2016-09-01,0.8,1.58,2.23,0.3,1.47,0.11,,,,
2016-09-02,0.78,1.57,2.23,0.4,1.45,0.12,,261000.0,,
2016-09-03,0.8,1.6,2.28,0.4,1.47,0.13,,,,
2016-09-04,,,,0.4,,,,,,
2016-09-05,,,,0.4,,,,,,
2016-09-06,,,,0.4,,,,,,
2016-09-07,0.74,1.55,2.24,0.4,1.49,0.06,,,,
2016-09-08,0.74,1.54,2.23,0.4,1.51,0.03,,,,
2016-09-09,0.78,1.61,2.32,0.4,1.52,0.09,,257000.0,,
2016-09-10,0.79,1.67,2.39,0.4,1.5,0.17,4.9,,144661.0,
2016-09-11,,,,0.4,,,,,,
2016-09-12,,,,0.4,,,,,,
2016-09-13,0.79,1.68,2.4,0.4,1.51,0.17,,,,
2016-09-14,0.8,1.73,2.47,0.4,1.49,0.24,,,,
2016-09-15,0.77,1.7,2.44,0.4,1.49,0.21,,,,449923.0
2016-09-16,0.74,1.71,2.48,0.4,1.49,0.22,,252000.0,,
2016-09-17,0.77,1.7,2.44,0.4,1.51,0.19,,,,
2016-09-18,,,,0.4,,,,,,
2016-09-19,,,,0.4,,,,,,
2016-09-20,0.79,1.7,2.45,0.4,1.5,0.2,,,,
2016-09-21,0.79,1.69,2.43,0.4,1.49,0.2,,,,
2016-09-22,0.79,1.66,2.39,0.4,1.51,0.15,,,,
2016-09-23,0.79,1.63,2.34,0.4,1.55,0.08,,250000.0,,
2016-09-24,0.77,1.62,2.34,0.4,1.57,0.05,,,,
2016-09-25,,,,0.4,,,,,,
2016-09-26,,,,0.4,,,,,,
2016-09-27,0.76,1.59,2.32,0.4,1.54,0.05,,,,
2016-09-28,0.75,1.56,2.28,0.4,1.52,0.04,,,,
2016-09-29,0.75,1.57,2.29,0.4,1.56,0.01,,,,
2016-09-30,0.73,1.56,2.28,0.4,1.54,0.02,,247000.0,,
2016-10-01,0.77,1.6,2.32,0.29,1.6,0.0,,,,
2016-10-02,,,,0.29,,,,,,
2016-10-03,,,,0.29,,,,,,
2016-10-04,0.8,1.63,2.34,0.4,1.63,0.0,,,,
2016-10-05,0.82,1.69,2.4,0.4,1.62,0.07,,,,
2016-10-06,0.85,1.72,2.44,0.4,1.62,0.1,,,,
2016-10-07,0.86,1.75,2.46,0.4,1.64,0.11,,245000.0,,
2016-10-08,0.83,1.73,2.46,0.4,1.63,0.1,,,,
2016-10-09,,,,0.4,,,,,,
2016-10-10,,,,0.4,,,,,,
2016-10-11,,,,0.4,,,5.0,,144967.0,
2016-10-12,0.87,1.77,2.5,0.41,1.64,0.13,,,,
2016-10-13,0.87,1.79,2.51,0.41,1.64,0.15,,,,
2016-10-14,0.85,1.75,2.48,0.41,1.63,0.12,,250000.0,,
2016-10-15,0.84,1.8,2.55,0.41,1.67,0.13,,,,
2016-10-16,,,,0.41,,,,,,453210.0
2016-10-17,,,,0.41,,,,,,
2016-10-18,0.81,1.77,2.52,0.41,1.68,0.09,,,,
2016-10-19,0.82,1.75,2.51,0.41,1.66,0.09,,,,
2016-10-20,0.81,1.76,2.51,0.41,1.68,0.08,,,,
2016-10-21,0.84,1.76,2.5,0.41,1.68,0.08,,263000.0,,
2016-10-22,0.84,1.74,2.48,0.41,1.67,0.07,,,,
2016-10-23,,,,0.41,,,,,,
2016-10-24,,,,0.41,,,,,,
2016-10-25,0.84,1.77,2.52,0.41,1.66,0.11,,,,
2016-10-26,0.86,1.77,2.5,0.41,1.7,0.07,,,,
2016-10-27,0.86,1.79,2.53,0.41,1.71,0.08,,,,
2016-10-28,0.87,1.85,2.6,0.41,1.72,0.13,,256000.0,,
2016-10-29,0.86,1.86,2.62,0.41,1.73,0.13,,,,
2016-10-30,,,,0.41,,,,,,
2016-10-31,,,,0.41,,,,,,
2016-11-01,0.86,1.84,2.58,0.31,1.73,0.11,,,,
2016-11-02,0.83,1.83,2.58,0.41,1.72,0.11,,,,
2016-11-03,0.81,1.81,2.56,0.41,1.7,0.11,,,,
2016-11-04,0.81,1.82,2.6,0.41,1.68,0.14,,265000.0,,
2016-11-05,0.8,1.79,2.56,0.41,1.68,0.11,,,,
2016-11-06,,,,0.41,,,,,,
2016-11-07,,,,0.41,,,,,,
2016-11-08,0.82,1.83,2.6,0.41,1.71,0.12,,,,
2016-11-09,0.87,1.88,2.63,0.41,1.73,0.15,,,,
2016-11-10,0.9,2.07,2.88,0.41,1.82,0.25,4.9,,145065.0,
2016-11-11,0.92,2.15,2.94,0.41,1.88,0.27,,250000.0,,
2016-11-12,,,,0.41,,,,,,
2016-11-13,,,,0.41,,,,,,
2016-11-14,,,,0.41,,,,,,
2016-11-15,1.0,2.23,2.99,0.41,1.83,0.4,,,,453910.0
2016-11-16,1.02,2.23,2.97,0.41,1.82,0.41,,,,
2016-11-17,1.0,2.22,2.92,0.41,1.83,0.39,,,,
2016-11-18,1.04,2.29,3.01,0.41,1.87,0.42,,232000.0,,
2016-11-19,1.07,2.34,3.01,0.41,1.9,0.44,,,,
2016-11-20,,,,0.41,,,,,,
2016-11-21,,,,0.41,,,,,,
2016-11-22,1.08,2.33,3.0,0.41,1.91,0.42,,,,
2016-11-23,1.07,2.31,3.0,0.41,1.9,0.41,,,,
2016-11-24,1.12,2.36,3.02,0.41,1.92,0.44,,,,
2016-11-25,,,,0.41,,,,246000.0,,
2016-11-26,1.12,2.36,3.01,0.41,1.89,0.47,,,,
2016-11-27,,,,0.41,,,,,,
2016-11-28,,,,0.41,,,,,,
2016-11-29,1.11,2.32,2.99,0.41,1.85,0.47,,,,
2016-11-30,1.09,2.3,2.95,0.41,1.86,0.44,,,,
2016-12-01,1.11,2.37,3.02,0.31,1.94,0.43,,,,
2016-12-02,1.14,2.45,3.1,0.41,1.97,0.48,,255000.0,,
2016-12-03,1.11,2.4,3.08,0.41,1.91,0.49,,,,
2016-12-04,,,,0.41,,,,,,
2016-12-05,,,,0.41,,,,,,
2016-12-06,1.13,2.39,3.05,0.41,1.94,0.45,,,,
2016-12-07,1.12,2.39,3.08,0.41,1.95,0.44,,,,
2016-12-08,1.1,2.34,3.02,0.41,1.92,0.42,,,,
2016-12-09,1.12,2.4,3.1,0.41,1.95,0.45,,248000.0,,
2016-12-10,1.15,2.47,3.16,0.41,1.96,0.51,,,,
2016-12-11,,,,0.41,,,4.7,,145183.0,
2016-12-12,,,,0.41,,,,,,
2016-12-13,1.15,2.49,3.16,0.41,1.98,0.51,,,,
2016-12-14,1.17,2.48,3.14,0.41,1.95,0.53,,,,
2016-12-15,1.27,2.54,3.14,0.41,1.94,0.6,,,,
2016-12-16,1.29,2.6,3.16,0.66,1.9,0.7,,252000.0,,453727.0
2016-12-17,1.28,2.6,3.19,0.66,1.86,0.74,,,,
2016-12-18,,,,0.66,,,,,,
2016-12-19,,,,0.66,,,,,,
2016-12-20,1.24,2.54,3.12,0.66,1.86,0.68,,,,
2016-12-21,1.25,2.57,3.15,0.66,1.9,0.67,,,,
2016-12-22,1.21,2.55,3.12,0.66,1.91,0.64,,,,
2016-12-23,1.22,2.55,3.12,0.66,1.95,0.6,,260000.0,,
2016-12-24,1.22,2.55,3.12,0.66,1.97,0.58,,,,
2016-12-25,,,,0.66,,,,,,
2016-12-26,,,,0.66,,,,,,
2016-12-27,,,,0.66,,,,,,
2016-12-28,1.28,2.57,3.14,0.66,1.99,0.58,,,,
2016-12-29,1.26,2.51,3.09,0.66,1.95,0.56,,,,
2016-12-30,1.22,2.49,3.08,0.66,1.94,0.55,,257000.0,,
2016-12-31,1.2,2.45,3.06,0.55,1.95,0.5,,,,
2017-01-01,,,,0.55,,,,,,
2017-01-02,,,,0.55,,,,,,
2017-01-03,,,,0.55,,,,,,
2017-01-04,1.22,2.45,3.04,0.66,1.98,0.47,,,,
2017-01-05,1.24,2.46,3.05,0.66,1.99,0.47,,,,
2017-01-06,1.17,2.37,2.96,0.66,1.95,0.42,,244000.0,,
2017-01-07,1.22,2.42,3.0,0.66,1.96,0.46,,,,
2017-01-08,,,,0.66,,,,,,
2017-01-09,,,,0.66,,,,,,
2017-01-10,1.21,2.38,2.97,0.66,1.95,0.43,4.7,,145408.0,
2017-01-11,1.19,2.38,2.97,0.66,1.95,0.43,,,,
2017-01-12,1.2,2.38,2.96,0.66,1.99,0.39,,,,
2017-01-13,1.18,2.36,3.01,0.66,1.98,0.38,,245000.0,,
2017-01-14,1.21,2.4,2.99,0.66,1.99,0.41,,,,
2017-01-15,,,,0.66,,,,,,459605.0
2017-01-16,,,,0.66,,,,,,
2017-01-17,,,,0.66,,,,,,
2017-01-18,1.17,2.33,2.93,0.66,1.97,0.36,,,,
2017-01-19,1.23,2.42,3.0,0.66,2.0,0.42,,,,
2017-01-20,1.25,2.47,3.04,0.66,2.04,0.43,,240000.0,,
2017-01-21,1.2,2.48,3.05,0.66,2.04,0.44,,,,
2017-01-22,,,,0.66,,,,,,
2017-01-23,,,,0.66,,,,,,
2017-01-24,1.16,2.41,2.99,0.66,2.02,0.39,,,,
2017-01-25,1.21,2.47,3.05,0.66,2.06,0.41,,,,
2017-01-26,1.23,2.53,3.1,0.66,2.08,0.45,,,,
2017-01-27,1.21,2.51,3.08,0.66,2.08,0.43,,250000.0,,
2017-01-28,1.22,2.49,3.06,0.66,2.08,0.41,,,,
2017-01-29,,,,0.66,,,,,,
2017-01-30,,,,0.66,,,,,,
2017-01-31,1.22,2.49,3.08,0.66,2.07,0.42,,,,
2017-02-01,1.19,2.45,3.05,0.56,2.05,0.4,,,,
2017-02-02,1.22,2.48,3.08,0.66,2.05,0.43,,,,
2017-02-03,1.21,2.48,3.09,0.66,2.05,0.43,,241000.0,,
2017-02-04,1.21,2.49,3.11,0.66,2.05,0.44,,,,
2017-02-05,,,,0.66,,,,,,
2017-02-06,,,,0.66,,,,,,
2017-02-07,1.16,2.42,3.05,0.66,2.02,0.4,,,,
2017-02-08,1.16,2.4,3.02,0.66,2.0,0.4,,,,
2017-02-09,1.15,2.34,2.96,0.66,1.96,0.38,,,,
2017-02-10,1.2,2.4,3.02,0.66,1.99,0.41,4.7,230000.0,145628.0,
2017-02-11,1.2,2.41,3.01,0.66,2.01,0.4,,,,
2017-02-12,,,,0.66,,,,,,
2017-02-13,,,,0.66,,,,,,
2017-02-14,1.2,2.43,3.03,0.66,2.0,0.43,,,,
2017-02-15,1.25,2.47,3.07,0.66,2.01,0.46,,,,464228.0
2017-02-16,1.27,2.51,3.09,0.66,2.06,0.45,,,,
2017-02-17,1.22,2.45,3.05,0.66,2.02,0.43,,233000.0,,
2017-02-18,1.21,2.42,3.03,0.66,2.01,0.41,,,,
2017-02-19,,,,0.66,,,,,,
2017-02-20,,,,0.66,,,,,,
2017-02-21,,,,0.66,,,,,,
2017-02-22,1.22,2.43,3.04,0.66,2.03,0.4,,,,
2017-02-23,1.22,2.42,3.04,0.66,2.04,0.38,,,,
2017-02-24,1.18,2.38,3.02,0.66,2.03,0.35,,237000.0,,
2017-02-25,1.12,2.31,2.95,0.66,2.0,0.31,,,,
2017-02-26,,,,0.66,,,,,,
2017-02-27,,,,0.66,,,,,,
2017-02-28,1.2,2.36,2.98,0.66,2.01,0.35,,,,
2017-03-01,1.22,2.36,2.97,0.57,2.02,0.34,,,,
2017-03-02,1.29,2.46,3.06,0.66,2.03,0.43,,,,
2017-03-03,1.32,2.49,3.09,0.66,2.01,0.48,,221000.0,,
2017-03-04,1.32,2.49,3.08,0.66,2.04,0.45,,,,
2017-03-05,,,,0.66,,,,,,
2017-03-06,,,,0.66,,,,,,
2017-03-07,1.31,2.49,3.1,0.66,2.01,0.48,,,,
2017-03-08,1.32,2.52,3.11,0.66,2.03,0.49,,,,
2017-03-09,1.36,2.57,3.15,0.66,2.01,0.56,,,,
2017-03-10,1.37,2.6,3.19,0.66,2.0,0.6,,236000.0,,
2017-03-11,1.36,2.58,3.16,0.66,2.01,0.57,,,,
2017-03-12,,,,0.66,,,,,,
2017-03-13,,,,0.66,,,4.6,,145846.0,
2017-03-14,1.4,2.62,3.2,0.66,2.01,0.61,,,,
2017-03-15,1.4,2.6,3.17,0.66,1.99,0.61,,,,
2017-03-16,1.33,2.51,3.11,0.66,2.01,0.5,,,,
2017-03-17,1.35,2.53,3.14,0.91,2.02,0.51,,228000.0,,
2017-03-18,1.33,2.5,3.11,0.91,2.01,0.49,,,,464309.0
2017-03-19,,,,0.91,,,,,,
2017-03-20,,,,0.91,,,,,,
2017-03-21,1.3,2.47,3.08,0.91,2.0,0.47,,,,
2017-03-22,1.27,2.43,3.04,0.91,1.98,0.45,,,,
2017-03-23,1.27,2.4,3.02,0.91,1.97,0.43,,,,
2017-03-24,1.26,2.41,3.02,0.91,1.95,0.46,,235000.0,,
2017-03-25,1.26,2.4,3.0,0.91,1.98,0.42,,,,
2017-03-26,,,,0.91,,,,,,
2017-03-27,,,,0.91,,,,,,
2017-03-28,1.27,2.38,2.98,0.91,1.97,0.41,,,,
2017-03-29,1.3,2.42,3.02,0.91,1.97,0.45,,,,
2017-03-30,1.26,2.39,2.99,0.91,1.98,0.41,,,,
2017-03-31,1.28,2.42,3.03,0.91,1.96,0.46,,236000.0,,
2017-04-01,1.27,2.4,3.02,0.82,1.97,0.43,,,,
2017-04-02,,,,0.82,,,,,,
2017-04-03,,,,0.82,,,,,,
2017-04-04,1.24,2.35,2.98,0.91,1.96,0.39,,,,
2017-04-05,1.25,2.36,2.99,0.91,1.96,0.4,,,,
2017-04-06,1.24,2.34,2.98,0.91,1.97,0.37,,,,
2017-04-07,1.24,2.34,2.99,0.91,1.95,0.39,,216000.0,,
2017-04-08,1.29,2.38,3.0,0.91,1.94,0.44,,,,
2017-04-09,,,,0.91,,,,,,
2017-04-10,,,,0.91,,,4.4,,145970.0,
2017-04-11,1.29,2.37,2.99,0.91,1.93,0.44,,,,
2017-04-12,1.24,2.32,2.93,0.91,1.91,0.41,,,,
2017-04-13,1.24,2.28,2.92,0.91,1.9,0.38,,,,
2017-04-14,1.21,2.24,2.89,0.91,1.92,0.32,,222000.0,,
2017-04-15,,,,0.91,,,,,,463589.0
2017-04-16,,,,0.91,,,,,,
2017-04-17,,,,0.91,,,,,,
2017-04-18,1.21,2.26,2.92,0.91,1.88,0.38,,,,
2017-04-19,1.18,2.18,2.84,0.91,1.85,0.33,,,,
2017-04-20,1.19,2.21,2.87,0.91,1.85,0.36,,,,
2017-04-21,1.21,2.24,2.89,0.91,1.85,0.39,,231000.0,,
2017-04-22,1.2,2.24,2.89,0.91,1.84,0.4,,,,
2017-04-23,,,,0.91,,,,,,
2017-04-24,,,,0.91,,,,,,
2017-04-25,1.25,2.28,2.93,0.91,1.87,0.41,,,,
2017-04-26,1.29,2.35,2.99,0.91,1.91,0.44,,,,
2017-04-27,1.28,2.32,2.97,0.91,1.9,0.42,,,,
2017-04-28,1.25,2.3,2.96,0.91,1.91,0.39,,238000.0,,
2017-04-29,1.28,2.29,2.96,0.83,1.92,0.37,,,,
2017-04-30,,,,0.83,,,,,,
2017-05-01,,,,0.83,,,,,,
2017-05-02,1.28,2.33,3.0,0.91,1.92,0.41,,,,
2017-05-03,1.27,2.29,2.97,0.91,1.88,0.41,,,,
2017-05-04,1.3,2.33,2.97,0.91,1.87,0.46,,,,
2017-05-05,1.32,2.36,3.0,0.91,1.86,0.5,,232000.0,,
2017-05-06,1.32,2.36,2.99,0.91,1.86,0.5,,,,
2017-05-07,,,,0.91,,,,,,
2017-05-08,,,,0.91,,,,,,
2017-05-09,1.33,2.39,3.02,0.91,1.86,0.53,,,,
2017-05-10,1.37,2.42,3.04,0.91,1.86,0.56,,,,
2017-05-11,1.35,2.41,3.03,0.91,1.85,0.56,4.4,,146175.0,
2017-05-12,1.35,2.39,3.03,0.91,1.88,0.51,,233000.0,,
2017-05-13,1.29,2.33,2.98,0.91,1.84,0.49,,,,
2017-05-14,,,,0.91,,,,,,
2017-05-15,,,,0.91,,,,,,
2017-05-16,1.31,2.34,3.0,0.91,1.82,0.52,,,,465260.0
2017-05-17,1.29,2.33,2.99,0.91,1.82,0.51,,,,
2017-05-18,1.26,2.22,2.91,0.91,1.78,0.44,,,,
2017-05-19,1.27,2.23,2.9,0.91,1.8,0.43,,234000.0,,
2017-05-20,1.28,2.23,2.9,0.91,1.82,0.41,,,,
2017-05-21,,,,0.91,,,,,,
2017-05-22,,,,0.91,,,,,,
2017-05-23,1.29,2.25,2.91,0.91,1.82,0.43,,,,
2017-05-24,1.31,2.29,2.95,0.91,1.83,0.46,,,,
2017-05-25,1.29,2.26,2.92,0.91,1.81,0.45,,,,
2017-05-26,1.3,2.25,2.92,0.91,1.8,0.45,,236000.0,,
2017-05-27,1.3,2.25,2.92,0.91,1.81,0.44,,,,
2017-05-28,,,,0.91,,,,,,
2017-05-29,,,,0.91,,,,,,
2017-05-30,,,,0.91,,,,,,
2017-05-31,1.28,2.21,2.88,0.91,1.81,0.4,,,,
2017-06-01,1.28,2.21,2.87,0.83,1.81,0.4,,,,
2017-06-02,1.28,2.21,2.87,0.91,1.81,0.4,,253000.0,,
2017-06-03,1.28,2.15,2.8,0.91,1.79,0.36,,,,
2017-06-04,,,,0.91,,,,,,
2017-06-05,,,,0.91,,,,,,
2017-06-06,1.32,2.18,2.84,0.91,1.79,0.39,,,,
2017-06-07,1.3,2.14,2.81,0.91,1.77,0.37,,,,
2017-06-08,1.32,2.18,2.84,0.91,1.78,0.4,,,,
2017-06-09,1.33,2.19,2.85,0.91,1.78,0.41,,251000.0,,
2017-06-10,1.35,2.21,2.86,0.91,1.78,0.43,4.4,,146380.0,
2017-06-11,,,,0.91,,,,,,
2017-06-12,,,,0.91,,,,,,
2017-06-13,1.35,2.21,2.86,0.91,1.75,0.46,,,,
2017-06-14,1.38,2.21,2.87,0.91,1.75,0.46,,,,
2017-06-15,1.35,2.15,2.79,0.91,1.71,0.44,,,,462759.0
2017-06-16,1.35,2.16,2.78,1.16,1.67,0.49,,245000.0,,
2017-06-17,1.32,2.16,2.78,1.16,1.67,0.49,,,,
2017-06-18,,,,1.16,,,,,,
2017-06-19,,,,1.16,,,,,,
2017-06-20,1.36,2.19,2.79,1.16,1.67,0.52,,,,
2017-06-21,1.36,2.16,2.74,1.16,1.66,0.5,,,,
2017-06-22,1.36,2.16,2.73,1.16,1.66,0.5,,,,
2017-06-23,1.34,2.15,2.72,1.16,1.69,0.46,,249000.0,,
2017-06-24,1.34,2.15,2.71,1.16,1.7,0.45,,,,
2017-06-25,,,,1.16,,,,,,
2017-06-26,,,,1.16,,,,,,
2017-06-27,1.36,2.14,2.7,1.16,1.71,0.43,,,,
2017-06-28,1.38,2.21,2.75,1.16,1.71,0.5,,,,
2017-06-29,1.34,2.22,2.77,1.16,1.73,0.49,,,,
2017-06-30,1.38,2.27,2.82,1.16,1.72,0.55,,247000.0,,
2017-07-01,1.38,2.31,2.84,1.06,1.73,0.58,,,,
2017-07-02,,,,1.06,,,,,,
2017-07-03,,,,1.06,,,,,,
2017-07-04,1.41,2.35,2.86,1.16,1.75,0.6,,,,
2017-07-05,,,,1.16,,,,,,
2017-07-06,1.41,2.33,2.85,1.16,1.75,0.58,,,,
2017-07-07,1.4,2.37,2.9,1.16,1.76,0.61,,256000.0,,
2017-07-08,1.4,2.39,2.93,1.16,1.73,0.66,,,,
2017-07-09,,,,1.16,,,,,,
2017-07-10,,,,1.16,,,,,,
2017-07-11,1.4,2.38,2.93,1.16,1.72,0.66,4.3,,146583.0,
2017-07-12,1.37,2.37,2.92,1.16,1.75,0.62,,,,
2017-07-13,1.35,2.33,2.89,1.16,1.76,0.57,,,,
2017-07-14,1.37,2.35,2.92,1.16,1.77,0.58,,259000.0,,
2017-07-15,1.35,2.33,2.91,1.16,1.76,0.57,,,,
2017-07-16,,,,1.16,,,,,,465241.0
2017-07-17,,,,1.16,,,,,,
2017-07-18,1.36,2.31,2.89,1.16,1.77,0.54,,,,
2017-07-19,1.36,2.27,2.85,1.16,1.76,0.51,,,,
2017-07-20,1.37,2.27,2.85,1.16,1.76,0.51,,,,
2017-07-21,1.37,2.27,2.83,1.16,1.77,0.5,,245000.0,,
2017-07-22,1.36,2.24,2.81,1.16,1.76,0.48,,,,
2017-07-23,,,,1.16,,,,,,
2017-07-24,,,,1.16,,,,,,
2017-07-25,1.37,2.26,2.83,1.16,1.78,0.48,,,,
2017-07-26,1.4,2.33,2.91,1.16,1.81,0.52,,,,
2017-07-27,1.36,2.29,2.89,1.16,1.8,0.49,,,,
2017-07-28,1.36,2.32,2.93,1.16,1.83,0.49,,249000.0,,
2017-07-29,1.34,2.3,2.89,1.16,1.83,0.47,,,,
2017-07-30,,,,1.16,,,,,,
2017-07-31,,,,1.16,,,,,,
2017-08-01,1.34,2.3,2.89,1.07,1.82,0.48,,,,
2017-08-02,1.34,2.26,2.86,1.16,1.79,0.47,,,,
2017-08-03,1.36,2.27,2.85,1.16,1.79,0.48,,,,
2017-08-04,1.34,2.24,2.81,1.16,1.78,0.46,,245000.0,,
2017-08-05,1.36,2.27,2.84,1.16,1.8,0.47,,,,
2017-08-06,,,,1.16,,,,,,
2017-08-07,,,,1.16,,,,,,
2017-08-08,1.36,2.26,2.84,1.16,1.8,0.46,,,,
2017-08-09,1.36,2.29,2.86,1.16,1.83,0.46,,,,
2017-08-10,1.33,2.24,2.82,1.16,1.82,0.42,4.3,,146772.0,
2017-08-11,1.33,2.2,2.79,1.16,1.8,0.4,,254000.0,,
2017-08-12,1.3,2.19,2.79,1.16,1.79,0.4,,,,
2017-08-13,,,,1.16,,,,,,
2017-08-14,,,,1.16,,,,,,
2017-08-15,1.33,2.22,2.81,1.16,1.77,0.45,,,,465157.0
2017-08-16,1.35,2.27,2.84,1.16,1.78,0.49,,,,
2017-08-17,1.33,2.23,2.81,1.16,1.78,0.45,,,,
2017-08-18,1.32,2.19,2.78,1.16,1.77,0.42,,245000.0,,
2017-08-19,1.33,2.19,2.78,1.16,1.76,0.43,,,,
2017-08-20,,,,1.16,,,,,,
2017-08-21,,,,1.16,,,,,,
2017-08-22,1.32,2.18,2.77,1.16,1.75,0.43,,,,
2017-08-23,1.33,2.22,2.79,1.16,1.77,0.45,,,,
2017-08-24,1.32,2.17,2.75,1.16,1.75,0.42,,,,
2017-08-25,1.33,2.19,2.77,1.16,1.75,0.44,,245000.0,,
2017-08-26,1.35,2.17,2.75,1.16,1.75,0.42,,,,
2017-08-27,,,,1.16,,,,,,
2017-08-28,,,,1.16,,,,,,
2017-08-29,1.33,2.16,2.76,1.16,1.75,0.41,,,,
2017-08-30,1.33,2.13,2.74,1.16,1.74,0.39,,,,
2017-08-31,1.33,2.15,2.75,1.16,1.76,0.39,,,,
2017-09-01,1.33,2.12,2.73,1.07,1.76,0.36,,247000.0,,
2017-09-02,1.35,2.16,2.77,1.16,1.79,0.37,,,,
2017-09-03,,,,1.16,,,,,,
2017-09-04,,,,1.16,,,,,,
2017-09-05,,,,1.16,,,,,,
2017-09-06,1.3,2.07,2.69,1.16,1.77,0.3,,,,
2017-09-07,1.3,2.1,2.72,1.16,1.78,0.32,,,,
2017-09-08,1.27,2.05,2.66,1.16,1.79,0.26,,297000.0,,
2017-09-09,1.27,2.06,2.67,1.16,1.81,0.25,,,,
2017-09-10,,,,1.16,,,4.4,,146919.0,
2017-09-11,,,,1.16,,,,,,
2017-09-12,1.32,2.14,2.75,1.16,1.83,0.31,,,,
2017-09-13,1.33,2.17,2.78,1.16,1.84,0.33,,,,
2017-09-14,1.35,2.2,2.79,1.16,1.85,0.35,,,,
2017-09-15,1.37,2.2,2.77,1.16,1.85,0.35,,280000.0,,466010.0
2017-09-16,1.39,2.2,2.77,1.16,1.85,0.35,,,,
2017-09-17,,,,1.16,,,,,,
2017-09-18,,,,1.16,,,,,,
2017-09-19,1.4,2.23,2.8,1.16,1.87,0.36,,,,
2017-09-20,1.4,2.24,2.81,1.16,1.87,0.37,,,,
2017-09-21,1.45,2.28,2.82,1.16,1.85,0.43,,,,
2017-09-22,1.45,2.27,2.8,1.16,1.83,0.44,,261000.0,,
2017-09-23,1.46,2.26,2.8,1.16,1.84,0.42,,,,
2017-09-24,,,,1.16,,,,,,
2017-09-25,,,,1.16,,,,,,
2017-09-26,1.44,2.22,2.76,1.16,1.84,0.38,,,,
2017-09-27,1.45,2.24,2.78,1.16,1.84,0.4,,,,
2017-09-28,1.47,2.31,2.86,1.16,1.87,0.44,,,,
2017-09-29,1.45,2.31,2.87,1.16,1.87,0.44,,264000.0,,
2017-09-30,1.47,2.33,2.86,1.06,1.84,0.49,,,,
2017-10-01,,,,1.06,,,,,,
2017-10-02,,,,1.06,,,,,,
2017-10-03,1.49,2.34,2.87,1.16,1.83,0.51,,,,
2017-10-04,1.47,2.33,2.87,1.16,1.84,0.49,,,,
2017-10-05,1.47,2.33,2.87,1.16,1.85,0.48,,,,
2017-10-06,1.49,2.35,2.89,1.16,1.86,0.49,,260000.0,,
2017-10-07,1.54,2.37,2.91,1.16,1.87,0.5,,,,
2017-10-08,,,,1.16,,,,,,
2017-10-09,,,,1.16,,,,,,
2017-10-10,,,,1.16,,,,,,
2017-10-11,1.51,2.35,2.88,1.16,1.88,0.47,4.3,,147008.0,
2017-10-12,1.51,2.35,2.88,1.16,1.89,0.46,,,,
2017-10-13,1.51,2.33,2.86,1.16,1.89,0.44,,252000.0,,
2017-10-14,1.51,2.28,2.81,1.16,1.85,0.43,,,,
2017-10-15,,,,1.16,,,,,,
2017-10-16,,,,1.16,,,,,,475658.0
2017-10-17,1.54,2.3,2.82,1.16,1.84,0.46,,,,
2017-10-18,1.54,2.3,2.8,1.16,1.82,0.48,,,,
2017-10-19,1.59,2.34,2.85,1.16,1.84,0.5,,,,
2017-10-20,1.58,2.33,2.83,1.16,1.84,0.49,,235000.0,,
2017-10-21,1.6,2.39,2.89,1.16,1.87,0.52,,,,
2017-10-22,,,,1.16,,,,,,
2017-10-23,,,,1.16,,,,,,
2017-10-24,1.58,2.38,2.89,1.16,1.86,0.52,,,,
2017-10-25,1.6,2.42,2.92,1.16,1.87,0.55,,,,
2017-10-26,1.61,2.44,2.95,1.16,1.88,0.56,,,,
2017-10-27,1.63,2.46,2.96,1.16,1.89,0.57,,241000.0,,
2017-10-28,1.59,2.42,2.93,1.16,1.88,0.54,,,,
2017-10-29,,,,1.16,,,,,,
2017-10-30,,,,1.16,,,,,,
2017-10-31,1.58,2.37,2.88,1.16,1.87,0.5,,,,
2017-11-01,1.6,2.38,2.88,1.07,1.88,0.5,,,,
2017-11-02,1.61,2.37,2.85,1.16,1.88,0.49,,,,
2017-11-03,1.61,2.35,2.83,1.16,1.87,0.48,,241000.0,,
2017-11-04,1.63,2.34,2.82,1.16,1.86,0.48,,,,
2017-11-05,,,,1.16,,,,,,
2017-11-06,,,,1.16,,,,,,
2017-11-07,1.61,2.32,2.8,1.16,1.86,0.46,,,,
2017-11-08,1.63,2.32,2.77,1.16,1.88,0.44,,,,
2017-11-09,1.65,2.32,2.79,1.16,1.87,0.45,,,,
2017-11-10,1.63,2.33,2.81,1.16,1.87,0.46,4.2,248000.0,147149.0,
2017-11-11,1.67,2.4,2.88,1.16,1.88,0.52,,,,
2017-11-12,,,,1.16,,,,,,
2017-11-13,,,,1.16,,,,,,
2017-11-14,1.7,2.4,2.87,1.16,1.88,0.52,,,,
2017-11-15,1.68,2.38,2.84,1.16,1.87,0.51,,,,475945.0
2017-11-16,1.68,2.33,2.77,1.16,1.85,0.48,,,,
2017-11-17,1.72,2.37,2.81,1.16,1.84,0.53,,254000.0,,
2017-11-18,1.73,2.35,2.78,1.16,1.86,0.49,,,,
2017-11-19,,,,1.16,,,,,,
2017-11-20,,,,1.16,,,,,,
2017-11-21,1.77,2.37,2.78,1.16,1.85,0.52,,,,
2017-11-22,1.77,2.36,2.76,1.16,1.84,0.52,,,,
2017-11-23,1.74,2.32,2.75,1.16,1.84,0.48,,,,
2017-11-24,,,,1.16,,,,246000.0,,
2017-11-25,1.75,2.34,2.76,1.16,1.84,0.5,,,,
2017-11-26,,,,1.16,,,,,,
2017-11-27,,,,1.16,,,,,,
2017-11-28,1.74,2.32,2.76,1.16,1.83,0.49,,,,
2017-11-29,1.75,2.34,2.77,1.16,1.84,0.5,,,,
2017-11-30,1.78,2.37,2.81,1.16,1.84,0.53,,,,
2017-12-01,1.78,2.42,2.83,1.07,1.86,0.56,,243000.0,,
2017-12-02,1.78,2.37,2.76,1.16,1.86,0.51,,,,
2017-12-03,,,,1.16,,,,,,
2017-12-04,,,,1.16,,,,,,
2017-12-05,1.8,2.37,2.77,1.16,1.87,0.5,,,,
2017-12-06,1.83,2.36,2.73,1.16,1.86,0.5,,,,
2017-12-07,1.78,2.33,2.71,1.16,1.86,0.47,,,,
2017-12-08,1.8,2.37,2.76,1.16,1.87,0.5,,241000.0,,
2017-12-09,1.8,2.38,2.77,1.16,1.88,0.5,,,,
2017-12-10,,,,1.16,,,,,,
2017-12-11,,,,1.16,,,4.2,,147372.0,
2017-12-12,1.82,2.39,2.77,1.16,1.88,0.51,,,,
2017-12-13,1.83,2.4,2.79,1.17,1.89,0.51,,,,
2017-12-14,1.79,2.36,2.74,1.17,1.88,0.48,,,,
2017-12-15,1.82,2.35,2.71,1.41,1.87,0.48,,229000.0,,
2017-12-16,1.84,2.35,2.68,1.41,1.88,0.47,,,,481123.0
2017-12-17,,,,1.41,,,,,,
2017-12-18,,,,1.41,,,,,,
2017-12-19,1.84,2.39,2.74,1.42,1.89,0.5,,,,
2017-12-20,1.87,2.46,2.82,1.42,1.91,0.55,,,,
2017-12-21,1.87,2.49,2.88,1.42,1.92,0.57,,,,
2017-12-22,1.89,2.48,2.84,1.42,1.93,0.55,,244000.0,,
2017-12-23,1.91,2.48,2.83,1.42,1.94,0.54,,,,
2017-12-24,,,,1.42,,,,,,
2017-12-25,,,,1.42,,,,,,
2017-12-26,,,,1.42,,,,,,
2017-12-27,1.92,2.47,2.82,1.42,1.94,0.53,,,,
2017-12-28,1.89,2.42,2.75,1.42,1.94,0.48,,,,
2017-12-29,1.91,2.43,2.75,1.42,1.96,0.47,,251000.0,,
2017-12-30,1.89,2.4,2.74,1.33,1.96,0.44,,,,
2017-12-31,,,,1.33,,,,,,
2018-01-01,,,,1.33,,,,,,
2018-01-02,,,,1.33,,,,,,
2018-01-03,1.92,2.46,2.81,1.42,2.0,0.46,,,,
2018-01-04,1.94,2.44,2.78,1.42,1.98,0.46,,,,
2018-01-05,1.96,2.46,2.79,1.42,2.01,0.45,,248000.0,,
2018-01-06,1.96,2.47,2.81,1.42,2.01,0.46,,,,
2018-01-07,,,,1.42,,,,,,
2018-01-08,,,,1.42,,,,,,
2018-01-09,1.96,2.49,2.81,1.42,2.02,0.47,,,,
2018-01-10,1.98,2.55,2.88,1.42,2.03,0.52,4.1,,147523.0,
2018-01-11,1.98,2.55,2.88,1.42,2.03,0.52,,,,
2018-01-12,1.98,2.54,2.91,1.42,2.0,0.54,,252000.0,,
2018-01-13,1.99,2.55,2.85,1.42,2.01,0.54,,,,
2018-01-14,,,,1.42,,,,,,
2018-01-15,,,,1.42,,,,,,483576.0
2018-01-16,,,,1.42,,,,,,
2018-01-17,2.03,2.54,2.83,1.42,2.03,0.51,,,,
2018-01-18,2.05,2.57,2.84,1.42,2.04,0.53,,,,
2018-01-19,2.05,2.62,2.9,1.42,2.05,0.57,,230000.0,,
2018-01-20,2.06,2.64,2.91,1.42,2.06,0.58,,,,
2018-01-21,,,,1.42,,,,,,
2018-01-22,,,,1.42,,,,,,
2018-01-23,2.08,2.66,2.93,1.42,2.06,0.6,,,,
2018-01-24,2.06,2.63,2.9,1.42,2.06,0.57,,,,
2018-01-25,2.08,2.65,2.93,1.42,2.07,0.58,,,,
2018-01-26,2.08,2.63,2.89,1.42,2.07,0.56,,231000.0,,
2018-01-27,2.13,2.66,2.91,1.42,2.09,0.57,,,,
2018-01-28,,,,1.42,,,,,,
2018-01-29,,,,1.42,,,,,,
2018-01-30,2.11,2.7,2.94,1.42,2.09,0.61,,,,
2018-01-31,2.13,2.73,2.98,1.42,2.1,0.63,,,,
2018-02-01,2.14,2.72,2.95,1.34,2.11,0.61,,,,
2018-02-02,2.16,2.78,3.01,1.42,2.11,0.67,,228000.0,,
2018-02-03,2.15,2.84,3.08,1.42,2.14,0.7,,,,
2018-02-04,,,,1.42,,,,,,
2018-02-05,,,,1.42,,,,,,
2018-02-06,2.08,2.77,3.04,1.42,2.1,0.67,,,,
2018-02-07,2.1,2.79,3.06,1.42,2.1,0.69,,,,
2018-02-08,2.15,2.84,3.12,1.42,2.1,0.74,,,,
2018-02-09,2.13,2.85,3.14,1.42,2.09,0.76,,224000.0,,
2018-02-10,2.05,2.83,3.14,1.42,2.05,0.78,4.0,,147660.0,
2018-02-11,,,,1.42,,,,,,
2018-02-12,,,,1.42,,,,,,
2018-02-13,2.09,2.86,3.14,1.42,2.07,0.79,,,,
2018-02-14,2.1,2.83,3.11,1.42,2.05,0.78,,,,
2018-02-15,2.17,2.91,3.18,1.42,2.09,0.82,,,,481190.0
2018-02-16,2.19,2.9,3.15,1.42,2.11,0.79,,225000.0,,
2018-02-17,2.21,2.87,3.13,1.42,2.09,0.78,,,,
2018-02-18,,,,1.42,,,,,,
2018-02-19,,,,1.42,,,,,,
2018-02-20,,,,1.42,,,,,,
2018-02-21,2.25,2.88,3.15,1.42,2.1,0.78,,,,
2018-02-22,2.26,2.94,3.22,1.42,2.12,0.82,,,,
2018-02-23,2.25,2.92,3.21,1.42,2.11,0.81,,219000.0,,
2018-02-24,2.25,2.88,3.16,1.42,2.12,0.76,,,,
2018-02-25,,,,1.42,,,,,,
2018-02-26,,,,1.42,,,,,,
2018-02-27,2.22,2.86,3.15,1.42,2.13,0.73,,,,
2018-02-28,2.27,2.9,3.17,1.42,2.13,0.77,,,,
2018-03-01,2.25,2.87,3.13,1.35,2.12,0.75,,,,
2018-03-02,2.22,2.81,3.09,1.42,2.1,0.71,,216000.0,,
2018-03-03,2.25,2.86,3.14,1.42,2.12,0.74,,,,
2018-03-04,,,,1.42,,,,,,
2018-03-05,,,,1.42,,,,,,
2018-03-06,2.24,2.88,3.16,1.42,2.13,0.75,,,,
2018-03-07,2.25,2.88,3.14,1.42,2.12,0.76,,,,
2018-03-08,2.25,2.89,3.15,1.42,2.13,0.76,,,,
2018-03-09,2.25,2.86,3.13,1.42,2.11,0.75,,228000.0,,
2018-03-10,2.27,2.9,3.16,1.42,2.12,0.78,,,,
2018-03-11,,,,1.42,,,,,,
2018-03-12,,,,1.42,,,,,,
2018-03-13,2.27,2.87,3.13,1.42,2.1,0.77,4.1,,148054.0,
2018-03-14,2.26,2.84,3.1,1.42,2.09,0.75,,,,
2018-03-15,2.26,2.81,3.05,1.42,2.07,0.74,,,,
2018-03-16,2.29,2.82,3.05,1.43,2.08,0.74,,223000.0,,
2018-03-17,2.31,2.85,3.08,1.43,2.08,0.77,,,,
2018-03-18,,,,1.43,,,,,,484223.0
2018-03-19,,,,1.43,,,,,,
2018-03-20,2.31,2.85,3.09,1.43,2.08,0.77,,,,
2018-03-21,2.34,2.89,3.12,1.44,2.08,0.81,,,,
2018-03-22,2.31,2.89,3.12,1.44,2.09,0.8,,,,
2018-03-23,2.29,2.83,3.06,1.68,2.08,0.75,,225000.0,,
2018-03-24,2.28,2.82,3.06,1.68,2.07,0.75,,,,
2018-03-25,,,,1.68,,,,,,
2018-03-26,,,,1.68,,,,,,
2018-03-27,2.33,2.85,3.08,1.68,2.08,0.77,,,,
2018-03-28,2.26,2.78,3.03,1.68,2.07,0.71,,,,
2018-03-29,2.28,2.77,3.01,1.68,2.05,0.72,,,,
2018-03-30,2.27,2.74,2.97,1.68,2.05,0.69,,221000.0,,
2018-03-31,,,,1.67,,,,,,
2018-04-01,,,,1.67,,,,,,
2018-04-02,,,,1.67,,,,,,
2018-04-03,2.25,2.73,2.97,1.68,2.05,0.68,,,,
2018-04-04,2.28,2.79,3.02,1.69,2.08,0.71,,,,
2018-04-05,2.28,2.79,3.03,1.69,2.08,0.71,,,,
2018-04-06,2.3,2.83,3.07,1.69,2.08,0.75,,232000.0,,
2018-04-07,2.27,2.77,3.01,1.69,2.07,0.7,,,,
2018-04-08,,,,1.69,,,,,,
2018-04-09,,,,1.69,,,,,,
2018-04-10,2.29,2.78,3.02,1.69,2.07,0.71,4.0,,148280.0,
2018-04-11,2.32,2.8,3.02,1.69,2.08,0.72,,,,
2018-04-12,2.32,2.79,2.99,1.69,2.11,0.68,,,,
2018-04-13,2.34,2.83,3.05,1.69,2.13,0.7,,234000.0,,
2018-04-14,2.37,2.82,3.03,1.69,2.13,0.69,,,,
2018-04-15,,,,1.69,,,,,,484447.0
2018-04-16,,,,1.69,,,,,,
2018-04-17,2.39,2.83,3.03,1.69,2.12,0.71,,,,
2018-04-18,2.41,2.82,3.0,1.69,2.14,0.68,,,,
2018-04-19,2.42,2.87,3.06,1.69,2.16,0.71,,,,
2018-04-20,2.44,2.92,3.11,1.69,2.17,0.75,,236000.0,,
2018-04-21,2.46,2.96,3.14,1.7,2.17,0.79,,,,
2018-04-22,,,,1.7,,,,,,
2018-04-23,,,,1.7,,,,,,
2018-04-24,2.49,2.98,3.15,1.7,2.18,0.8,,,,
2018-04-25,2.48,3.0,3.18,1.7,2.17,0.83,,,,
2018-04-26,2.49,3.03,3.21,1.7,2.17,0.86,,,,
2018-04-27,2.49,3.0,3.18,1.7,2.18,0.82,,207000.0,,
2018-04-28,2.49,2.96,3.13,1.7,2.17,0.79,,,,
2018-04-29,,,,1.7,,,,,,
2018-04-30,,,,1.7,,,,,,
2018-05-01,2.49,2.95,3.11,1.69,2.17,0.78,,,,
2018-05-02,2.5,2.97,3.13,1.7,2.16,0.81,,,,
2018-05-03,2.49,2.97,3.14,1.7,2.17,0.8,,,,
2018-05-04,2.49,2.94,3.12,1.7,2.16,0.78,,209000.0,,
2018-05-05,2.51,2.95,3.12,1.7,2.16,0.79,,,,
2018-05-06,,,,1.7,,,,,,
2018-05-07,,,,1.7,,,,,,
2018-05-08,2.49,2.95,3.12,1.7,2.17,0.78,,,,
2018-05-09,2.51,2.97,3.13,1.7,2.16,0.81,,,,
2018-05-10,2.54,3.0,3.16,1.7,2.18,0.82,,,,
2018-05-11,2.54,2.97,3.12,1.7,2.17,0.8,4.0,211000.0,148420.0,
2018-05-12,2.54,2.97,3.1,1.7,2.15,0.82,,,,
2018-05-13,,,,1.7,,,,,,
2018-05-14,,,,1.7,,,,,,
2018-05-15,2.55,3.0,3.13,1.7,2.15,0.85,,,,
2018-05-16,2.58,3.08,3.2,1.7,2.18,0.9,,,,484252.0
2018-05-17,2.58,3.09,3.21,1.7,2.17,0.92,,,,
2018-05-18,2.57,3.11,3.25,1.7,2.16,0.95,,222000.0,,
2018-05-19,2.55,3.06,3.2,1.7,2.15,0.91,,,,
2018-05-20,,,,1.7,,,,,,
2018-05-21,,,,1.7,,,,,,
2018-05-22,2.58,3.06,3.2,1.7,2.16,0.9,,,,
2018-05-23,2.59,3.06,3.21,1.7,2.15,0.91,,,,
2018-05-24,2.53,3.01,3.17,1.7,2.14,0.87,,,,
2018-05-25,2.5,2.98,3.13,1.7,2.12,0.86,,230000.0,,
2018-05-26,2.48,2.93,3.09,1.7,2.09,0.84,,,,
2018-05-27,,,,1.7,,,,,,
2018-05-28,,,,1.7,,,,,,
2018-05-29,,,,1.7,,,,,,
2018-05-30,2.32,2.77,2.96,1.7,2.04,0.73,,,,
2018-05-31,2.42,2.84,3.01,1.7,2.06,0.78,,,,
2018-06-01,2.4,2.83,3.0,1.7,2.07,0.76,,222000.0,,
2018-06-02,2.47,2.89,3.04,1.7,2.09,0.8,,,,
2018-06-03,,,,1.7,,,,,,
2018-06-04,,,,1.7,,,,,,
2018-06-05,2.52,2.94,3.08,1.7,2.12,0.82,,,,
2018-06-06,2.49,2.92,3.07,1.7,2.13,0.79,,,,
2018-06-07,2.52,2.97,3.13,1.7,2.14,0.83,,,,
2018-06-08,2.5,2.93,3.08,1.7,2.13,0.8,,223000.0,,
2018-06-09,2.5,2.93,3.08,1.7,2.11,0.82,,,,
2018-06-10,,,,1.7,,,3.8,,148742.0,
2018-06-11,,,,1.7,,,,,,
2018-06-12,2.52,2.96,3.1,1.7,2.13,0.83,,,,
2018-06-13,2.54,2.96,3.09,1.7,2.13,0.83,,,,
2018-06-14,2.59,2.98,3.1,1.7,2.12,0.86,,,,
2018-06-15,2.59,2.94,3.05,1.9,2.12,0.82,,222000.0,,492202.0
2018-06-16,2.55,2.93,3.05,1.9,2.12,0.81,,,,
2018-06-17,,,,1.9,,,,,,
2018-06-18,,,,1.9,,,,,,
2018-06-19,2.56,2.92,3.05,1.9,2.12,0.8,,,,
2018-06-20,2.54,2.89,3.02,1.91,2.12,0.77,,,,
2018-06-21,2.56,2.93,3.06,1.92,2.12,0.81,,,,
2018-06-22,2.56,2.9,3.04,1.92,2.11,0.79,,218000.0,,
2018-06-23,2.56,2.9,3.04,1.92,2.12,0.78,,,,
2018-06-24,,,,1.92,,,,,,
2018-06-25,,,,1.92,,,,,,
2018-06-26,2.54,2.87,3.02,1.92,2.1,0.77,,,,
2018-06-27,2.53,2.88,3.03,1.92,2.12,0.76,,,,
2018-06-28,2.52,2.83,2.97,1.91,2.11,0.72,,,,
2018-06-29,2.52,2.84,2.97,1.91,2.1,0.74,,222000.0,,
2018-06-30,2.52,2.85,2.98,1.91,2.11,0.74,,,,
2018-07-01,,,,1.91,,,,,,
2018-07-02,,,,1.91,,,,,,
2018-07-03,2.57,2.87,2.99,1.91,2.14,0.73,,,,
2018-07-04,2.53,2.83,2.96,1.91,2.12,0.71,,,,
2018-07-05,,,,1.91,,,,,,
2018-07-06,2.55,2.84,2.95,1.91,2.13,0.71,,228000.0,,
2018-07-07,2.53,2.82,2.94,1.91,2.12,0.7,,,,
2018-07-08,,,,1.91,,,,,,
2018-07-09,,,,1.91,,,,,,
2018-07-10,2.57,2.86,2.96,1.91,2.13,0.73,,,,
2018-07-11,2.59,2.87,2.97,1.91,2.13,0.74,4.0,,148960.0,
2018-07-12,2.58,2.85,2.95,1.91,2.11,0.74,,,,
2018-07-13,2.6,2.85,2.95,1.91,2.1,0.75,,216000.0,,
2018-07-14,2.59,2.83,2.94,1.91,2.11,0.72,,,,
2018-07-15,,,,1.91,,,,,,
2018-07-16,,,,1.91,,,,,,490468.0
2018-07-17,2.59,2.85,2.96,1.91,2.1,0.75,,,,
2018-07-18,2.62,2.86,2.97,1.91,2.09,0.77,,,,
2018-07-19,2.6,2.88,2.99,1.91,2.09,0.79,,,,
2018-07-20,2.6,2.84,2.96,1.91,2.09,0.75,,205000.0,,
2018-07-21,2.6,2.89,3.03,1.91,2.11,0.78,,,,
2018-07-22,,,,1.91,,,,,,
2018-07-23,,,,1.91,,,,,,
2018-07-24,2.64,2.96,3.1,1.91,2.11,0.85,,,,
2018-07-25,2.63,2.95,3.08,1.91,2.11,0.84,,,,
2018-07-26,2.66,2.94,3.06,1.91,2.13,0.81,,,,
2018-07-27,2.69,2.98,3.1,1.91,2.11,0.87,,210000.0,,
2018-07-28,2.67,2.96,3.09,1.91,2.12,0.84,,,,
2018-07-29,,,,1.91,,,,,,
2018-07-30,,,,1.91,,,,,,
2018-07-31,2.66,2.98,3.11,1.91,2.13,0.85,,,,
2018-08-01,2.67,2.96,3.08,1.91,2.12,0.84,,,,
2018-08-02,2.67,3.0,3.13,1.91,2.13,0.87,,,,
2018-08-03,2.66,2.98,3.12,1.91,2.12,0.86,,207000.0,,
2018-08-04,2.63,2.95,3.09,1.91,2.12,0.83,,,,
2018-08-05,,,,1.91,,,,,,
2018-08-06,,,,1.91,,,,,,
2018-08-07,2.64,2.94,3.08,1.91,2.11,0.83,,,,
2018-08-08,2.68,2.98,3.12,1.91,2.13,0.85,,,,
2018-08-09,2.68,2.96,3.12,1.91,2.11,0.85,,,,
2018-08-10,2.64,2.93,3.08,1.91,2.11,0.82,3.8,210000.0,149020.0,
2018-08-11,2.61,2.87,3.03,1.91,2.09,0.78,,,,
2018-08-12,,,,1.91,,,,,,
2018-08-13,,,,1.91,,,,,,
2018-08-14,2.61,2.88,3.05,1.91,2.1,0.78,,,,
2018-08-15,2.63,2.89,3.06,1.91,2.09,0.8,,,,493382.0
2018-08-16,2.61,2.86,3.03,1.91,2.08,0.78,,,,
2018-08-17,2.63,2.87,3.03,1.92,2.08,0.79,,206000.0,,
2018-08-18,2.61,2.87,3.03,1.92,2.08,0.79,,,,
2018-08-19,,,,1.92,,,,,,
2018-08-20,,,,1.92,,,,,,
2018-08-21,2.6,2.82,2.99,1.92,2.07,0.75,,,,
2018-08-22,2.61,2.85,3.0,1.92,2.08,0.77,,,,
2018-08-23,2.6,2.82,2.99,1.92,2.08,0.74,,,,
2018-08-24,2.61,2.82,2.97,1.92,2.09,0.73,,207000.0,,
2018-08-25,2.63,2.82,2.97,1.92,2.09,0.73,,,,
2018-08-26,,,,1.92,,,,,,
2018-08-27,,,,1.92,,,,,,
2018-08-28,2.67,2.85,3.0,1.92,2.11,0.74,,,,
2018-08-29,2.67,2.88,3.03,1.92,2.11,0.77,,,,
2018-08-30,2.67,2.89,3.02,1.92,2.12,0.77,,,,
2018-08-31,2.64,2.86,3.0,1.92,2.1,0.76,,211000.0,,
2018-09-01,2.62,2.86,3.02,1.91,2.08,0.78,,,,
2018-09-02,,,,1.91,,,,,,
2018-09-03,,,,1.91,,,,,,
2018-09-04,,,,1.91,,,,,,
2018-09-05,2.66,2.9,3.07,1.92,2.1,0.8,,,,
2018-09-06,2.66,2.9,3.08,1.92,2.09,0.81,,,,
2018-09-07,2.64,2.88,3.06,1.92,2.08,0.8,,201000.0,,
2018-09-08,2.71,2.94,3.11,1.92,2.1,0.84,,,,
2018-09-09,,,,1.92,,,,,,
2018-09-10,,,,1.92,,,3.8,,149277.0,
2018-09-11,2.73,2.94,3.09,1.92,2.1,0.84,,,,
2018-09-12,2.76,2.98,3.13,1.92,2.12,0.86,,,,
2018-09-13,2.74,2.97,3.11,1.92,2.12,0.85,,,,
2018-09-14,2.76,2.97,3.11,1.92,2.1,0.87,,204000.0,,
2018-09-15,2.78,2.99,3.13,1.92,2.1,0.89,,,,493757.0
2018-09-16,,,,1.92,,,,,,
2018-09-17,,,,1.92,,,,,,
2018-09-18,2.78,2.99,3.13,1.92,2.1,0.89,,,,
2018-09-19,2.81,3.05,3.2,1.92,2.13,0.92,,,,
2018-09-20,2.81,3.08,3.23,1.92,2.15,0.93,,,,
2018-09-21,2.81,3.07,3.21,1.92,2.15,0.92,,206000.0,,
2018-09-22,2.81,3.07,3.2,1.92,2.15,0.92,,,,
2018-09-23,,,,1.92,,,,,,
2018-09-24,,,,1.92,,,,,,
2018-09-25,2.83,3.08,3.21,1.93,2.16,0.92,,,,
2018-09-26,2.83,3.1,3.23,1.93,2.16,0.94,,,,
2018-09-27,2.83,3.06,3.19,1.93,2.14,0.92,,,,
2018-09-28,2.83,3.06,3.19,2.18,2.15,0.91,,205000.0,,
2018-09-29,2.81,3.05,3.19,2.18,2.14,0.91,,,,
2018-09-30,,,,2.18,,,,,,
2018-10-01,,,,2.18,,,,,,
2018-10-02,2.82,3.09,3.24,2.18,2.14,0.95,,,,
2018-10-03,2.82,3.05,3.2,2.18,2.12,0.93,,,,
2018-10-04,2.85,3.15,3.3,2.18,2.16,0.99,,,,
2018-10-05,2.87,3.19,3.35,2.18,2.16,1.03,,210000.0,,
2018-10-06,2.88,3.23,3.4,2.18,2.16,1.07,,,,
2018-10-07,,,,2.18,,,,,,
2018-10-08,,,,2.18,,,,,,
2018-10-09,,,,2.18,,,,,,
2018-10-10,2.88,3.21,3.37,2.18,2.17,1.04,,,,
2018-10-11,2.88,3.22,3.39,2.18,2.16,1.06,3.7,,149358.0,
2018-10-12,2.85,3.14,3.32,2.18,2.12,1.02,,211000.0,,
2018-10-13,2.85,3.15,3.32,2.18,2.12,1.03,,,,
2018-10-14,,,,2.18,,,,,,
2018-10-15,,,,2.18,,,,,,
2018-10-16,2.85,3.16,3.34,2.18,2.13,1.03,,,,491744.0
2018-10-17,2.87,3.16,3.32,2.18,2.13,1.03,,,,
2018-10-18,2.89,3.19,3.35,2.19,2.13,1.06,,,,
2018-10-19,2.87,3.17,3.36,2.19,2.1,1.07,,208000.0,,
2018-10-20,2.92,3.2,3.38,2.19,2.11,1.09,,,,
2018-10-21,,,,2.19,,,,,,
2018-10-22,,,,2.19,,,,,,
2018-10-23,2.92,3.2,3.38,2.19,2.11,1.09,,,,
2018-10-24,2.89,3.17,3.37,2.2,2.09,1.08,,,,
2018-10-25,2.84,3.1,3.33,2.2,2.07,1.03,,,,
2018-10-26,2.86,3.14,3.35,2.2,2.05,1.09,,217000.0,,
2018-10-27,2.81,3.08,3.32,2.2,2.06,1.02,,,,
2018-10-28,,,,2.2,,,,,,
2018-10-29,,,,2.2,,,,,,
2018-10-30,2.81,3.08,3.33,2.2,2.06,1.02,,,,
2018-10-31,2.84,3.12,3.36,2.2,2.05,1.07,,,,
2018-11-01,2.87,3.15,3.39,2.2,2.05,1.1,,,,
2018-11-02,2.84,3.14,3.38,2.2,2.02,1.12,,216000.0,,
2018-11-03,2.91,3.22,3.46,2.19,2.06,1.16,,,,
2018-11-04,,,,2.19,,,,,,
2018-11-05,,,,2.19,,,,,,
2018-11-06,2.91,3.2,3.43,2.2,2.06,1.14,,,,
2018-11-07,2.93,3.22,3.43,2.2,2.07,1.15,,,,
2018-11-08,2.96,3.22,3.43,2.2,2.07,1.15,,,,
2018-11-09,2.98,3.24,3.43,2.2,2.07,1.17,,218000.0,,
2018-11-10,2.94,3.19,3.4,2.19,2.04,1.15,3.8,,149527.0,
2018-11-11,,,,2.19,,,,,,
2018-11-12,,,,2.19,,,,,,
2018-11-13,,,,2.19,,,,,,
2018-11-14,2.89,3.14,3.36,2.2,2.02,1.12,,,,
2018-11-15,2.86,3.12,3.35,2.2,2.0,1.12,,,,496568.0
2018-11-16,2.86,3.11,3.36,2.2,2.0,1.11,,221000.0,,
2018-11-17,2.81,3.08,3.33,2.2,2.02,1.06,,,,
2018-11-18,,,,2.2,,,,,,
2018-11-19,,,,2.2,,,,,,
2018-11-20,2.79,3.06,3.32,2.2,1.99,1.07,,,,
2018-11-21,2.79,3.06,3.31,2.2,1.97,1.09,,,,
2018-11-22,2.81,3.06,3.31,2.2,1.97,1.09,,,,
2018-11-23,,,,2.2,,,,225000.0,,
2018-11-24,2.81,3.05,3.31,2.2,1.96,1.09,,,,
2018-11-25,,,,2.2,,,,,,
2018-11-26,,,,2.2,,,,,,
2018-11-27,2.84,3.07,3.32,2.2,1.96,1.11,,,,
2018-11-28,2.83,3.06,3.32,2.2,1.91,1.15,,,,
2018-11-29,2.81,3.06,3.34,2.2,1.94,1.12,,,,
2018-11-30,2.81,3.03,3.33,2.2,1.98,1.05,,237000.0,,
2018-12-01,2.8,3.01,3.3,2.2,1.97,1.04,,,,
2018-12-02,,,,2.2,,,,,,
2018-12-03,,,,2.2,,,,,,
2018-12-04,2.83,2.98,3.27,2.19,1.96,1.02,,,,
2018-12-05,2.8,2.91,3.16,2.2,1.94,0.97,,,,
2018-12-06,,,,2.2,,,,,,
2018-12-07,2.75,2.87,3.14,2.2,1.9,0.97,,232000.0,,
2018-12-08,2.72,2.85,3.14,2.19,1.89,0.96,,,,
2018-12-09,,,,2.19,,,,,,
2018-12-10,,,,2.19,,,,,,
2018-12-11,2.72,2.85,3.13,2.2,1.86,0.99,3.8,,149617.0,
2018-12-12,2.78,2.89,3.13,2.19,1.83,1.06,,,,
2018-12-13,2.77,2.91,3.15,2.19,1.83,1.08,,,,
2018-12-14,2.75,2.91,3.16,2.19,1.83,1.08,,208000.0,,
2018-12-15,2.73,2.89,3.14,2.19,1.82,1.07,,,,
2018-12-16,,,,2.19,,,,,,499451.0
2018-12-17,,,,2.19,,,,,,
2018-12-18,2.7,2.86,3.11,2.2,1.81,1.05,,,,
2018-12-19,2.65,2.82,3.07,2.2,1.81,1.01,,,,
2018-12-20,2.63,2.77,3.0,2.2,1.8,0.97,,,,
2018-12-21,2.67,2.79,3.02,2.4,1.76,1.03,,217000.0,,
2018-12-22,2.63,2.79,3.03,2.4,1.77,1.02,,,,
2018-12-23,,,,2.4,,,,,,
2018-12-24,,,,2.4,,,,,,
2018-12-25,2.55,2.74,3.0,2.4,1.75,0.99,,,,
2018-12-26,,,,2.4,,,,,,
2018-12-27,2.61,2.81,3.06,2.4,1.77,1.04,,,,
2018-12-28,2.56,2.77,3.05,2.4,1.74,1.03,,228000.0,,
2018-12-29,2.52,2.72,3.04,2.4,1.73,0.99,,,,
2018-12-30,,,,2.4,,,,,,
2018-12-31,,,,2.4,,,,,,
2019-01-01,2.48,2.69,3.02,2.4,1.71,0.98,,,,
2019-01-02,,,,2.4,,,,,,
2019-01-03,2.5,2.66,2.97,2.4,1.7,0.96,,,,
2019-01-04,2.39,2.56,2.92,2.4,1.68,0.88,,238000.0,,
2019-01-05,2.5,2.67,2.98,2.4,1.76,0.91,,,,
2019-01-06,,,,2.4,,,,,,
2019-01-07,,,,2.4,,,,,,
2019-01-08,2.53,2.7,2.99,2.4,1.78,0.92,,,,
2019-01-09,2.58,2.73,3.0,2.4,1.82,0.91,,,,
2019-01-10,2.56,2.74,3.03,2.4,1.83,0.91,3.9,,149809.0,
2019-01-11,2.56,2.74,3.06,2.4,1.81,0.93,,225000.0,,
2019-01-12,2.55,2.71,3.04,2.4,1.83,0.88,,,,
2019-01-13,,,,2.4,,,,,,
2019-01-14,,,,2.4,,,,,,
2019-01-15,2.53,2.71,3.06,2.4,1.81,0.9,,,,489878.0
2019-01-16,2.53,2.72,3.08,2.4,1.81,0.91,,,,
2019-01-17,2.55,2.73,3.07,2.4,1.82,0.91,,,,
2019-01-18,2.56,2.75,3.07,2.4,1.79,0.96,,218000.0,,
2019-01-19,2.62,2.79,3.09,2.4,1.83,0.96,,,,
2019-01-20,,,,2.4,,,,,,
2019-01-21,,,,2.4,,,,,,
2019-01-22,,,,2.4,,,,,,
2019-01-23,2.58,2.74,3.06,2.4,1.79,0.95,,,,
2019-01-24,2.58,2.76,3.07,2.4,1.8,0.96,,,,
2019-01-25,2.56,2.72,3.04,2.4,1.77,0.95,,214000.0,,
2019-01-26,2.6,2.76,3.06,2.4,1.79,0.97,,,,
2019-01-27,,,,2.4,,,,,,
2019-01-28,,,,2.4,,,,,,
2019-01-29,2.6,2.75,3.06,2.4,1.78,0.97,,,,
2019-01-30,2.56,2.72,3.04,2.4,1.78,0.94,,,,
2019-01-31,2.52,2.7,3.06,2.4,1.84,0.86,,,,
2019-02-01,2.45,2.63,2.99,2.4,1.85,0.78,,234000.0,,
2019-02-02,2.52,2.7,3.03,2.4,1.88,0.82,,,,
2019-02-03,,,,2.4,,,,,,
2019-02-04,,,,2.4,,,,,,
2019-02-05,2.53,2.73,3.06,2.4,1.87,0.86,,,,
2019-02-06,2.53,2.71,3.03,2.4,1.87,0.84,,,,
2019-02-07,2.52,2.7,3.03,2.4,1.86,0.84,,,,
2019-02-08,2.48,2.65,3.0,2.4,1.84,0.81,,232000.0,,
2019-02-09,2.45,2.63,2.97,2.4,1.82,0.81,,,,
2019-02-10,,,,2.4,,,4.0,,150060.0,
2019-02-11,,,,2.4,,,,,,
2019-02-12,2.48,2.65,3.0,2.4,1.82,0.83,,,,
2019-02-13,2.5,2.68,3.02,2.4,1.83,0.85,,,,
2019-02-14,2.53,2.71,3.04,2.4,1.86,0.85,,,,
2019-02-15,2.5,2.66,3.01,2.4,1.85,0.81,,226000.0,,490789.0
2019-02-16,2.52,2.66,3.0,2.4,1.86,0.8,,,,
2019-02-17,,,,2.4,,,,,,
2019-02-18,,,,2.4,,,,,,
2019-02-19,,,,2.4,,,,,,
2019-02-20,2.5,2.65,2.99,2.4,1.87,0.78,,,,
2019-02-21,2.5,2.65,3.0,2.4,1.89,0.76,,,,
2019-02-22,2.53,2.69,3.05,2.4,1.91,0.78,,211000.0,,
2019-02-23,2.48,2.65,3.02,2.4,1.91,0.74,,,,
2019-02-24,,,,2.4,,,,,,
2019-02-25,,,,2.4,,,,,,
2019-02-26,2.51,2.67,3.03,2.4,1.92,0.75,,,,
2019-02-27,2.48,2.64,3.01,2.4,1.92,0.72,,,,
2019-02-28,2.5,2.69,3.07,2.4,1.93,0.76,,,,
2019-03-01,2.52,2.73,3.09,2.4,1.95,0.78,,221000.0,,
2019-03-02,2.55,2.76,3.13,2.4,1.96,0.8,,,,
2019-03-03,,,,2.4,,,,,,
2019-03-04,,,,2.4,,,,,,
2019-03-05,2.55,2.72,3.09,2.4,1.94,0.78,,,,
2019-03-06,2.55,2.72,3.08,2.4,1.93,0.79,,,,
2019-03-07,2.52,2.69,3.06,2.4,1.91,0.78,,,,
2019-03-08,2.47,2.64,3.03,2.4,1.9,0.74,,216000.0,,
2019-03-09,2.45,2.62,3.0,2.4,1.9,0.72,,,,
2019-03-10,,,,2.4,,,,,,
2019-03-11,,,,2.4,,,,,,
2019-03-12,2.47,2.64,3.03,2.4,1.91,0.73,,,,
2019-03-13,2.45,2.61,3.0,2.4,1.9,0.71,3.8,,150067.0,
2019-03-14,2.45,2.61,3.02,2.4,1.92,0.69,,,,
2019-03-15,2.46,2.63,3.04,2.4,1.94,0.69,,218000.0,,
2019-03-16,2.43,2.59,3.02,2.4,1.94,0.65,,,,
2019-03-17,,,,2.4,,,,,,
2019-03-18,,,,2.4,,,,,,492328.0
2019-03-19,2.45,2.6,3.01,2.4,1.96,0.64,,,,
2019-03-20,2.46,2.61,3.02,2.4,1.95,0.66,,,,
2019-03-21,2.4,2.54,2.98,2.41,1.96,0.58,,,,
2019-03-22,2.41,2.54,2.96,2.41,1.96,0.58,,212000.0,,
2019-03-23,2.31,2.44,2.88,2.41,1.9,0.54,,,,
2019-03-24,,,,2.41,,,,,,
2019-03-25,,,,2.41,,,,,,
2019-03-26,2.26,2.43,2.87,2.4,1.88,0.55,,,,
2019-03-27,2.24,2.41,2.86,2.4,1.86,0.55,,,,
2019-03-28,2.22,2.39,2.83,2.41,1.84,0.55,,,,
2019-03-29,2.23,2.39,2.81,2.41,1.83,0.56,,210000.0,,
2019-03-30,2.27,2.41,2.81,2.43,1.88,0.53,,,,
2019-03-31,,,,2.43,,,,,,
2019-04-01,,,,2.43,,,,,,
2019-04-02,2.33,2.49,2.89,2.41,1.9,0.59,,,,
2019-04-03,2.3,2.48,2.88,2.41,1.9,0.58,,,,
2019-04-04,2.33,2.52,2.93,2.41,1.91,0.61,,,,
2019-04-05,2.33,2.51,2.92,2.41,1.9,0.61,,203000.0,,
2019-04-06,2.35,2.5,2.91,2.41,1.9,0.6,,,,
2019-04-07,,,,2.41,,,,,,
2019-04-08,,,,2.41,,,,,,
2019-04-09,2.36,2.52,2.93,2.41,1.91,0.61,,,,
2019-04-10,2.35,2.51,2.92,2.41,1.91,0.6,3.8,,150295.0,
2019-04-11,2.31,2.48,2.9,2.41,1.94,0.54,,,,
2019-04-12,2.35,2.51,2.94,2.41,1.94,0.57,,196000.0,,
2019-04-13,2.4,2.56,2.97,2.41,1.95,0.61,,,,
2019-04-14,,,,2.41,,,,,,
2019-04-15,,,,2.41,,,,,,499614.0
2019-04-16,2.4,2.55,2.96,2.41,1.94,0.61,,,,
2019-04-17,2.41,2.6,2.99,2.41,1.96,0.64,,,,
2019-04-18,2.4,2.59,2.99,2.42,1.94,0.65,,,,
2019-04-19,2.38,2.57,2.96,2.43,1.95,0.62,,197000.0,,
2019-04-20,,,,2.44,,,,,,
2019-04-21,,,,2.44,,,,,,
2019-04-22,,,,2.44,,,,,,
2019-04-23,2.38,2.59,2.99,2.44,1.95,0.64,,,,
2019-04-24,2.36,2.57,2.98,2.44,1.95,0.62,,,,
2019-04-25,2.32,2.53,2.94,2.44,1.96,0.57,,,,
2019-04-26,2.33,2.54,2.94,2.44,1.98,0.56,,222000.0,,
2019-04-27,2.28,2.51,2.92,2.44,1.97,0.54,,,,
2019-04-28,,,,2.44,,,,,,
2019-04-29,,,,2.44,,,,,,
2019-04-30,2.3,2.54,2.96,2.45,1.96,0.58,,,,
2019-05-01,2.27,2.51,2.93,2.45,1.95,0.56,,,,
2019-05-02,2.31,2.52,2.92,2.45,1.93,0.59,,,,
2019-05-03,2.35,2.55,2.94,2.41,1.89,0.66,,224000.0,,
2019-05-04,2.33,2.54,2.93,2.4,1.91,0.63,,,,
2019-05-05,,,,2.4,,,,,,
2019-05-06,,,,2.4,,,,,,
2019-05-07,2.31,2.51,2.91,2.4,1.91,0.6,,,,
2019-05-08,2.28,2.45,2.86,2.4,1.87,0.58,,,,
2019-05-09,2.3,2.49,2.89,2.39,1.87,0.62,,,,
2019-05-10,2.26,2.45,2.87,2.38,1.85,0.6,,225000.0,,
2019-05-11,2.26,2.47,2.89,2.38,1.88,0.59,3.7,,150591.0,
2019-05-12,,,,2.38,,,,,,
2019-05-13,,,,2.38,,,,,,
2019-05-14,2.18,2.4,2.83,2.38,1.85,0.55,,,,
2019-05-15,2.2,2.42,2.86,2.38,1.86,0.56,,,,
2019-05-16,2.16,2.37,2.82,2.4,1.83,0.54,,,,499609.0
2019-05-17,2.2,2.4,2.84,2.39,1.84,0.56,,212000.0,,
2019-05-18,2.2,2.39,2.82,2.39,1.81,0.58,,,,
2019-05-19,,,,2.39,,,,,,
2019-05-20,,,,2.39,,,,,,
2019-05-21,2.21,2.41,2.83,2.39,1.81,0.6,,,,
2019-05-22,2.26,2.43,2.84,2.39,1.83,0.6,,,,
2019-05-23,2.23,2.39,2.82,2.38,1.79,0.6,,,,
2019-05-24,2.12,2.31,2.75,2.38,1.73,0.58,,215000.0,,
2019-05-25,2.16,2.32,2.75,2.38,1.76,0.56,,,,
2019-05-26,,,,2.38,,,,,,
2019-05-27,,,,2.38,,,,,,
2019-05-28,,,,2.38,,,,,,
2019-05-29,2.12,2.26,2.7,2.39,1.73,0.53,,,,
2019-05-30,2.09,2.25,2.69,2.39,1.75,0.5,,,,
2019-05-31,2.06,2.22,2.65,2.39,1.74,0.48,,222000.0,,
2019-06-01,1.95,2.14,2.58,2.4,1.74,0.4,,,,
2019-06-02,,,,2.4,,,,,,
2019-06-03,,,,2.4,,,,,,
2019-06-04,1.82,2.07,2.53,2.38,1.73,0.34,,,,
2019-06-05,1.88,2.12,2.6,2.38,1.74,0.38,,,,
2019-06-06,1.83,2.12,2.63,2.38,1.75,0.37,,,,
2019-06-07,1.88,2.12,2.62,2.37,1.73,0.39,,223000.0,,
2019-06-08,1.85,2.09,2.57,2.37,1.74,0.35,,,,
2019-06-09,,,,2.37,,,,,,
2019-06-10,,,,2.37,,,3.6,,150618.0,
2019-06-11,1.9,2.15,2.62,2.37,1.73,0.42,,,,
2019-06-12,1.93,2.15,2.62,2.37,1.72,0.43,,,,
2019-06-13,1.88,2.13,2.62,2.37,1.71,0.42,,,,
2019-06-14,1.83,2.1,2.61,2.37,1.68,0.42,,226000.0,,
2019-06-15,1.84,2.09,2.59,2.36,1.63,0.46,,,,505356.0
2019-06-16,,,,2.36,,,,,,
2019-06-17,,,,2.36,,,,,,
2019-06-18,1.86,2.09,2.58,2.38,1.61,0.48,,,,
2019-06-19,1.86,2.06,2.55,2.37,1.64,0.42,,,,
2019-06-20,1.74,2.03,2.54,2.37,1.67,0.36,,,,
2019-06-21,1.72,2.01,2.53,2.37,1.74,0.27,,217000.0,,
2019-06-22,1.77,2.07,2.59,2.38,1.73,0.34,,,,
2019-06-23,,,,2.38,,,,,,
2019-06-24,,,,2.38,,,,,,
2019-06-25,1.72,2.02,2.55,2.38,1.71,0.31,,,,
2019-06-26,1.71,2.0,2.53,2.38,1.67,0.33,,,,
2019-06-27,1.77,2.05,2.57,2.38,1.7,0.35,,,,
2019-06-28,1.74,2.01,2.52,2.38,1.68,0.33,,234000.0,,
2019-06-29,1.75,2.0,2.52,2.4,1.69,0.31,,,,
2019-06-30,,,,2.4,,,,,,
2019-07-01,,,,2.4,,,,,,
2019-07-02,1.78,2.03,2.55,2.39,1.69,0.34,,,,
2019-07-03,1.77,1.98,2.51,2.4,1.65,0.33,,,,
2019-07-04,1.77,1.96,2.47,2.41,1.65,0.31,,,,
2019-07-05,,,,2.41,,,,226000.0,,
2019-07-06,1.87,2.04,2.54,2.42,1.69,0.35,,,,
2019-07-07,,,,2.42,,,,,,
2019-07-08,,,,2.42,,,,,,
2019-07-09,1.88,2.05,2.53,2.41,1.7,0.35,,,,
2019-07-10,1.92,2.07,2.54,2.41,1.71,0.36,,,,
2019-07-11,1.82,2.07,2.57,2.41,1.74,0.33,3.6,,150838.0,
2019-07-12,1.85,2.13,2.65,2.4,1.77,0.36,,215000.0,,
2019-07-13,1.84,2.12,2.64,2.38,1.77,0.35,,,,
2019-07-14,,,,2.38,,,,,,
2019-07-15,,,,2.38,,,,,,
2019-07-16,1.83,2.09,2.61,2.4,1.77,0.32,,,,505681.0
2019-07-17,1.87,2.13,2.63,2.41,1.8,0.33,,,,
2019-07-18,1.83,2.06,2.57,2.41,1.75,0.31,,,,
2019-07-19,1.77,2.04,2.56,2.41,1.79,0.25,,211000.0,,
2019-07-20,1.8,2.05,2.57,2.41,1.8,0.25,,,,
2019-07-21,,,,2.41,,,,,,
2019-07-22,,,,2.41,,,,,,
2019-07-23,1.8,2.05,2.58,2.4,1.79,0.26,,,,
2019-07-24,1.83,2.08,2.61,2.4,1.81,0.27,,,,
2019-07-25,1.83,2.05,2.58,2.4,1.79,0.26,,,,
2019-07-26,1.86,2.08,2.6,2.4,1.8,0.28,,202000.0,,
2019-07-27,1.86,2.08,2.59,2.4,1.78,0.3,,,,
2019-07-28,,,,2.4,,,,,,
2019-07-29,,,,2.4,,,,,,
2019-07-30,1.85,2.06,2.59,2.4,1.77,0.29,,,,
2019-07-31,1.85,2.06,2.58,2.39,1.78,0.28,,,,
2019-08-01,1.89,2.02,2.53,2.4,1.76,0.26,,,,
2019-08-02,1.73,1.9,2.44,2.14,1.7,0.2,,206000.0,,
2019-08-03,1.72,1.86,2.39,2.14,1.66,0.2,,,,
2019-08-04,,,,2.14,,,,,,
2019-08-05,,,,2.14,,,,,,
2019-08-06,1.59,1.75,2.3,2.13,1.6,0.15,,,,
2019-08-07,1.6,1.73,2.25,2.13,1.62,0.11,,,,
2019-08-08,1.59,1.71,2.22,2.12,1.62,0.09,,,,
2019-08-09,1.62,1.72,2.25,2.12,1.65,0.07,,208000.0,,
2019-08-10,1.63,1.74,2.26,2.12,1.66,0.08,3.7,,150937.0,
2019-08-11,,,,2.12,,,,,,
2019-08-12,,,,2.12,,,,,,
2019-08-13,1.58,1.65,2.14,2.12,1.61,0.04,,,,
2019-08-14,1.66,1.68,2.15,2.12,1.63,0.05,,,,
2019-08-15,1.58,1.59,2.03,2.12,1.57,0.02,,,,509389.0
2019-08-16,1.48,1.52,1.98,2.13,1.54,-0.02,,212000.0,,
2019-08-17,1.48,1.55,2.01,2.13,1.54,0.01,,,,
2019-08-18,,,,2.13,,,,,,
2019-08-19,,,,2.13,,,,,,
2019-08-20,1.53,1.6,2.08,2.13,1.56,0.04,,,,
2019-08-21,1.5,1.55,2.04,2.13,1.53,0.02,,,,
2019-08-22,1.56,1.59,2.07,2.12,1.54,0.05,,,,
2019-08-23,1.61,1.62,2.11,2.12,1.55,0.07,,207000.0,,
2019-08-24,1.51,1.52,2.02,2.12,1.54,-0.02,,,,
2019-08-25,,,,2.12,,,,,,
2019-08-26,,,,2.12,,,,,,
2019-08-27,1.54,1.54,2.04,2.12,1.54,0.0,,,,
2019-08-28,1.53,1.49,1.97,2.12,1.55,-0.06,,,,
2019-08-29,1.5,1.47,1.94,2.12,1.55,-0.08,,,,
2019-08-30,1.53,1.5,1.97,2.12,1.59,-0.09,,213000.0,,
2019-08-31,1.5,1.5,1.96,2.13,1.55,-0.05,,,,
2019-09-01,,,,2.13,,,,,,
2019-09-02,,,,2.13,,,,,,
2019-09-03,,,,2.13,,,,,,
2019-09-04,1.47,1.47,1.95,2.13,1.5,-0.03,,,,
2019-09-05,1.43,1.47,1.97,2.13,1.51,-0.04,,,,
2019-09-06,1.55,1.57,2.06,2.13,1.56,0.01,,215000.0,,
2019-09-07,1.53,1.55,2.02,2.12,1.54,0.01,,,,
2019-09-08,,,,2.12,,,,,,
2019-09-09,,,,2.12,,,,,,
2019-09-10,1.58,1.63,2.11,2.13,1.57,0.06,3.6,,151169.0,
2019-09-11,1.67,1.72,2.19,2.13,1.6,0.12,,,,
2019-09-12,1.68,1.75,2.22,2.13,1.6,0.15,,,,
2019-09-13,1.72,1.79,2.22,2.13,1.63,0.16,,207000.0,,
2019-09-14,1.79,1.9,2.37,2.14,1.67,0.23,,,,
2019-09-15,,,,2.14,,,,,,513222.0
2019-09-16,,,,2.14,,,,,,
2019-09-17,1.74,1.84,2.31,2.25,1.67,0.17,,,,
2019-09-18,1.72,1.81,2.27,2.3,1.66,0.15,,,,
2019-09-19,1.77,1.8,2.25,2.25,1.59,0.21,,,,
2019-09-20,1.74,1.79,2.22,1.9,1.61,0.18,,205000.0,,
2019-09-21,1.69,1.74,2.17,1.9,1.61,0.13,,,,
2019-09-22,,,,1.9,,,,,,
2019-09-23,,,,1.9,,,,,,
2019-09-24,1.68,1.72,2.16,1.9,1.61,0.11,,,,
2019-09-25,1.6,1.64,2.09,1.9,1.58,0.06,,,,
2019-09-26,1.68,1.73,2.18,1.9,1.6,0.13,,,,
2019-09-27,1.66,1.7,2.15,1.85,1.57,0.13,,211000.0,,
2019-09-28,1.63,1.69,2.13,1.83,1.53,0.16,,,,
2019-09-29,,,,1.83,,,,,,
2019-09-30,,,,1.83,,,,,,
2019-10-01,1.63,1.68,2.12,1.9,1.53,0.15,,,,
2019-10-02,1.56,1.65,2.11,1.88,1.52,0.13,,,,
2019-10-03,1.48,1.6,2.09,1.85,1.5,0.1,,,,
2019-10-04,1.39,1.54,2.04,1.83,1.48,0.06,,215000.0,,
2019-10-05,1.4,1.52,2.01,1.82,1.5,0.02,,,,
2019-10-06,,,,1.82,,,,,,
2019-10-07,,,,1.82,,,,,,
2019-10-08,1.46,1.56,2.05,1.82,1.51,0.05,,,,
2019-10-09,1.42,1.54,2.04,1.82,1.48,0.06,,,,
2019-10-10,1.47,1.59,2.08,1.82,1.49,0.1,,,,
2019-10-11,1.53,1.67,2.16,1.82,1.52,0.15,3.5,209000.0,151365.0,
2019-10-12,1.63,1.76,2.22,1.82,1.56,0.2,,,,
2019-10-13,,,,1.82,,,,,,
2019-10-14,,,,1.82,,,,,,
2019-10-15,,,,1.82,,,,,,
2019-10-16,1.61,1.77,2.23,1.9,1.56,0.21,,,,509503.0
2019-10-17,1.58,1.75,2.23,1.9,1.57,0.18,,,,
2019-10-18,1.6,1.76,2.24,1.85,1.59,0.17,,215000.0,,
2019-10-19,1.58,1.76,2.25,1.85,1.6,0.16,,,,
2019-10-20,,,,1.85,,,,,,
2019-10-21,,,,1.85,,,,,,
2019-10-22,1.62,1.8,2.28,1.85,1.61,0.19,,,,
2019-10-23,1.6,1.78,2.26,1.85,1.61,0.17,,,,
2019-10-24,1.58,1.77,2.25,1.85,1.61,0.16,,,,
2019-10-25,1.58,1.77,2.26,1.85,1.62,0.15,,210000.0,,
2019-10-26,1.63,1.8,2.29,1.83,1.65,0.15,,,,
2019-10-27,,,,1.83,,,,,,
2019-10-28,,,,1.83,,,,,,
2019-10-29,1.64,1.85,2.34,1.83,1.64,0.21,,,,
2019-10-30,1.64,1.84,2.33,1.82,1.61,0.23,,,,
2019-10-31,1.61,1.78,2.26,1.82,1.57,0.21,,,,
2019-11-01,1.52,1.69,2.17,1.58,1.54,0.15,,215000.0,,
2019-11-02,1.56,1.73,2.21,1.57,1.59,0.14,,,,
2019-11-03,,,,1.57,,,,,,
2019-11-04,,,,1.57,,,,,,
2019-11-05,1.6,1.79,2.27,1.56,1.64,0.15,,,,
2019-11-06,1.63,1.86,2.34,1.56,1.68,0.18,,,,
2019-11-07,1.61,1.81,2.3,1.55,1.66,0.15,,,,
2019-11-08,1.68,1.92,2.4,1.55,1.69,0.23,,214000.0,,
2019-11-09,1.68,1.94,2.43,1.55,1.71,0.23,,,,
2019-11-10,,,,1.55,,,3.6,,151460.0,
2019-11-11,,,,1.55,,,,,,
2019-11-12,,,,1.55,,,,,,
2019-11-13,1.66,1.92,2.39,1.55,1.7,0.22,,,,
2019-11-14,1.63,1.88,2.36,1.55,1.66,0.22,,,,
2019-11-15,1.58,1.82,2.31,1.55,1.62,0.2,,227000.0,,510902.0
2019-11-16,1.61,1.84,2.31,1.55,1.63,0.21,,,,
2019-11-17,,,,1.55,,,,,,
2019-11-18,,,,1.55,,,,,,
2019-11-19,1.6,1.81,2.3,1.55,1.63,0.18,,,,
2019-11-20,1.6,1.79,2.26,1.55,1.63,0.16,,,,
2019-11-21,1.56,1.73,2.2,1.55,1.6,0.13,,,,
2019-11-22,1.6,1.77,2.24,1.55,1.63,0.14,,229000.0,,
2019-11-23,1.61,1.77,2.22,1.55,1.62,0.15,,,,
2019-11-24,,,,1.55,,,,,,
2019-11-25,,,,1.55,,,,,,
2019-11-26,1.61,1.76,2.21,1.55,1.62,0.14,,,,
2019-11-27,1.58,1.74,2.18,1.55,1.62,0.12,,,,
2019-11-28,1.63,1.77,2.19,1.55,1.63,0.14,,,,
2019-11-29,,,,1.55,,,,221000.0,,
2019-11-30,1.61,1.78,2.21,1.56,1.61,0.17,,,,
2019-12-01,,,,1.56,,,,,,
2019-12-02,,,,1.56,,,,,,
2019-12-03,1.61,1.83,2.28,1.56,1.65,0.18,,,,
2019-12-04,1.53,1.72,2.17,1.55,1.63,0.09,,,,
2019-12-05,1.58,1.77,2.22,1.55,1.66,0.11,,,,
2019-12-06,1.58,1.8,2.24,1.55,1.67,0.13,,231000.0,,
2019-12-07,1.61,1.84,2.29,1.55,1.69,0.15,,,,
2019-12-08,,,,1.55,,,,,,
2019-12-09,,,,1.55,,,,,,
2019-12-10,1.63,1.83,2.27,1.55,1.69,0.14,,,,
2019-12-11,1.65,1.85,2.26,1.55,1.71,0.14,3.6,,151667.0,
2019-12-12,1.61,1.79,2.23,1.55,1.69,0.1,,,,
2019-12-13,1.66,1.9,2.32,1.55,1.72,0.18,,247000.0,,
2019-12-14,1.61,1.82,2.26,1.55,1.7,0.12,,,,
2019-12-15,,,,1.55,,,,,,
2019-12-16,,,,1.55,,,,,,514649.0
2019-12-17,1.65,1.89,2.3,1.56,1.73,0.16,,,,
2019-12-18,1.63,1.89,2.31,1.55,1.75,0.14,,,,
2019-12-19,1.63,1.92,2.35,1.55,1.76,0.16,,,,
2019-12-20,1.62,1.92,2.35,1.55,1.77,0.15,,236000.0,,
2019-12-21,1.63,1.92,2.34,1.55,1.77,0.15,,,,
2019-12-22,,,,1.55,,,,,,
2019-12-23,,,,1.55,,,,,,
2019-12-24,1.64,1.93,2.35,1.55,1.75,0.18,,,,
2019-12-25,1.62,1.9,2.33,1.55,1.75,0.15,,,,
2019-12-26,,,,1.55,,,,,,
2019-12-27,1.64,1.9,2.33,1.55,1.74,0.16,,230000.0,,
2019-12-28,1.59,1.88,2.32,1.55,1.73,0.15,,,,
2019-12-29,,,,1.55,,,,,,
2019-12-30,,,,1.55,,,,,,
2019-12-31,1.58,1.9,2.34,1.55,1.75,0.15,,,,
2020-01-01,1.58,1.92,2.39,1.55,1.77,0.15,,,,
2020-01-02,,,,1.55,,,,,,
2020-01-03,1.58,1.88,2.33,1.55,1.8,0.08,,231000.0,,
2020-01-04,1.53,1.8,2.26,1.55,1.77,0.03,,,,
2020-01-05,,,,1.55,,,,,,
2020-01-06,,,,1.55,,,,,,
2020-01-07,1.54,1.81,2.28,1.55,1.75,0.06,,,,
2020-01-08,1.54,1.83,2.31,1.55,1.74,0.09,,,,
2020-01-09,1.58,1.87,2.35,1.55,1.75,0.12,,,,
2020-01-10,1.58,1.85,2.38,1.55,1.74,0.11,3.6,224000.0,151794.0,
2020-01-11,1.56,1.83,2.28,1.54,1.76,0.07,,,,
2020-01-12,,,,1.54,,,,,,
2020-01-13,,,,1.54,,,,,,
2020-01-14,1.58,1.85,2.3,1.54,1.77,0.08,,,,
2020-01-15,1.58,1.82,2.27,1.54,1.77,0.05,,,,516273.0
2020-01-16,1.56,1.79,2.23,1.54,1.75,0.04,,,,
2020-01-17,1.58,1.81,2.26,1.54,1.74,0.07,,207000.0,,
2020-01-18,1.58,1.84,2.29,1.55,1.75,0.09,,,,
2020-01-19,,,,1.55,,,,,,
2020-01-20,,,,1.55,,,,,,
2020-01-21,,,,1.55,,,,,,
2020-01-22,1.53,1.78,2.23,1.55,1.74,0.04,,,,
2020-01-23,1.53,1.77,2.22,1.55,1.72,0.05,,,,
2020-01-24,1.51,1.74,2.18,1.55,1.7,0.04,,221000.0,,
2020-01-25,1.49,1.7,2.14,1.55,1.68,0.02,,,,
2020-01-26,,,,1.55,,,,,,
2020-01-27,,,,1.55,,,,,,
2020-01-28,1.44,1.61,2.05,1.55,1.63,-0.02,,,,
2020-01-29,1.45,1.65,2.1,1.55,1.65,0.0,,,,
2020-01-30,1.42,1.6,2.05,1.55,1.64,-0.04,,,,
2020-01-31,1.41,1.57,2.04,1.6,1.64,-0.07,,210000.0,,
2020-02-01,1.33,1.51,1.99,1.59,1.65,-0.14,,,,
2020-02-02,,,,1.59,,,,,,
2020-02-03,,,,1.59,,,,,,
2020-02-04,1.36,1.54,2.01,1.59,1.63,-0.09,,,,
2020-02-05,1.41,1.61,2.08,1.59,1.64,-0.03,,,,
2020-02-06,1.44,1.66,2.14,1.59,1.66,0.0,,,,
2020-02-07,1.44,1.65,2.11,1.59,1.67,-0.02,,207000.0,,
2020-02-08,1.41,1.59,2.05,1.58,1.66,-0.07,,,,
2020-02-09,,,,1.58,,,,,,
2020-02-10,,,,1.58,,,3.6,,152031.0,
2020-02-11,1.37,1.56,2.03,1.58,1.66,-0.1,,,,
2020-02-12,1.41,1.59,2.05,1.58,1.65,-0.06,,,,
2020-02-13,1.44,1.62,2.09,1.58,1.66,-0.04,,,,
2020-02-14,1.44,1.61,2.07,1.58,1.67,-0.06,,202000.0,,
2020-02-15,1.42,1.59,2.04,1.58,1.66,-0.07,,,,515417.0
2020-02-16,,,,1.58,,,,,,
2020-02-17,,,,1.58,,,,,,
2020-02-18,,,,1.58,,,,,,
2020-02-19,1.41,1.55,2.0,1.59,1.65,-0.1,,,,
2020-02-20,1.42,1.56,2.01,1.59,1.65,-0.09,,,,
2020-02-21,1.39,1.52,1.97,1.59,1.63,-0.11,,209000.0,,
2020-02-22,1.34,1.46,1.9,1.58,1.61,-0.15,,,,
2020-02-23,,,,1.58,,,,,,
2020-02-24,,,,1.58,,,,,,
2020-02-25,1.26,1.38,1.84,1.58,1.59,-0.21,,,,
2020-02-26,1.2,1.33,1.8,1.58,1.53,-0.2,,,,
2020-02-27,1.16,1.33,1.81,1.58,1.54,-0.21,,,,
2020-02-28,1.11,1.3,1.79,1.58,1.53,-0.23,,218000.0,,
2020-02-29,0.86,1.13,1.65,1.58,1.41,-0.28,,,,
2020-03-01,,,,1.58,,,,,,
2020-03-02,,,,1.58,,,,,,
2020-03-03,0.84,1.1,1.66,1.59,1.41,-0.31,,,,
2020-03-04,0.71,1.02,1.64,1.59,1.45,-0.43,,,,
2020-03-05,0.67,1.02,1.67,1.09,1.46,-0.44,,,,
2020-03-06,0.59,0.92,1.56,1.09,1.4,-0.48,,215000.0,,
2020-03-07,0.49,0.74,1.25,1.09,1.31,-0.57,,,,
2020-03-08,,,,1.09,,,,,,
2020-03-09,,,,1.09,,,,,,
2020-03-10,0.38,0.54,0.99,1.09,0.99,-0.45,,,,
2020-03-11,0.5,0.76,1.28,1.09,1.0,-0.24,,,,
2020-03-12,0.5,0.82,1.3,1.09,0.96,-0.14,3.5,,152293.0,
2020-03-13,0.5,0.88,1.49,1.1,0.92,-0.04,,208000.0,,
2020-03-14,0.49,0.94,1.56,1.1,0.9,0.04,,,,
2020-03-15,,,,1.1,,,,,,
2020-03-16,,,,1.1,,,,,,
2020-03-17,0.36,0.73,1.34,0.25,0.73,0.0,,,,515800.0
2020-03-18,0.47,1.02,1.63,0.25,0.63,0.39,,,,
2020-03-19,0.54,1.18,1.77,0.25,0.63,0.55,,,,
2020-03-20,0.44,1.12,1.78,0.2,0.5,0.62,,273000.0,,
2020-03-21,0.37,0.92,1.55,0.15,0.75,0.17,,,,
2020-03-22,,,,0.15,,,,,,
2020-03-23,,,,0.15,,,,,,
2020-03-24,0.28,0.76,1.33,0.15,0.8,-0.04,,,,
2020-03-25,0.38,0.84,1.39,0.12,0.97,-0.13,,,,
2020-03-26,0.34,0.88,1.45,0.1,1.07,-0.19,,,,
2020-03-27,0.3,0.83,1.42,0.1,1.07,-0.24,,2914000.0,,
2020-03-28,0.25,0.72,1.29,0.1,0.94,-0.22,,,,
2020-03-29,,,,0.1,,,,,,
2020-03-30,,,,0.1,,,,,,
2020-03-31,0.23,0.7,1.31,0.09,0.95,-0.25,,,,
2020-04-01,0.23,0.7,1.35,0.08,0.87,-0.17,,,,
2020-04-02,0.23,0.62,1.27,0.06,0.91,-0.29,,,,
2020-04-03,0.23,0.63,1.26,0.05,1.03,-0.4,,5946000.0,,
2020-04-04,0.23,0.62,1.24,0.05,1.08,-0.46,,,,
2020-04-05,,,,0.05,,,,,,
2020-04-06,,,,0.05,,,,,,
2020-04-07,0.27,0.67,1.27,0.05,1.14,-0.47,,,,
2020-04-08,0.28,0.75,1.32,0.05,1.17,-0.42,,,,
2020-04-09,0.27,0.77,1.37,0.05,1.19,-0.42,,,,
2020-04-10,0.23,0.73,1.35,0.05,1.23,-0.5,4.4,6137000.0,150895.0,
2020-04-11,,,,0.05,,,,,,
2020-04-12,,,,0.05,,,,,,
2020-04-13,,,,0.05,,,,,,
2020-04-14,0.25,0.76,1.39,0.05,1.26,-0.5,,,,
2020-04-15,0.23,0.76,1.41,0.05,1.29,-0.53,,,,468632.0
2020-04-16,0.2,0.63,1.27,0.05,1.19,-0.56,,,,
2020-04-17,0.2,0.61,1.21,0.05,1.03,-0.42,,4869000.0,,
2020-04-18,0.2,0.65,1.27,0.05,1.01,-0.36,,,,
2020-04-19,,,,0.05,,,,,,
2020-04-20,,,,0.05,,,,,,
2020-04-21,0.2,0.63,1.23,0.05,0.94,-0.31,,,,
2020-04-22,0.2,0.58,1.17,0.05,0.96,-0.38,,,,
2020-04-23,0.22,0.63,1.22,0.05,1.06,-0.43,,,,
2020-04-24,0.22,0.61,1.18,0.04,1.05,-0.44,,4201000.0,,
2020-04-25,0.22,0.6,1.17,0.05,1.11,-0.51,,,,
2020-04-26,,,,0.05,,,,,,
2020-04-27,,,,0.05,,,,,,
2020-04-28,0.24,0.67,1.25,0.04,1.17,-0.5,,,,
2020-04-29,0.2,0.62,1.2,0.04,1.14,-0.52,,,,
2020-04-30,0.2,0.63,1.24,0.04,1.14,-0.51,,,,
2020-05-01,0.2,0.64,1.28,0.05,1.07,-0.43,,3446000.0,,
2020-05-02,0.2,0.64,1.27,0.05,1.06,-0.42,,,,
2020-05-03,,,,0.05,,,,,,
2020-05-04,,,,0.05,,,,,,
2020-05-05,0.19,0.64,1.29,0.05,1.07,-0.43,,,,
2020-05-06,0.19,0.66,1.32,0.05,1.1,-0.44,,,,
2020-05-07,0.17,0.72,1.41,0.05,1.1,-0.38,,,,
2020-05-08,0.13,0.63,1.31,0.05,1.08,-0.45,,2796000.0,,
2020-05-09,0.16,0.69,1.39,0.05,1.12,-0.43,,,,
2020-05-10,,,,0.05,,,,,,
2020-05-11,,,,0.05,,,14.8,,130426.0,
2020-05-12,0.17,0.73,1.43,0.05,1.13,-0.4,,,,
2020-05-13,0.17,0.69,1.38,0.05,1.09,-0.4,,,,
2020-05-14,0.16,0.64,1.35,0.05,1.07,-0.43,,,,
2020-05-15,0.16,0.63,1.3,0.05,1.06,-0.43,,2335000.0,,
2020-05-16,0.16,0.64,1.32,0.05,1.09,-0.45,,,,402157.0
2020-05-17,,,,0.05,,,,,,
2020-05-18,,,,0.05,,,,,,
2020-05-19,0.18,0.73,1.44,0.05,1.17,-0.44,,,,
2020-05-20,0.17,0.7,1.43,0.05,1.15,-0.45,,,,
2020-05-21,0.16,0.68,1.4,0.05,1.16,-0.48,,,,
2020-05-22,0.17,0.68,1.4,0.05,1.14,-0.46,,2176000.0,,
2020-05-23,0.17,0.66,1.37,0.05,1.12,-0.46,,,,
2020-05-24,,,,0.05,,,,,,
2020-05-25,,,,0.05,,,,,,
2020-05-26,,,,0.05,,,,,,
2020-05-27,0.18,0.69,1.43,0.05,1.13,-0.44,,,,
2020-05-28,0.19,0.68,1.44,0.05,1.14,-0.46,,,,
2020-05-29,0.17,0.7,1.47,0.05,1.18,-0.48,,1921000.0,,
2020-05-30,0.16,0.65,1.41,0.05,1.15,-0.5,,,,
2020-05-31,,,,0.05,,,,,,
2020-06-01,,,,0.05,,,,,,
2020-06-02,0.14,0.66,1.46,0.05,1.18,-0.52,,,,
2020-06-03,0.17,0.68,1.48,0.06,1.18,-0.5,,,,
2020-06-04,0.19,0.77,1.56,0.06,1.21,-0.44,,,,
2020-06-05,0.19,0.82,1.61,0.06,1.22,-0.4,,1639000.0,,
2020-06-06,0.22,0.91,1.68,0.07,1.27,-0.36,,,,
2020-06-07,,,,0.07,,,,,,
2020-06-08,,,,0.07,,,,,,
2020-06-09,0.22,0.88,1.65,0.07,1.28,-0.4,,,,
2020-06-10,0.2,0.84,1.59,0.07,1.26,-0.42,13.2,,133040.0,
2020-06-11,0.17,0.75,1.53,0.08,1.27,-0.52,,,,
2020-06-12,0.19,0.66,1.41,0.08,1.21,-0.55,,1575000.0,,
2020-06-13,0.19,0.71,1.45,0.08,1.21,-0.5,,,,
2020-06-14,,,,0.08,,,,,,
2020-06-15,,,,0.08,,,,,,480256.0
2020-06-16,0.19,0.71,1.45,0.09,1.23,-0.52,,,,
2020-06-17,0.21,0.75,1.54,0.09,1.27,-0.52,,,,
2020-06-18,0.19,0.74,1.52,0.09,1.26,-0.52,,,,
2020-06-19,0.19,0.71,1.47,0.09,1.28,-0.57,,1473000.0,,
2020-06-20,0.19,0.7,1.47,0.09,1.3,-0.6,,,,
2020-06-21,,,,0.09,,,,,,
2020-06-22,,,,0.09,,,,,,
2020-06-23,0.19,0.71,1.46,0.08,1.34,-0.63,,,,
2020-06-24,0.18,0.72,1.49,0.08,1.38,-0.66,,,,
2020-06-25,0.19,0.69,1.44,0.08,1.33,-0.64,,,,
2020-06-26,0.17,0.68,1.43,0.08,1.33,-0.65,,1467000.0,,
2020-06-27,0.17,0.64,1.37,0.08,1.32,-0.68,,,,
2020-06-28,,,,0.08,,,,,,
2020-06-29,,,,0.08,,,,,,
2020-06-30,0.16,0.64,1.39,0.08,1.34,-0.7,,,,
2020-07-01,0.16,0.66,1.41,0.08,1.34,-0.68,,,,
2020-07-02,0.17,0.69,1.43,0.08,1.37,-0.68,,,,
2020-07-03,0.16,0.68,1.43,0.09,1.41,-0.73,,1446000.0,,
2020-07-04,,,,0.09,,,,,,
2020-07-05,,,,0.09,,,,,,
2020-07-06,,,,0.09,,,,,,
2020-07-07,0.16,0.69,1.45,0.09,1.45,-0.76,,,,
2020-07-08,0.16,0.65,1.38,0.09,1.43,-0.78,,,,
2020-07-09,0.16,0.67,1.39,0.09,1.42,-0.75,,,,
2020-07-10,0.16,0.62,1.32,0.09,1.39,-0.77,,1413000.0,,
2020-07-11,0.16,0.65,1.33,0.09,1.41,-0.76,11.0,,137671.0,
2020-07-12,,,,0.09,,,,,,
2020-07-13,,,,0.09,,,,,,
2020-07-14,0.16,0.64,1.33,0.09,1.42,-0.78,,,,
2020-07-15,0.14,0.63,1.3,0.09,1.41,-0.78,,,,
2020-07-16,0.16,0.64,1.33,0.1,1.41,-0.77,,,,518998.0
2020-07-17,0.16,0.62,1.31,0.1,1.41,-0.79,,1468000.0,,
2020-07-18,0.14,0.64,1.33,0.09,1.46,-0.82,,,,
2020-07-19,,,,0.09,,,,,,
2020-07-20,,,,0.09,,,,,,
2020-07-21,0.16,0.62,1.32,0.1,1.46,-0.84,,,,
2020-07-22,0.14,0.61,1.31,0.1,1.48,-0.87,,,,
2020-07-23,0.14,0.6,1.29,0.09,1.48,-0.88,,,,
2020-07-24,0.16,0.59,1.24,0.09,1.49,-0.9,,1393000.0,,
2020-07-25,0.14,0.59,1.23,0.09,1.51,-0.92,,,,
2020-07-26,,,,0.09,,,,,,
2020-07-27,,,,0.09,,,,,,
2020-07-28,0.15,0.62,1.25,0.1,1.52,-0.9,,,,
2020-07-29,0.14,0.59,1.22,0.1,1.51,-0.92,,,,
2020-07-30,0.12,0.58,1.24,0.1,1.53,-0.95,,,,
2020-07-31,0.11,0.55,1.2,0.1,1.52,-0.97,,1260000.0,,
2020-08-01,0.11,0.55,1.2,0.1,1.55,-1.0,,,,
2020-08-02,,,,0.1,,,,,,
2020-08-03,,,,0.1,,,,,,
2020-08-04,0.11,0.56,1.23,0.1,1.58,-1.02,,,,
2020-08-05,0.11,0.52,1.19,0.1,1.57,-1.05,,,,
2020-08-06,0.11,0.55,1.22,0.1,1.61,-1.06,,,,
2020-08-07,0.11,0.55,1.2,0.1,1.63,-1.08,,1044000.0,,
2020-08-08,0.13,0.57,1.23,0.1,1.61,-1.04,,,,
2020-08-09,,,,0.1,,,,,,
2020-08-10,,,,0.1,,,10.2,,139255.0,
2020-08-11,0.14,0.59,1.25,0.1,1.61,-1.02,,,,
2020-08-12,0.16,0.64,1.32,0.1,1.63,-0.99,,,,
2020-08-13,0.16,0.69,1.37,0.1,1.67,-0.98,,,,
2020-08-14,0.16,0.71,1.42,0.1,1.67,-0.96,,884000.0,,
2020-08-15,0.14,0.71,1.45,0.1,1.65,-0.94,,,,526938.0
2020-08-16,,,,0.1,,,,,,
2020-08-17,,,,0.1,,,,,,
2020-08-18,0.14,0.69,1.43,0.1,1.66,-0.97,,,,
2020-08-19,0.14,0.67,1.4,0.09,1.68,-1.01,,,,
2020-08-20,0.14,0.68,1.42,0.09,1.67,-0.99,,,,
2020-08-21,0.13,0.65,1.38,0.09,1.62,-0.97,,927000.0,,
2020-08-22,0.16,0.64,1.35,0.09,1.64,-1.0,,,,
2020-08-23,,,,0.09,,,,,,
2020-08-24,,,,0.09,,,,,,
2020-08-25,0.14,0.65,1.35,0.09,1.67,-1.02,,,,
2020-08-26,0.15,0.69,1.39,0.09,1.7,-1.01,,,,
2020-08-27,0.16,0.69,1.41,0.09,1.72,-1.03,,,,
2020-08-28,0.16,0.74,1.5,0.08,1.73,-0.99,,876000.0,,
2020-08-29,0.14,0.74,1.52,0.09,1.77,-1.03,,,,
2020-08-30,,,,0.09,,,,,,
2020-08-31,,,,0.09,,,,,,
2020-09-01,0.14,0.72,1.49,0.09,1.8,-1.08,,,,
2020-09-02,0.13,0.68,1.43,0.09,1.76,-1.08,,,,
2020-09-03,0.14,0.66,1.38,0.09,1.73,-1.07,,,,
2020-09-04,0.13,0.63,1.34,0.09,1.65,-1.02,,881000.0,,
2020-09-05,0.14,0.72,1.46,0.09,1.7,-0.98,,,,
2020-09-06,,,,0.09,,,,,,
2020-09-07,,,,0.09,,,,,,
2020-09-08,,,,0.09,,,,,,
2020-09-09,0.14,0.69,1.43,0.09,1.68,-0.99,,,,
2020-09-10,0.14,0.71,1.45,0.09,1.71,-1.0,8.4,,140821.0,
2020-09-11,0.14,0.68,1.43,0.09,1.69,-1.01,,892000.0,,
2020-09-12,0.13,0.67,1.42,0.09,1.65,-0.98,,,,
2020-09-13,,,,0.09,,,,,,
2020-09-14,,,,0.09,,,,,,
2020-09-15,0.14,0.68,1.42,0.09,1.65,-0.97,,,,531019.0
2020-09-16,0.14,0.68,1.43,0.09,1.67,-0.99,,,,
2020-09-17,0.14,0.69,1.45,0.09,1.68,-0.99,,,,
2020-09-18,0.13,0.69,1.43,0.09,1.66,-0.97,,861000.0,,
2020-09-19,0.14,0.7,1.45,0.09,1.67,-0.97,,,,
2020-09-20,,,,0.09,,,,,,
2020-09-21,,,,0.09,,,,,,
2020-09-22,0.14,0.68,1.43,0.09,1.62,-0.94,,,,
2020-09-23,0.13,0.68,1.42,0.09,1.62,-0.94,,,,
2020-09-24,0.14,0.68,1.42,0.09,1.6,-0.92,,,,
2020-09-25,0.14,0.67,1.4,0.09,1.58,-0.91,,859000.0,,
2020-09-26,0.12,0.66,1.4,0.09,1.58,-0.92,,,,
2020-09-27,,,,0.09,,,,,,
2020-09-28,,,,0.09,,,,,,
2020-09-29,0.14,0.67,1.42,0.09,1.61,-0.94,,,,
2020-09-30,0.11,0.66,1.41,0.09,1.64,-0.98,,,,
2020-10-01,0.13,0.69,1.46,0.09,1.63,-0.94,,,,
2020-10-02,0.14,0.68,1.45,0.09,1.63,-0.95,,795000.0,,
2020-10-03,0.13,0.7,1.48,0.09,1.64,-0.94,,,,
2020-10-04,,,,0.09,,,,,,
2020-10-05,,,,0.09,,,,,,
2020-10-06,0.14,0.78,1.57,0.09,1.68,-0.9,,,,
2020-10-07,0.14,0.76,1.56,0.09,1.66,-0.9,,,,
2020-10-08,0.16,0.81,1.6,0.09,1.71,-0.9,,,,
2020-10-09,0.13,0.78,1.57,0.09,1.72,-0.94,,785000.0,,
2020-10-10,0.16,0.79,1.58,0.09,1.73,-0.94,,,,
2020-10-11,,,,0.09,,,7.8,,141770.0,
2020-10-12,,,,0.09,,,,,,
2020-10-13,,,,0.09,,,,,,
2020-10-14,0.16,0.74,1.52,0.09,1.7,-0.96,,,,
2020-10-15,0.14,0.73,1.5,0.09,1.69,-0.96,,,,
2020-10-16,0.14,0.74,1.52,0.09,1.69,-0.95,,839000.0,,541241.0
2020-10-17,0.14,0.76,1.52,0.09,1.71,-0.95,,,,
2020-10-18,,,,0.09,,,,,,
2020-10-19,,,,0.09,,,,,,
2020-10-20,0.16,0.78,1.55,0.09,1.71,-0.93,,,,
2020-10-21,0.14,0.81,1.6,0.09,1.72,-0.91,,,,
2020-10-22,0.14,0.83,1.62,0.09,1.74,-0.91,,,,
2020-10-23,0.16,0.87,1.67,0.09,1.76,-0.89,,804000.0,,
2020-10-24,0.18,0.85,1.64,0.09,1.75,-0.9,,,,
2020-10-25,,,,0.09,,,,,,
2020-10-26,,,,0.09,,,,,,
2020-10-27,0.16,0.81,1.59,0.09,1.72,-0.91,,,,
2020-10-28,0.16,0.79,1.57,0.09,1.71,-0.92,,,,
2020-10-29,0.16,0.79,1.56,0.09,1.7,-0.91,,,,
2020-10-30,0.16,0.85,1.62,0.09,1.71,-0.86,,776000.0,,
2020-10-31,0.14,0.88,1.65,0.09,1.7,-0.82,,,,
2020-11-01,,,,0.09,,,,,,
2020-11-02,,,,0.09,,,,,,
2020-11-03,0.16,0.87,1.63,0.09,1.71,-0.84,,,,
2020-11-04,0.17,0.9,1.66,0.09,1.72,-0.82,,,,
2020-11-05,0.14,0.78,1.55,0.09,1.64,-0.86,,,,
2020-11-06,0.14,0.79,1.54,0.09,1.66,-0.87,,773000.0,,
2020-11-07,0.16,0.83,1.6,0.09,1.65,-0.82,,,,
2020-11-08,,,,0.09,,,,,,
2020-11-09,,,,0.09,,,,,,
2020-11-10,0.17,0.96,1.73,0.09,1.73,-0.77,6.9,,142460.0,
2020-11-11,0.19,0.98,1.75,0.09,1.76,-0.78,,,,
2020-11-12,,,,0.09,,,,,,
2020-11-13,0.17,0.88,1.64,0.09,1.71,-0.83,,737000.0,,
2020-11-14,0.17,0.89,1.65,0.09,1.72,-0.83,,,,
2020-11-15,,,,0.09,,,,,,539469.0
2020-11-16,,,,0.09,,,,,,
2020-11-17,0.19,0.91,1.66,0.09,1.72,-0.81,,,,
2020-11-18,0.18,0.87,1.62,0.09,1.7,-0.83,,,,
2020-11-19,0.16,0.88,1.62,0.09,1.7,-0.82,,,,
2020-11-20,0.18,0.86,1.58,0.08,1.7,-0.84,,738000.0,,
2020-11-21,0.16,0.83,1.53,0.08,1.69,-0.86,,,,
2020-11-22,,,,0.08,,,,,,
2020-11-23,,,,0.08,,,,,,
2020-11-24,0.16,0.86,1.56,0.08,1.71,-0.85,,,,
2020-11-25,0.16,0.88,1.6,0.08,1.74,-0.86,,,,
2020-11-26,0.17,0.88,1.62,0.08,1.75,-0.87,,,,
2020-11-27,,,,0.08,,,,793000.0,,
2020-11-28,0.16,0.84,1.57,0.08,1.75,-0.91,,,,
2020-11-29,,,,0.08,,,,,,
2020-11-30,,,,0.08,,,,,,
2020-12-01,0.16,0.84,1.58,0.09,1.77,-0.93,,,,
2020-12-02,0.17,0.92,1.66,0.09,1.81,-0.89,,,,
2020-12-03,0.16,0.95,1.7,0.09,1.85,-0.9,,,,
2020-12-04,0.16,0.92,1.67,0.09,1.86,-0.94,,737000.0,,
2020-12-05,0.16,0.97,1.73,0.09,1.89,-0.92,,,,
2020-12-06,,,,0.09,,,,,,
2020-12-07,,,,0.09,,,,,,
2020-12-08,0.14,0.94,1.69,0.09,1.88,-0.94,,,,
2020-12-09,0.14,0.92,1.67,0.09,1.89,-0.97,,,,
2020-12-10,0.16,0.95,1.69,0.09,1.91,-0.96,,,,
2020-12-11,0.14,0.92,1.65,0.09,1.88,-0.96,6.7,873000.0,142733.0,
2020-12-12,0.11,0.9,1.63,0.09,1.87,-0.97,,,,
2020-12-13,,,,0.09,,,,,,
2020-12-14,,,,0.09,,,,,,
2020-12-15,0.13,0.9,1.63,0.09,1.88,-0.98,,,,
2020-12-16,0.11,0.92,1.65,0.09,1.91,-0.99,,,,534539.0
2020-12-17,0.13,0.92,1.66,0.09,1.92,-1.0,,,,
2020-12-18,0.13,0.94,1.68,0.09,1.94,-1.0,,886000.0,,
2020-12-19,0.13,0.95,1.7,0.09,1.95,-1.0,,,,
2020-12-20,,,,0.09,,,,,,
2020-12-21,,,,0.09,,,,,,
2020-12-22,0.13,0.95,1.68,0.09,1.95,-1.0,,,,
2020-12-23,0.13,0.93,1.65,0.09,1.94,-1.01,,,,
2020-12-24,0.13,0.96,1.7,0.09,1.97,-1.01,,,,
2020-12-25,0.13,0.94,1.66,0.09,1.97,-1.03,,815000.0,,
2020-12-26,,,,0.09,,,,,,
2020-12-27,,,,0.09,,,,,,
2020-12-28,,,,0.09,,,,,,
2020-12-29,0.13,0.94,1.67,0.09,1.97,-1.03,,,,
2020-12-30,0.12,0.94,1.67,0.09,1.96,-1.02,,,,
2020-12-31,0.12,0.93,1.66,0.09,1.96,-1.03,,,,
2021-01-01,0.13,0.93,1.65,0.09,1.99,-1.06,,773000.0,,
2021-01-02,,,,0.09,,,,,,
2021-01-03,,,,0.09,,,,,,
2021-01-04,,,,0.09,,,,,,
2021-01-05,0.11,0.93,1.66,0.09,2.01,-1.08,,,,
2021-01-06,0.13,0.96,1.7,0.09,2.03,-1.07,,,,
2021-01-07,0.14,1.04,1.81,0.09,2.06,-1.02,,,,
2021-01-08,0.14,1.08,1.85,0.09,2.09,-1.01,,803000.0,,
2021-01-09,0.14,1.13,1.87,0.09,2.06,-0.93,,,,
2021-01-10,,,,0.09,,,6.7,,142548.0,
2021-01-11,,,,0.09,,,,,,
2021-01-12,0.14,1.15,1.88,0.09,2.06,-0.91,,,,
2021-01-13,0.14,1.15,1.88,0.09,2.08,-0.93,,,,
2021-01-14,0.14,1.1,1.82,0.09,2.06,-0.96,,,,
2021-01-15,0.16,1.15,1.88,0.09,2.09,-0.94,,890000.0,,539422.0
2021-01-16,0.13,1.11,1.85,0.09,2.1,-0.99,,,,
2021-01-17,,,,0.09,,,,,,
2021-01-18,,,,0.09,,,,,,
2021-01-19,,,,0.09,,,,,,
2021-01-20,0.14,1.1,1.84,0.09,2.1,-1.0,,,,
2021-01-21,0.13,1.1,1.84,0.09,2.12,-1.02,,,,
2021-01-22,0.13,1.12,1.87,0.08,2.1,-0.98,,844000.0,,
2021-01-23,0.13,1.1,1.85,0.08,2.09,-0.99,,,,
2021-01-24,,,,0.08,,,,,,
2021-01-25,,,,0.08,,,,,,
2021-01-26,0.13,1.05,1.8,0.08,2.08,-1.03,,,,
2021-01-27,0.11,1.05,1.8,0.08,2.08,-1.03,,,,
2021-01-28,0.12,1.04,1.79,0.08,2.08,-1.04,,,,
2021-01-29,0.12,1.07,1.81,0.07,2.13,-1.06,,799000.0,,
2021-01-30,0.11,1.11,1.87,0.07,2.13,-1.02,,,,
2021-01-31,,,,0.07,,,,,,
2021-02-01,,,,0.07,,,,,,
2021-02-02,0.11,1.09,1.84,0.08,2.11,-1.02,,,,
2021-02-03,0.11,1.12,1.87,0.08,2.15,-1.03,,,,
2021-02-04,0.11,1.15,1.92,0.08,2.19,-1.04,,,,
2021-02-05,0.11,1.15,1.93,0.08,2.17,-1.02,,803000.0,,
2021-02-06,0.09,1.19,1.97,0.08,2.21,-1.02,,,,
2021-02-07,,,,0.08,,,,,,
2021-02-08,,,,0.08,,,,,,
2021-02-09,0.11,1.19,1.96,0.07,2.22,-1.03,,,,
2021-02-10,0.11,1.18,1.95,0.08,2.22,-1.04,6.4,,142863.0,
2021-02-11,0.11,1.15,1.92,0.08,2.21,-1.06,,,,
2021-02-12,0.11,1.16,1.94,0.08,2.2,-1.04,,812000.0,,
2021-02-13,0.11,1.2,2.01,0.08,2.21,-1.01,,,,
2021-02-14,,,,0.08,,,,,,
2021-02-15,,,,0.08,,,,,,559736.0
2021-02-16,,,,0.08,,,,,,
2021-02-17,0.13,1.3,2.08,0.08,2.24,-0.94,,,,
2021-02-18,0.11,1.29,2.06,0.08,2.21,-0.92,,,,
2021-02-19,0.11,1.29,2.08,0.07,2.16,-0.87,,802000.0,,
2021-02-20,0.11,1.34,2.14,0.07,2.14,-0.8,,,,
2021-02-21,,,,0.07,,,,,,
2021-02-22,,,,0.07,,,,,,
2021-02-23,0.11,1.37,2.19,0.07,2.16,-0.79,,,,
2021-02-24,0.11,1.37,2.21,0.07,2.16,-0.79,,,,
2021-02-25,0.12,1.38,2.24,0.07,2.17,-0.79,,,,
2021-02-26,0.17,1.54,2.33,0.07,2.14,-0.6,,702000.0,,
2021-02-27,0.14,1.44,2.17,0.07,2.15,-0.71,,,,
2021-02-28,,,,0.07,,,,,,
2021-03-01,,,,0.07,,,,,,
2021-03-02,0.13,1.45,2.23,0.07,2.16,-0.71,,,,
2021-03-03,0.13,1.42,2.21,0.07,2.2,-0.78,,,,
2021-03-04,0.14,1.47,2.25,0.07,2.21,-0.74,,,,
2021-03-05,0.14,1.54,2.3,0.07,2.2,-0.66,,704000.0,,
2021-03-06,0.14,1.56,2.28,0.07,2.22,-0.66,,,,
2021-03-07,,,,0.07,,,,,,
2021-03-08,,,,0.07,,,,,,
2021-03-09,0.17,1.59,2.31,0.07,2.21,-0.62,,,,
2021-03-10,0.17,1.55,2.26,0.07,2.21,-0.66,,,,
2021-03-11,0.16,1.53,2.24,0.07,2.26,-0.73,,,,
2021-03-12,0.14,1.54,2.29,0.07,2.28,-0.74,,693000.0,,
2021-03-13,0.14,1.64,2.4,0.07,2.26,-0.62,6.2,,143380.0,
2021-03-14,,,,0.07,,,,,,
2021-03-15,,,,0.07,,,,,,
2021-03-16,0.14,1.62,2.37,0.07,2.27,-0.65,,,,
2021-03-17,0.15,1.62,2.38,0.07,2.3,-0.68,,,,
2021-03-18,0.13,1.63,2.42,0.07,2.3,-0.67,,,,545417.0
2021-03-19,0.16,1.71,2.45,0.07,2.27,-0.56,,699000.0,,
2021-03-20,0.16,1.74,2.45,0.07,2.31,-0.57,,,,
2021-03-21,,,,0.07,,,,,,
2021-03-22,,,,0.07,,,,,,
2021-03-23,0.15,1.69,2.38,0.07,2.33,-0.64,,,,
2021-03-24,0.15,1.63,2.34,0.07,2.29,-0.66,,,,
2021-03-25,0.14,1.62,2.31,0.07,2.31,-0.69,,,,
2021-03-26,0.14,1.63,2.34,0.07,2.32,-0.69,,627000.0,,
2021-03-27,0.14,1.67,2.37,0.07,2.34,-0.67,,,,
2021-03-28,,,,0.07,,,,,,
2021-03-29,,,,0.07,,,,,,
2021-03-30,0.14,1.73,2.43,0.07,2.36,-0.63,,,,
2021-03-31,0.16,1.73,2.38,0.07,2.35,-0.62,,,,
2021-04-01,0.16,1.74,2.41,0.06,2.37,-0.63,,,,
2021-04-02,0.17,1.69,2.34,0.07,2.35,-0.66,,658000.0,,
2021-04-03,0.19,1.72,2.35,0.07,2.36,-0.64,,,,
2021-04-04,,,,0.07,,,,,,
2021-04-05,,,,0.07,,,,,,
2021-04-06,0.17,1.73,2.36,0.07,2.35,-0.62,,,,
2021-04-07,0.16,1.67,2.32,0.07,2.32,-0.65,,,,
2021-04-08,0.16,1.68,2.35,0.07,2.34,-0.66,,,,
2021-04-09,0.14,1.64,2.32,0.07,2.33,-0.69,,645000.0,,
2021-04-10,0.16,1.67,2.34,0.07,2.31,-0.64,6.1,,144232.0,
2021-04-11,,,,0.07,,,,,,
2021-04-12,,,,0.07,,,,,,
2021-04-13,0.18,1.69,2.34,0.07,2.33,-0.64,,,,
2021-04-14,0.16,1.64,2.32,0.07,2.33,-0.69,,,,
2021-04-15,0.16,1.64,2.32,0.07,2.33,-0.69,,,,603580.0
2021-04-16,0.16,1.56,2.23,0.07,2.33,-0.77,,571000.0,,
2021-04-17,0.16,1.59,2.26,0.07,2.36,-0.77,,,,
2021-04-18,,,,0.07,,,,,,
2021-04-19,,,,0.07,,,,,,
2021-04-20,0.16,1.61,2.29,0.07,2.34,-0.73,,,,
2021-04-21,0.15,1.58,2.27,0.07,2.32,-0.74,,,,
2021-04-22,0.15,1.57,2.26,0.07,2.33,-0.76,,,,
2021-04-23,0.16,1.57,2.24,0.07,2.33,-0.76,,566000.0,,
2021-04-24,0.16,1.58,2.25,0.07,2.34,-0.76,,,,
2021-04-25,,,,0.07,,,,,,
2021-04-26,,,,0.07,,,,,,
2021-04-27,0.18,1.58,2.24,0.07,2.36,-0.78,,,,
2021-04-28,0.17,1.63,2.29,0.07,2.39,-0.76,,,,
2021-04-29,0.17,1.63,2.29,0.07,2.41,-0.78,,,,
2021-04-30,0.16,1.65,2.31,0.06,2.42,-0.77,,574000.0,,
2021-05-01,0.16,1.65,2.3,0.05,2.41,-0.76,,,,
2021-05-02,,,,0.05,,,,,,
2021-05-03,,,,0.05,,,,,,
2021-05-04,0.16,1.63,2.3,0.06,2.42,-0.79,,,,
2021-05-05,0.16,1.61,2.27,0.06,2.42,-0.81,,,,
2021-05-06,0.16,1.59,2.25,0.06,2.47,-0.88,,,,
2021-05-07,0.16,1.58,2.24,0.06,2.45,-0.87,,517000.0,,
2021-05-08,0.14,1.6,2.28,0.06,2.49,-0.89,,,,
2021-05-09,,,,0.06,,,,,,
2021-05-10,,,,0.06,,,,,,
2021-05-11,0.16,1.63,2.32,0.06,2.54,-0.91,6.1,,144587.0,
2021-05-12,0.16,1.64,2.35,0.06,2.53,-0.89,,,,
2021-05-13,0.16,1.69,2.4,0.06,2.54,-0.85,,,,
2021-05-14,0.16,1.66,2.39,0.06,2.51,-0.85,,494000.0,,
2021-05-15,0.16,1.63,2.35,0.06,2.51,-0.88,,,,
2021-05-16,,,,0.06,,,,,,609247.0
2021-05-17,,,,0.06,,,,,,
2021-05-18,0.16,1.64,2.36,0.06,2.54,-0.9,,,,
2021-05-19,0.16,1.64,2.37,0.06,2.52,-0.88,,,,
2021-05-20,0.16,1.68,2.38,0.06,2.48,-0.8,,,,
2021-05-21,0.15,1.63,2.34,0.06,2.41,-0.78,,467000.0,,
2021-05-22,0.17,1.63,2.33,0.06,2.43,-0.8,,,,
2021-05-23,,,,0.06,,,,,,
2021-05-24,,,,0.06,,,,,,
2021-05-25,0.15,1.61,2.31,0.06,2.44,-0.83,,,,
2021-05-26,0.15,1.56,2.26,0.06,2.42,-0.86,,,,
2021-05-27,0.14,1.58,2.27,0.06,2.4,-0.82,,,,
2021-05-28,0.14,1.61,2.29,0.06,2.42,-0.81,,441000.0,,
2021-05-29,0.14,1.58,2.26,0.05,2.42,-0.84,,,,
2021-05-30,,,,0.05,,,,,,
2021-05-31,,,,0.05,,,,,,
2021-06-01,,,,0.05,,,,,,
2021-06-02,0.16,1.62,2.3,0.06,2.46,-0.84,,,,
2021-06-03,0.13,1.59,2.28,0.06,2.44,-0.85,,,,
2021-06-04,0.16,1.63,2.3,0.06,2.42,-0.79,,427000.0,,
2021-06-05,0.14,1.56,2.24,0.06,2.4,-0.84,,,,
2021-06-06,,,,0.06,,,,,,
2021-06-07,,,,0.06,,,,,,
2021-06-08,0.16,1.57,2.25,0.06,2.39,-0.82,,,,
2021-06-09,0.14,1.53,2.21,0.06,2.36,-0.83,,,,
2021-06-10,0.16,1.5,2.17,0.06,2.32,-0.82,5.8,,145065.0,
2021-06-11,0.14,1.45,2.15,0.06,2.35,-0.9,,420000.0,,
2021-06-12,0.16,1.47,2.15,0.06,2.32,-0.85,,,,
2021-06-13,,,,0.06,,,,,,
2021-06-14,,,,0.06,,,,,,
2021-06-15,0.16,1.51,2.19,0.06,2.36,-0.85,,,,605589.0
2021-06-16,0.16,1.51,2.2,0.06,2.38,-0.87,,,,
2021-06-17,0.21,1.57,2.2,0.06,2.32,-0.75,,,,
2021-06-18,0.23,1.52,2.11,0.1,2.27,-0.75,,428000.0,,
2021-06-19,0.26,1.45,2.01,0.1,2.24,-0.79,,,,
2021-06-20,,,,0.1,,,,,,
2021-06-21,,,,0.1,,,,,,
2021-06-22,0.27,1.5,2.11,0.1,2.25,-0.75,,,,
2021-06-23,0.25,1.48,2.1,0.1,2.31,-0.83,,,,
2021-06-24,0.26,1.5,2.11,0.1,2.34,-0.84,,,,
2021-06-25,0.26,1.49,2.1,0.1,2.3,-0.81,,422000.0,,
2021-06-26,0.28,1.54,2.16,0.1,2.34,-0.8,,,,
2021-06-27,,,,0.1,,,,,,
2021-06-28,,,,0.1,,,,,,
2021-06-29,0.25,1.49,2.1,0.1,2.33,-0.84,,,,
2021-06-30,0.27,1.49,2.1,0.1,2.32,-0.83,,,,
2021-07-01,0.25,1.45,2.06,0.08,2.32,-0.87,,,,
2021-07-02,0.25,1.48,2.07,0.1,2.35,-0.87,,368000.0,,
2021-07-03,0.24,1.44,2.05,0.1,2.33,-0.89,,,,
2021-07-04,,,,0.1,,,,,,
2021-07-05,,,,0.1,,,,,,
2021-07-06,,,,0.1,,,,,,
2021-07-07,0.22,1.37,2.0,0.1,2.31,-0.94,,,,
2021-07-08,0.22,1.33,1.94,0.1,2.28,-0.95,,,,
2021-07-09,0.19,1.3,1.91,0.1,2.22,-0.92,,371000.0,,
2021-07-10,0.23,1.37,1.99,0.1,2.28,-0.91,,,,
2021-07-11,,,,0.1,,,5.9,,145820.0,
2021-07-12,,,,0.1,,,,,,
2021-07-13,0.23,1.38,2.0,0.1,2.33,-0.95,,,,
2021-07-14,0.26,1.42,2.04,0.1,2.36,-0.94,,,,
2021-07-15,0.23,1.37,1.98,0.1,2.34,-0.97,,,,
2021-07-16,0.23,1.31,1.92,0.1,2.32,-1.01,,333000.0,,611711.0
2021-07-17,0.25,1.31,1.93,0.1,2.33,-1.02,,,,
2021-07-18,,,,0.1,,,,,,
2021-07-19,,,,0.1,,,,,,
2021-07-20,0.21,1.19,1.81,0.1,2.24,-1.05,,,,
2021-07-21,0.2,1.23,1.88,0.1,2.26,-1.03,,,,
2021-07-22,0.22,1.3,1.94,0.1,2.28,-0.98,,,,
2021-07-23,0.2,1.27,1.9,0.1,2.28,-1.01,,387000.0,,
2021-07-24,0.22,1.3,1.92,0.1,2.35,-1.05,,,,
2021-07-25,,,,0.1,,,,,,
2021-07-26,,,,0.1,,,,,,
2021-07-27,0.22,1.29,1.93,0.1,2.4,-1.11,,,,
2021-07-28,0.2,1.25,1.89,0.1,2.38,-1.13,,,,
2021-07-29,0.2,1.26,1.9,0.1,2.41,-1.15,,,,
2021-07-30,0.2,1.28,1.91,0.1,2.43,-1.15,,380000.0,,
2021-07-31,0.19,1.24,1.89,0.07,2.4,-1.16,,,,
2021-08-01,,,,0.07,,,,,,
2021-08-02,,,,0.07,,,,,,
2021-08-03,0.17,1.2,1.86,0.1,2.37,-1.17,,,,
2021-08-04,0.17,1.19,1.85,0.1,2.38,-1.19,,,,
2021-08-05,0.17,1.19,1.83,0.1,2.35,-1.16,,,,
2021-08-06,0.21,1.23,1.86,0.1,2.33,-1.1,,379000.0,,
2021-08-07,0.21,1.31,1.94,0.1,2.37,-1.06,,,,
2021-08-08,,,,0.1,,,,,,
2021-08-09,,,,0.1,,,,,,
2021-08-10,0.23,1.33,1.96,0.1,2.37,-1.04,5.4,,146762.0,
2021-08-11,0.24,1.36,1.99,0.1,2.4,-1.04,,,,
2021-08-12,0.23,1.35,1.99,0.1,2.42,-1.07,,,,
2021-08-13,0.23,1.36,2.03,0.1,2.41,-1.05,,361000.0,,
2021-08-14,0.23,1.29,1.94,0.1,2.37,-1.08,,,,
2021-08-15,,,,0.1,,,,,,602014.0
2021-08-16,,,,0.1,,,,,,
2021-08-17,0.21,1.26,1.92,0.1,2.36,-1.1,,,,
2021-08-18,0.23,1.26,1.92,0.1,2.33,-1.07,,,,
2021-08-19,0.23,1.27,1.91,0.09,2.32,-1.05,,,,
2021-08-20,0.22,1.24,1.88,0.09,2.28,-1.04,,367000.0,,
2021-08-21,0.23,1.26,1.87,0.09,2.27,-1.01,,,,
2021-08-22,,,,0.09,,,,,,
2021-08-23,,,,0.09,,,,,,
2021-08-24,0.23,1.25,1.87,0.09,2.27,-1.02,,,,
2021-08-25,0.24,1.29,1.91,0.09,2.3,-1.01,,,,
2021-08-26,0.23,1.35,1.96,0.09,2.35,-1.0,,,,
2021-08-27,0.25,1.34,1.94,0.09,2.33,-0.99,,358000.0,,
2021-08-28,0.22,1.31,1.91,0.08,2.39,-1.08,,,,
2021-08-29,,,,0.08,,,,,,
2021-08-30,,,,0.08,,,,,,
2021-08-31,0.2,1.29,1.9,0.08,2.37,-1.08,,,,
2021-09-01,0.2,1.3,1.92,0.06,2.33,-1.03,,,,
2021-09-02,0.2,1.31,1.92,0.08,2.34,-1.03,,,,
2021-09-03,0.2,1.29,1.9,0.08,2.32,-1.03,,353000.0,,
2021-09-04,0.21,1.33,1.94,0.08,2.34,-1.01,,,,
2021-09-05,,,,0.08,,,,,,
2021-09-06,,,,0.08,,,,,,
2021-09-07,,,,0.08,,,,,,
2021-09-08,0.22,1.38,1.99,0.08,2.36,-0.98,,,,
2021-09-09,0.22,1.35,1.95,0.08,2.38,-1.03,,,,
2021-09-10,0.23,1.3,1.9,0.08,2.38,-1.08,5.1,335000.0,147314.0,
2021-09-11,0.23,1.35,1.94,0.08,2.4,-1.05,,,,
2021-09-12,,,,0.08,,,,,,
2021-09-13,,,,0.08,,,,,,
2021-09-14,0.21,1.33,1.91,0.08,2.37,-1.04,,,,
2021-09-15,0.21,1.28,1.85,0.08,2.33,-1.05,,,,605419.0
2021-09-16,0.21,1.31,1.87,0.08,2.35,-1.04,,,,
2021-09-17,0.23,1.34,1.88,0.08,2.35,-1.01,,342000.0,,
2021-09-18,0.23,1.37,1.91,0.08,2.33,-0.96,,,,
2021-09-19,,,,0.08,,,,,,
2021-09-20,,,,0.08,,,,,,
2021-09-21,0.23,1.31,1.85,0.08,2.29,-0.98,,,,
2021-09-22,0.22,1.33,1.86,0.08,2.29,-0.96,,,,
2021-09-23,0.25,1.32,1.84,0.08,2.28,-0.96,,,,
2021-09-24,0.27,1.41,1.92,0.08,2.31,-0.9,,367000.0,,
2021-09-25,0.29,1.47,1.99,0.08,2.34,-0.87,,,,
2021-09-26,,,,0.08,,,,,,
2021-09-27,,,,0.08,,,,,,
2021-09-28,0.31,1.48,1.99,0.08,2.35,-0.87,,,,
2021-09-29,0.31,1.54,2.07,0.08,2.38,-0.84,,,,
2021-09-30,0.3,1.55,2.09,0.08,2.37,-0.82,,,,
2021-10-01,0.28,1.52,2.08,0.06,2.37,-0.85,,375000.0,,
2021-10-02,0.27,1.48,2.04,0.08,2.38,-0.9,,,,
2021-10-03,,,,0.08,,,,,,
2021-10-04,,,,0.08,,,,,,
2021-10-05,0.27,1.49,2.05,0.08,2.38,-0.89,,,,
2021-10-06,0.28,1.54,2.1,0.08,2.45,-0.91,,,,
2021-10-07,0.3,1.53,2.08,0.08,2.43,-0.9,,,,
2021-10-08,0.32,1.58,2.13,0.08,2.46,-0.88,,312000.0,,
2021-10-09,0.32,1.61,2.16,0.08,2.5,-0.89,,,,
2021-10-10,,,,0.08,,,,,,
2021-10-11,,,,0.08,,,4.7,,147771.0,
2021-10-12,,,,0.08,,,,,,
2021-10-13,0.35,1.59,2.1,0.08,2.49,-0.9,,,,
2021-10-14,0.37,1.56,2.05,0.08,2.52,-0.96,,,,
2021-10-15,0.36,1.52,2.02,0.08,2.52,-1.0,,291000.0,,
2021-10-16,0.41,1.59,2.05,0.08,2.56,-0.97,,,,610161.0
2021-10-17,,,,0.08,,,,,,
2021-10-18,,,,0.08,,,,,,
2021-10-19,0.44,1.59,2.01,0.08,2.54,-0.95,,,,
2021-10-20,0.41,1.65,2.09,0.08,2.54,-0.89,,,,
2021-10-21,0.4,1.65,2.12,0.08,2.57,-0.92,,,,
2021-10-22,0.45,1.68,2.13,0.08,2.64,-0.96,,289000.0,,
2021-10-23,0.48,1.66,2.08,0.08,2.64,-0.98,,,,
2021-10-24,,,,0.08,,,,,,
2021-10-25,,,,0.08,,,,,,
2021-10-26,0.47,1.64,2.09,0.08,2.66,-1.02,,,,
2021-10-27,0.47,1.63,2.05,0.08,2.69,-1.06,,,,
2021-10-28,0.5,1.54,1.95,0.08,2.65,-1.11,,,,
2021-10-29,0.5,1.57,1.96,0.08,2.57,-1.0,,269000.0,,
2021-10-30,0.48,1.55,1.93,0.07,2.51,-0.96,,,,
2021-10-31,,,,0.07,,,,,,
2021-11-01,,,,0.07,,,,,,
2021-11-02,0.5,1.58,1.98,0.08,2.5,-0.92,,,,
2021-11-03,0.46,1.56,1.96,0.08,2.51,-0.95,,,,
2021-11-04,0.47,1.6,2.0,0.08,2.53,-0.93,,,,
2021-11-05,0.41,1.53,1.96,0.08,2.56,-1.03,,261000.0,,
2021-11-06,0.39,1.45,1.87,0.08,2.54,-1.09,,,,
2021-11-07,,,,0.08,,,,,,
2021-11-08,,,,0.08,,,,,,
2021-11-09,0.45,1.51,1.89,0.08,2.62,-1.11,,,,
2021-11-10,0.41,1.46,1.83,0.08,2.63,-1.17,4.5,,148572.0,
2021-11-11,0.51,1.56,1.92,0.08,2.7,-1.14,,,,
2021-11-12,,,,0.08,,,,251000.0,,
2021-11-13,0.53,1.58,1.95,0.08,2.73,-1.15,,,,
2021-11-14,,,,0.08,,,,,,
2021-11-15,,,,0.08,,,,,,619018.0
2021-11-16,0.53,1.63,2.01,0.08,2.76,-1.13,,,,
2021-11-17,0.54,1.63,2.02,0.08,2.73,-1.1,,,,
2021-11-18,0.52,1.6,2.0,0.08,2.7,-1.1,,,,
2021-11-19,0.52,1.59,1.97,0.08,2.73,-1.14,,250000.0,,
2021-11-20,0.52,1.54,1.91,0.08,2.65,-1.11,,,,
2021-11-21,,,,0.08,,,,,,
2021-11-22,,,,0.08,,,,,,
2021-11-23,0.63,1.63,1.98,0.08,2.61,-0.98,,,,
2021-11-24,0.6,1.67,2.02,0.08,2.62,-0.95,,,,
2021-11-25,0.64,1.64,1.96,0.08,2.61,-0.97,,,,
2021-11-26,,,,0.08,,,,224000.0,,
2021-11-27,0.5,1.48,1.83,0.08,2.55,-1.07,,,,
2021-11-28,,,,0.08,,,,,,
2021-11-29,,,,0.08,,,,,,
2021-11-30,0.51,1.52,1.87,0.08,2.54,-1.02,,,,
2021-12-01,0.52,1.43,1.78,0.07,2.5,-1.07,,,,
2021-12-02,0.56,1.43,1.77,0.08,2.44,-1.01,,,,
2021-12-03,0.63,1.44,1.76,0.08,2.47,-1.03,,221000.0,,
2021-12-04,0.6,1.35,1.69,0.08,2.43,-1.08,,,,
2021-12-05,,,,0.08,,,,,,
2021-12-06,,,,0.08,,,,,,
2021-12-07,0.65,1.43,1.75,0.08,2.44,-1.01,,,,
2021-12-08,0.7,1.48,1.8,0.08,2.47,-0.99,,,,
2021-12-09,0.68,1.52,1.87,0.08,2.52,-1.0,,,,
2021-12-10,0.7,1.49,1.87,0.08,2.47,-0.98,,206000.0,,
2021-12-11,0.67,1.48,1.88,0.08,2.44,-0.96,4.1,,149230.0,
2021-12-12,,,,0.08,,,,,,
2021-12-13,,,,0.08,,,,,,
2021-12-14,0.66,1.42,1.81,0.08,2.4,-0.98,,,,
2021-12-15,0.67,1.44,1.82,0.08,2.37,-0.93,,,,
2021-12-16,0.69,1.47,1.86,0.08,2.39,-0.92,,,,625980.0
2021-12-17,0.64,1.44,1.87,0.08,2.42,-0.98,,227000.0,,
2021-12-18,0.66,1.41,1.82,0.08,2.38,-0.97,,,,
2021-12-19,,,,0.08,,,,,,
2021-12-20,,,,0.08,,,,,,
2021-12-21,0.65,1.43,1.85,0.08,2.39,-0.96,,,,
2021-12-22,0.7,1.48,1.89,0.08,2.44,-0.96,,,,
2021-12-23,0.68,1.46,1.86,0.08,2.47,-1.01,,,,
2021-12-24,0.71,1.5,1.91,0.08,2.47,-0.97,,215000.0,,
2021-12-25,,,,0.08,,,,,,
2021-12-26,,,,0.08,,,,,,
2021-12-27,,,,0.08,,,,,,
2021-12-28,0.76,1.48,1.88,0.08,2.5,-1.02,,,,
2021-12-29,0.74,1.49,1.9,0.08,2.5,-1.01,,,,
2021-12-30,0.75,1.55,1.96,0.08,2.53,-0.98,,,,
2021-12-31,0.73,1.52,1.93,0.08,2.58,-1.06,,217000.0,,
2022-01-01,0.73,1.52,1.9,0.07,2.56,-1.04,,,,
2022-01-02,,,,0.07,,,,,,
2022-01-03,,,,0.07,,,,,,
2022-01-04,0.78,1.63,2.01,0.08,2.6,-0.97,,,,
2022-01-05,0.77,1.66,2.07,0.08,2.57,-0.91,,,,
2022-01-06,0.83,1.71,2.09,0.08,2.53,-0.82,,,,
2022-01-07,0.88,1.73,2.09,0.08,2.46,-0.73,,229000.0,,
2022-01-08,0.87,1.76,2.11,0.08,2.48,-0.72,,,,
2022-01-09,,,,0.08,,,,,,
2022-01-10,,,,0.08,,,3.9,,149816.0,
2022-01-11,0.92,1.78,2.11,0.08,2.48,-0.7,,,,
2022-01-12,0.9,1.75,2.08,0.08,2.54,-0.79,,,,
2022-01-13,0.92,1.74,2.08,0.08,2.48,-0.74,,,,
2022-01-14,0.91,1.7,2.05,0.08,2.43,-0.73,,250000.0,,
2022-01-15,0.99,1.78,2.12,0.08,2.44,-0.66,,,,621734.0
2022-01-16,,,,0.08,,,,,,
2022-01-17,,,,0.08,,,,,,
2022-01-18,,,,0.08,,,,,,
2022-01-19,1.06,1.87,2.18,0.08,2.46,-0.59,,,,
2022-01-20,1.04,1.83,2.14,0.08,2.4,-0.57,,,,
2022-01-21,1.08,1.83,2.14,0.08,2.33,-0.5,,246000.0,,
2022-01-22,1.01,1.75,2.07,0.08,2.34,-0.59,,,,
2022-01-23,,,,0.08,,,,,,
2022-01-24,,,,0.08,,,,,,
2022-01-25,0.99,1.75,2.1,0.08,2.38,-0.63,,,,
2022-01-26,1.02,1.78,2.12,0.08,2.41,-0.63,,,,
2022-01-27,1.13,1.85,2.16,0.08,2.38,-0.53,,,,
2022-01-28,1.18,1.81,2.09,0.08,2.4,-0.59,,240000.0,,
2022-01-29,1.15,1.78,2.07,0.08,2.44,-0.66,,,,
2022-01-30,,,,0.08,,,,,,
2022-01-31,,,,0.08,,,,,,
2022-02-01,1.18,1.79,2.11,0.08,2.44,-0.65,,,,
2022-02-02,1.18,1.81,2.12,0.08,2.43,-0.62,,,,
2022-02-03,1.16,1.78,2.11,0.08,2.41,-0.63,,,,
2022-02-04,1.19,1.82,2.14,0.08,2.38,-0.56,,231000.0,,
2022-02-05,1.31,1.93,2.23,0.08,2.41,-0.48,,,,
2022-02-06,,,,0.08,,,,,,
2022-02-07,,,,0.08,,,,,,
2022-02-08,1.3,1.92,2.22,0.08,2.4,-0.48,,,,
2022-02-09,1.35,1.96,2.25,0.08,2.42,-0.46,,,,
2022-02-10,1.36,1.94,2.25,0.08,2.42,-0.48,4.0,,150006.0,
2022-02-11,1.61,2.03,2.3,0.08,2.45,-0.42,,210000.0,,
2022-02-12,1.5,1.92,2.24,0.08,2.43,-0.51,,,,
2022-02-13,,,,0.08,,,,,,
2022-02-14,,,,0.08,,,,,,
2022-02-15,1.58,1.98,2.29,0.08,2.48,-0.5,,,,634120.0
2022-02-16,1.58,2.05,2.37,0.08,2.48,-0.43,,,,
2022-02-17,1.52,2.03,2.34,0.08,2.46,-0.43,,,,
2022-02-18,1.49,1.97,2.31,0.08,2.43,-0.46,,234000.0,,
2022-02-19,1.47,1.92,2.24,0.08,2.41,-0.49,,,,
2022-02-20,,,,0.08,,,,,,
2022-02-21,,,,0.08,,,,,,
2022-02-22,,,,0.08,,,,,,
2022-02-23,1.56,1.94,2.24,0.08,2.45,-0.51,,,,
2022-02-24,1.58,1.99,2.29,0.08,2.53,-0.54,,,,
2022-02-25,1.54,1.96,2.28,0.08,2.55,-0.59,,224000.0,,
2022-02-26,1.55,1.97,2.29,0.08,2.54,-0.57,,,,
2022-02-27,,,,0.08,,,,,,
2022-02-28,,,,0.08,,,,,,
2022-03-01,1.44,1.83,2.17,0.08,2.62,-0.79,,,,
2022-03-02,1.31,1.72,2.11,0.08,2.62,-0.9,,,,
2022-03-03,1.5,1.86,2.24,0.08,2.71,-0.85,,,,
2022-03-04,1.53,1.86,2.24,0.08,2.69,-0.83,,208000.0,,
2022-03-05,1.5,1.74,2.16,0.08,2.67,-0.93,,,,
2022-03-06,,,,0.08,,,,,,
2022-03-07,,,,0.08,,,,,,
2022-03-08,1.55,1.78,2.19,0.08,2.77,-0.99,,,,
2022-03-09,1.63,1.86,2.24,0.08,2.9,-1.04,,,,
2022-03-10,1.68,1.94,2.29,0.08,2.84,-0.9,,,,
2022-03-11,1.72,1.98,2.38,0.08,2.86,-0.88,,222000.0,,
2022-03-12,1.75,2.0,2.36,0.08,2.94,-0.94,,,,
2022-03-13,,,,0.08,,,3.9,,150825.0,
2022-03-14,,,,0.08,,,,,,
2022-03-15,1.87,2.14,2.47,0.08,2.93,-0.79,,,,
2022-03-16,1.85,2.15,2.49,0.08,2.84,-0.69,,,,
2022-03-17,1.95,2.19,2.46,0.08,2.8,-0.61,,,,
2022-03-18,1.94,2.2,2.5,0.33,2.91,-0.71,,217000.0,,640815.0
2022-03-19,1.97,2.14,2.42,0.33,2.86,-0.72,,,,
2022-03-20,,,,0.33,,,,,,
2022-03-21,,,,0.33,,,,,,
2022-03-22,2.14,2.32,2.55,0.33,2.9,-0.58,,,,
2022-03-23,2.18,2.38,2.6,0.33,2.91,-0.53,,,,
2022-03-24,2.13,2.32,2.52,0.33,2.94,-0.62,,,,
2022-03-25,2.13,2.34,2.51,0.33,2.92,-0.58,,207000.0,,
2022-03-26,2.3,2.48,2.6,0.33,2.95,-0.47,,,,
2022-03-27,,,,0.33,,,,,,
2022-03-28,,,,0.33,,,,,,
2022-03-29,2.35,2.46,2.57,0.33,2.95,-0.49,,,,
2022-03-30,2.35,2.41,2.53,0.33,2.86,-0.45,,,,
2022-03-31,2.31,2.35,2.48,0.33,2.86,-0.51,,,,
2022-04-01,2.28,2.32,2.44,0.33,2.84,-0.52,,214000.0,,
2022-04-02,2.44,2.39,2.44,0.33,2.8,-0.41,,,,
2022-04-03,,,,0.33,,,,,,
2022-04-04,,,,0.33,,,,,,
2022-04-05,2.43,2.42,2.48,0.33,2.8,-0.38,,,,
2022-04-06,2.51,2.54,2.57,0.33,2.84,-0.3,,,,
2022-04-07,2.5,2.61,2.63,0.33,2.83,-0.22,,,,
2022-04-08,2.47,2.66,2.69,0.33,2.82,-0.16,,214000.0,,
2022-04-09,2.53,2.72,2.76,0.33,2.87,-0.15,,,,
2022-04-10,,,,0.33,,,3.7,,151315.0,
2022-04-11,,,,0.33,,,,,,
2022-04-12,2.5,2.79,2.84,0.33,2.91,-0.12,,,,
2022-04-13,2.39,2.72,2.82,0.33,2.86,-0.14,,,,
2022-04-14,2.37,2.7,2.81,0.33,2.8,-0.1,,,,
2022-04-15,2.47,2.83,2.92,0.33,2.89,-0.06,,214000.0,,652673.0
2022-04-16,,,,0.33,,,,,,
2022-04-17,,,,0.33,,,,,,
2022-04-18,,,,0.33,,,,,,
2022-04-19,2.46,2.85,2.95,0.33,2.92,-0.07,,,,
2022-04-20,2.61,2.93,3.01,0.33,2.93,0.0,,,,
2022-04-21,2.6,2.85,2.9,0.33,2.92,-0.07,,,,
2022-04-22,2.68,2.9,2.94,0.33,3.02,-0.12,,210000.0,,
2022-04-23,2.72,2.9,2.95,0.33,2.98,-0.08,,,,
2022-04-24,,,,0.33,,,,,,
2022-04-25,,,,0.33,,,,,,
2022-04-26,2.63,2.81,2.88,0.33,2.91,-0.1,,,,
2022-04-27,2.54,2.77,2.86,0.33,2.85,-0.08,,,,
2022-04-28,2.58,2.82,2.91,0.33,2.88,-0.06,,,,
2022-04-29,2.63,2.85,2.92,0.33,2.97,-0.12,,209000.0,,
2022-04-30,2.7,2.89,2.96,0.33,2.88,0.01,,,,
2022-05-01,,,,0.33,,,,,,
2022-05-02,,,,0.33,,,,,,
2022-05-03,2.73,2.99,3.07,0.33,2.81,0.18,,,,
2022-05-04,2.78,2.97,3.03,0.33,2.83,0.14,,,,
2022-05-05,2.66,2.93,3.01,0.33,2.86,0.07,,,,
2022-05-06,2.71,3.05,3.15,0.83,2.87,0.18,,218000.0,,
2022-05-07,2.72,3.12,3.23,0.83,2.86,0.26,,,,
2022-05-08,,,,0.83,,,,,,
2022-05-09,,,,0.83,,,,,,
2022-05-10,2.61,3.05,3.19,0.83,2.75,0.3,,,,
2022-05-11,2.62,2.99,3.12,0.83,2.65,0.34,3.7,,151623.0,
2022-05-12,2.66,2.91,3.05,0.83,2.7,0.21,,,,
2022-05-13,2.56,2.84,3.0,0.83,2.59,0.25,,204000.0,,
2022-05-14,2.61,2.93,3.1,0.83,2.69,0.24,,,,
2022-05-15,,,,0.83,,,,,,
2022-05-16,,,,0.83,,,,,,661508.0
2022-05-17,2.58,2.88,3.09,0.83,2.68,0.2,,,,
2022-05-18,2.71,2.98,3.17,0.83,2.71,0.27,,,,
2022-05-19,2.68,2.89,3.07,0.83,2.72,0.17,,,,
2022-05-20,2.63,2.84,3.05,0.83,2.59,0.25,,225000.0,,
2022-05-21,2.6,2.78,2.99,0.83,2.55,0.23,,,,
2022-05-22,,,,0.83,,,,,,
2022-05-23,,,,0.83,,,,,,
2022-05-24,2.65,2.86,3.08,0.83,2.6,0.26,,,,
2022-05-25,2.5,2.76,2.98,0.83,2.55,0.21,,,,
2022-05-26,2.48,2.75,2.97,0.83,2.56,0.19,,,,
2022-05-27,2.46,2.75,2.99,0.83,2.62,0.13,,211000.0,,
2022-05-28,2.47,2.74,2.97,0.83,2.63,0.11,,,,
2022-05-29,,,,0.83,,,,,,
2022-05-30,,,,0.83,,,,,,
2022-05-31,,,,0.83,,,,,,
2022-06-01,2.53,2.85,3.07,0.83,2.64,0.21,,,,
2022-06-02,2.66,2.94,3.09,0.83,2.65,0.29,,,,
2022-06-03,2.65,2.92,3.09,0.83,2.66,0.26,,199000.0,,
2022-06-04,2.66,2.96,3.11,0.83,2.74,0.22,,,,
2022-06-05,,,,0.83,,,,,,
2022-06-06,,,,0.83,,,,,,
2022-06-07,2.73,3.04,3.19,0.83,2.76,0.28,,,,
2022-06-08,2.75,2.98,3.13,0.83,2.73,0.25,,,,
2022-06-09,2.78,3.03,3.18,0.83,2.75,0.28,,,,
2022-06-10,2.83,3.04,3.18,0.83,2.75,0.29,3.6,213000.0,151924.0,
2022-06-11,3.06,3.15,3.2,0.83,2.76,0.39,,,,
2022-06-12,,,,0.83,,,,,,
2022-06-13,,,,0.83,,,,,,
2022-06-14,3.4,3.43,3.42,0.83,2.74,0.69,,,,
2022-06-15,3.45,3.49,3.45,0.83,2.6,0.89,,,,661325.0
2022-06-16,3.2,3.33,3.39,0.83,2.7,0.63,,,,
2022-06-17,3.14,3.28,3.35,1.58,2.62,0.66,,211000.0,,
2022-06-18,3.17,3.25,3.3,1.58,2.58,0.67,,,,
2022-06-19,,,,1.58,,,,,,
2022-06-20,,,,1.58,,,,,,
2022-06-21,,,,1.58,,,,,,
2022-06-22,3.21,3.31,3.39,1.58,2.61,0.7,,,,
2022-06-23,3.06,3.16,3.25,1.58,2.54,0.62,,,,
2022-06-24,3.01,3.09,3.21,1.58,2.5,0.59,,214000.0,,
2022-06-25,3.04,3.13,3.26,1.58,2.56,0.57,,,,
2022-06-26,,,,1.58,,,,,,
2022-06-27,,,,1.58,,,,,,
2022-06-28,3.08,3.2,3.31,1.58,2.55,0.65,,,,
2022-06-29,3.1,3.2,3.3,1.58,2.48,0.72,,,,
2022-06-30,3.06,3.1,3.22,1.58,2.36,0.74,,,,
2022-07-01,2.92,2.98,3.14,1.58,2.33,0.65,,212000.0,,
2022-07-02,2.84,2.88,3.11,1.58,2.34,0.54,,,,
2022-07-03,,,,1.58,,,,,,
2022-07-04,,,,1.58,,,,,,
2022-07-05,,,,1.58,,,,,,
2022-07-06,2.82,2.82,3.05,1.58,2.3,0.52,,,,
2022-07-07,2.97,2.93,3.14,1.58,2.29,0.64,,,,
2022-07-08,3.03,3.01,3.2,1.58,2.33,0.68,,214000.0,,
2022-07-09,3.12,3.09,3.27,1.58,2.37,0.72,,,,
2022-07-10,,,,1.58,,,,,,
2022-07-11,,,,1.58,,,3.6,,152358.0,
2022-07-12,3.07,2.99,3.18,1.58,2.32,0.67,,,,
2022-07-13,3.03,2.96,3.13,1.58,2.32,0.64,,,,
2022-07-14,3.13,2.91,3.08,1.58,2.31,0.6,,,,
2022-07-15,3.15,2.96,3.11,1.58,2.34,0.62,,212000.0,,
2022-07-16,3.13,2.93,3.1,1.58,2.36,0.57,,,,667984.0
2022-07-17,,,,1.58,,,,,,
2022-07-18,,,,1.58,,,,,,
2022-07-19,3.15,2.96,3.14,1.58,2.37,0.59,,,,
2022-07-20,3.23,3.01,3.17,1.58,2.39,0.62,,,,
2022-07-21,3.25,3.04,3.17,1.58,2.38,0.66,,,,
2022-07-22,3.1,2.91,3.08,1.58,2.33,0.58,,216000.0,,
2022-07-23,2.98,2.77,3.0,1.58,2.34,0.43,,,,
2022-07-24,,,,1.58,,,,,,
2022-07-25,,,,1.58,,,,,,
2022-07-26,3.0,2.81,3.04,1.58,2.36,0.45,,,,
2022-07-27,3.02,2.81,3.03,1.58,2.36,0.45,,,,
2022-07-28,2.96,2.78,3.03,1.58,2.42,0.36,,,,
2022-07-29,2.85,2.68,3.02,2.33,2.48,0.2,,221000.0,,
2022-07-30,2.89,2.67,3.0,2.32,2.53,0.14,,,,
2022-07-31,,,,2.32,,,,,,
2022-08-01,,,,2.32,,,,,,
2022-08-02,2.9,2.6,2.92,2.33,2.51,0.09,,,,
2022-08-03,3.06,2.75,3.0,2.33,2.48,0.27,,,,
2022-08-04,3.1,2.73,2.96,2.33,2.5,0.23,,,,
2022-08-05,3.03,2.68,2.97,2.33,2.46,0.22,,228000.0,,
2022-08-06,3.24,2.83,3.06,2.33,2.46,0.37,,,,
2022-08-07,,,,2.33,,,,,,
2022-08-08,,,,2.33,,,,,,
2022-08-09,3.21,2.77,3.0,2.33,2.48,0.29,,,,
2022-08-10,3.28,2.8,3.01,2.33,2.47,0.33,3.5,,153072.0,
2022-08-11,3.23,2.78,3.04,2.33,2.43,0.35,,,,
2022-08-12,3.23,2.87,3.15,2.33,2.47,0.4,,221000.0,,
2022-08-13,3.25,2.84,3.12,2.33,2.47,0.37,,,,
2022-08-14,,,,2.33,,,,,,
2022-08-15,,,,2.33,,,,,,659750.0
2022-08-16,3.2,2.79,3.1,2.33,2.44,0.35,,,,
2022-08-17,3.25,2.82,3.11,2.33,2.44,0.38,,,,
2022-08-18,3.28,2.89,3.15,2.33,2.46,0.43,,,,
2022-08-19,3.22,2.88,3.14,2.33,2.52,0.36,,220000.0,,
2022-08-20,3.25,2.98,3.22,2.33,2.55,0.43,,,,
2022-08-21,,,,2.33,,,,,,
2022-08-22,,,,2.33,,,,,,
2022-08-23,3.32,3.03,3.24,2.33,2.57,0.46,,,,
2022-08-24,3.29,3.05,3.26,2.33,2.58,0.47,,,,
2022-08-25,3.36,3.11,3.32,2.33,2.62,0.49,,,,
2022-08-26,3.35,3.03,3.25,2.33,2.6,0.43,,215000.0,,
2022-08-27,3.37,3.04,3.21,2.33,2.57,0.47,,,,
2022-08-28,,,,2.33,,,,,,
2022-08-29,,,,2.33,,,,,,
2022-08-30,3.42,3.12,3.25,2.33,2.58,0.54,,,,
2022-08-31,3.46,3.11,3.23,2.33,2.55,0.56,,,,
2022-09-01,3.45,3.15,3.27,2.33,2.48,0.67,,,,
2022-09-02,3.51,3.26,3.37,2.33,2.45,0.81,,210000.0,,
2022-09-03,3.4,3.2,3.35,2.33,2.47,0.73,,,,
2022-09-04,,,,2.33,,,,,,
2022-09-05,,,,2.33,,,,,,
2022-09-06,,,,2.33,,,,,,
2022-09-07,3.5,3.33,3.49,2.33,2.48,0.85,,,,
2022-09-08,3.45,3.27,3.42,2.33,2.45,0.82,,,,
2022-09-09,3.48,3.29,3.45,2.33,2.41,0.88,,203000.0,,
2022-09-10,3.56,3.33,3.47,2.33,2.42,0.91,3.6,,153362.0,
2022-09-11,,,,2.33,,,,,,
2022-09-12,,,,2.33,,,,,,
2022-09-13,3.58,3.37,3.53,2.33,2.42,0.95,,,,
2022-09-14,3.75,3.42,3.51,2.33,2.44,0.98,,,,
2022-09-15,3.78,3.41,3.47,2.33,2.46,0.95,,,,662999.0
2022-09-16,3.87,3.45,3.48,2.33,2.43,1.02,,195000.0,,
2022-09-17,3.85,3.45,3.52,2.33,2.38,1.07,,,,
2022-09-18,,,,2.33,,,,,,
2022-09-19,,,,2.33,,,,,,
2022-09-20,3.95,3.49,3.52,2.33,2.34,1.15,,,,
2022-09-21,3.96,3.57,3.59,2.33,2.4,1.17,,,,
2022-09-22,4.02,3.51,3.5,2.33,2.38,1.13,,,,
2022-09-23,4.11,3.7,3.65,3.08,2.41,1.29,,202000.0,,
2022-09-24,4.2,3.69,3.61,3.08,2.37,1.32,,,,
2022-09-25,,,,3.08,,,,,,
2022-09-26,,,,3.08,,,,,,
2022-09-27,4.27,3.88,3.72,3.08,2.32,1.56,,,,
2022-09-28,4.3,3.97,3.87,3.08,2.33,1.64,,,,
2022-09-29,4.07,3.72,3.7,3.08,2.33,1.39,,,,
2022-09-30,4.16,3.76,3.71,3.08,2.19,1.57,,190000.0,,
2022-10-01,4.22,3.83,3.79,3.08,2.15,1.68,,,,
2022-10-02,,,,3.08,,,,,,
2022-10-03,,,,3.08,,,,,,
2022-10-04,4.12,3.67,3.73,3.08,2.24,1.43,,,,
2022-10-05,4.1,3.62,3.7,3.08,2.24,1.38,,,,
2022-10-06,4.15,3.76,3.78,3.08,2.22,1.54,,,,
2022-10-07,4.23,3.83,3.81,3.08,2.22,1.61,,203000.0,,
2022-10-08,4.3,3.89,3.86,3.08,2.27,1.62,,,,
2022-10-09,,,,3.08,,,,,,
2022-10-10,,,,3.08,,,,,,
2022-10-11,,,,3.08,,,3.5,,153582.0,
2022-10-12,4.3,3.93,3.92,3.08,2.31,1.62,,,,
2022-10-13,4.28,3.91,3.9,3.08,2.29,1.62,,,,
2022-10-14,4.47,3.97,3.97,3.08,2.34,1.63,,207000.0,,
2022-10-15,4.48,4.0,3.99,3.08,2.41,1.59,,,,
2022-10-16,,,,3.08,,,,,,661072.0
2022-10-17,,,,3.08,,,,,,
2022-10-18,4.45,4.02,4.04,3.08,2.45,1.57,,,,
2022-10-19,4.43,4.01,4.04,3.08,2.41,1.6,,,,
2022-10-20,4.55,4.14,4.15,3.08,2.42,1.72,,,,
2022-10-21,4.62,4.24,4.24,3.08,2.51,1.73,,199000.0,,
2022-10-22,4.49,4.21,4.33,3.08,2.52,1.69,,,,
2022-10-23,,,,3.08,,,,,,
2022-10-24,,,,3.08,,,,,,
2022-10-25,4.5,4.25,4.4,3.08,2.59,1.66,,,,
2022-10-26,4.42,4.1,4.26,3.08,2.51,1.59,,,,
2022-10-27,4.39,4.04,4.19,3.08,2.44,1.6,,,,
2022-10-28,4.3,3.96,4.12,3.08,2.45,1.51,,202000.0,,
2022-10-29,4.41,4.02,4.15,3.08,2.51,1.51,,,,
2022-10-30,,,,3.08,,,,,,
2022-10-31,,,,3.08,,,,,,
2022-11-01,4.51,4.1,4.22,3.08,2.52,1.58,,,,
2022-11-02,4.54,4.07,4.14,3.08,2.51,1.56,,,,
2022-11-03,4.61,4.1,4.15,3.08,2.53,1.57,,,,
2022-11-04,4.71,4.14,4.18,3.83,2.4,1.74,,202000.0,,
2022-11-05,4.66,4.17,4.27,3.83,2.48,1.69,,,,
2022-11-06,,,,3.83,,,,,,
2022-11-07,,,,3.83,,,,,,
2022-11-08,4.72,4.22,4.34,3.83,2.53,1.69,,,,
2022-11-09,4.67,4.14,4.28,3.83,2.5,1.64,,,,
2022-11-10,4.61,4.12,4.31,3.83,2.42,1.7,3.6,,153939.0,
2022-11-11,4.34,3.82,4.03,3.83,2.39,1.43,,204000.0,,
2022-11-12,,,,3.83,,,,,,
2022-11-13,,,,3.83,,,,,,
2022-11-14,,,,3.83,,,,,,
2022-11-15,4.4,3.88,4.07,3.83,2.37,1.51,,,,666924.0
2022-11-16,4.37,3.8,3.98,3.83,2.35,1.45,,,,
2022-11-17,4.35,3.67,3.85,3.83,2.29,1.38,,,,
2022-11-18,4.43,3.77,3.89,3.83,2.28,1.49,,210000.0,,
2022-11-19,4.51,3.82,3.92,3.83,2.25,1.57,,,,
2022-11-20,,,,3.83,,,,,,
2022-11-21,,,,3.83,,,,,,
2022-11-22,4.48,3.83,3.91,3.83,2.31,1.52,,,,
2022-11-23,4.47,3.76,3.83,3.83,2.32,1.44,,,,
2022-11-24,4.46,3.71,3.74,3.83,2.32,1.39,,,,
2022-11-25,,,,3.83,,,,220000.0,,
2022-11-26,4.42,3.68,3.74,3.83,2.32,1.36,,,,
2022-11-27,,,,3.83,,,,,,
2022-11-28,,,,3.83,,,,,,
2022-11-29,4.46,3.69,3.74,3.83,2.26,1.43,,,,
2022-11-30,4.48,3.75,3.81,3.83,2.25,1.5,,,,
2022-12-01,4.38,3.68,3.8,3.83,2.34,1.34,,,,
2022-12-02,4.25,3.53,3.64,3.83,2.36,1.17,,209000.0,,
2022-12-03,4.28,3.51,3.56,3.83,2.43,1.08,,,,
2022-12-04,,,,3.83,,,,,,
2022-12-05,,,,3.83,,,,,,
2022-12-06,4.41,3.6,3.62,3.83,2.39,1.21,,,,
2022-12-07,4.34,3.51,3.52,3.83,2.31,1.2,,,,
2022-12-08,4.26,3.42,3.42,3.83,2.26,1.16,,,,
2022-12-09,4.31,3.48,3.44,3.83,2.28,1.2,,209000.0,,
2022-12-10,4.33,3.57,3.56,3.83,2.26,1.31,,,,
2022-12-11,,,,3.83,,,3.6,,154242.0,
2022-12-12,,,,3.83,,,,,,
2022-12-13,4.39,3.61,3.57,3.83,2.28,1.33,,,,
2022-12-14,4.22,3.51,3.53,3.83,2.24,1.27,,,,
2022-12-15,4.23,3.49,3.52,3.83,2.19,1.3,,,,
2022-12-16,4.23,3.44,3.48,4.33,2.16,1.28,,209000.0,,656410.0
2022-12-17,4.17,3.48,3.53,4.33,2.13,1.35,,,,
2022-12-18,,,,4.33,,,,,,
2022-12-19,,,,4.33,,,,,,
2022-12-20,4.25,3.57,3.62,4.33,2.15,1.42,,,,
2022-12-21,4.25,3.69,3.74,4.33,2.24,1.45,,,,
2022-12-22,4.21,3.68,3.74,4.33,2.27,1.41,,,,
2022-12-23,4.24,3.67,3.73,4.33,2.19,1.48,,213000.0,,
2022-12-24,4.31,3.75,3.82,4.33,2.2,1.55,,,,
2022-12-25,,,,4.33,,,,,,
2022-12-26,,,,4.33,,,,,,
2022-12-27,,,,4.33,,,,,,
2022-12-28,4.32,3.84,3.93,4.33,2.26,1.58,,,,
2022-12-29,4.31,3.88,3.98,4.33,2.28,1.6,,,,
2022-12-30,4.34,3.83,3.92,4.33,2.27,1.56,,205000.0,,
2022-12-31,4.41,3.88,3.97,4.33,2.3,1.58,,,,
2023-01-01,,,,4.33,,,,,,
2023-01-02,,,,4.33,,,,,,
2023-01-03,,,,4.33,,,,,,
2023-01-04,4.4,3.79,3.88,4.33,2.26,1.53,,,,
2023-01-05,4.36,3.69,3.81,4.33,2.22,1.47,,,,
2023-01-06,4.45,3.71,3.78,4.33,2.22,1.49,,205000.0,,
2023-01-07,4.24,3.55,3.67,4.33,2.21,1.34,,,,
2023-01-08,,,,4.33,,,,,,
2023-01-09,,,,4.33,,,,,,
2023-01-10,4.19,3.53,3.66,4.33,2.22,1.31,3.5,,154342.0,
2023-01-11,4.24,3.61,3.74,4.33,2.24,1.37,,,,
2023-01-12,4.2,3.54,3.67,4.33,2.23,1.31,,,,
2023-01-13,4.12,3.43,3.56,4.33,2.21,1.22,,210000.0,,
2023-01-14,4.22,3.49,3.61,4.33,2.18,1.31,,,,
2023-01-15,,,,4.33,,,,,,648305.0
2023-01-16,,,,4.33,,,,,,
2023-01-17,,,,4.33,,,,,,
2023-01-18,4.18,3.53,3.64,4.33,2.17,1.36,,,,
2023-01-19,4.06,3.37,3.54,4.33,2.12,1.25,,,,
2023-01-20,4.09,3.39,3.57,4.33,2.2,1.19,,204000.0,,
2023-01-21,4.14,3.48,3.66,4.33,2.23,1.25,,,,
2023-01-22,,,,4.33,,,,,,
2023-01-23,,,,4.33,,,,,,
2023-01-24,4.21,3.52,3.69,4.33,2.28,1.24,,,,
2023-01-25,4.12,3.46,3.62,4.33,2.27,1.19,,,,
2023-01-26,4.11,3.46,3.62,4.33,2.29,1.17,,,,
2023-01-27,4.17,3.49,3.62,4.33,2.33,1.16,,204000.0,,
2023-01-28,4.19,3.52,3.64,4.33,2.33,1.19,,,,
2023-01-29,,,,4.33,,,,,,
2023-01-30,,,,4.33,,,,,,
2023-01-31,4.25,3.55,3.66,4.33,2.29,1.26,,,,
2023-02-01,4.21,3.52,3.65,4.33,2.24,1.28,,,,
2023-02-02,4.09,3.39,3.55,4.33,2.25,1.14,,,,
2023-02-03,4.09,3.4,3.55,4.58,2.22,1.18,,200000.0,,
2023-02-04,4.3,3.53,3.63,4.58,2.22,1.31,,,,
2023-02-05,,,,4.58,,,,,,
2023-02-06,,,,4.58,,,,,,
2023-02-07,4.44,3.63,3.67,4.58,2.25,1.38,,,,
2023-02-08,4.47,3.67,3.72,4.58,2.31,1.36,,,,
2023-02-09,4.45,3.63,3.7,4.58,2.34,1.29,,,,
2023-02-10,4.48,3.67,3.75,4.57,2.33,1.34,3.5,215000.0,154776.0,
2023-02-11,4.5,3.74,3.83,4.58,2.33,1.41,,,,
2023-02-12,,,,4.58,,,,,,
2023-02-13,,,,4.58,,,,,,
2023-02-14,4.52,3.72,3.79,4.58,2.31,1.41,,,,
2023-02-15,4.6,3.77,3.81,4.58,2.31,1.46,,,,674646.0
2023-02-16,4.62,3.81,3.85,4.58,2.35,1.46,,,,
2023-02-17,4.62,3.86,3.92,4.58,2.37,1.49,,220000.0,,
2023-02-18,4.6,3.82,3.88,4.58,2.36,1.46,,,,
2023-02-19,,,,4.58,,,,,,
2023-02-20,,,,4.58,,,,,,
2023-02-21,,,,4.58,,,,,,
2023-02-22,4.67,3.95,3.98,4.58,2.42,1.53,,,,
2023-02-23,4.66,3.93,3.94,4.58,2.41,1.52,,,,
2023-02-24,4.66,3.88,3.88,4.58,2.39,1.49,,217000.0,,
2023-02-25,4.78,3.95,3.93,4.58,2.38,1.57,,,,
2023-02-26,,,,4.58,,,,,,
2023-02-27,,,,4.58,,,,,,
2023-02-28,4.78,3.92,3.93,4.57,2.36,1.56,,,,
2023-03-01,4.81,3.92,3.93,4.57,2.43,1.49,,,,
2023-03-02,4.89,4.01,3.97,4.58,2.44,1.57,,,,
2023-03-03,4.89,4.08,4.03,4.57,2.48,1.6,,207000.0,,
2023-03-04,4.86,3.97,3.9,4.57,2.52,1.45,,,,
2023-03-05,,,,4.57,,,,,,
2023-03-06,,,,4.57,,,,,,
2023-03-07,4.89,3.98,3.92,4.57,2.49,1.49,,,,
2023-03-08,5.0,3.97,3.88,4.57,2.38,1.59,,,,
2023-03-09,5.05,3.98,3.88,4.57,2.32,1.66,,,,
2023-03-10,4.9,3.93,3.88,4.57,2.3,1.63,,230000.0,,
2023-03-11,4.6,3.7,3.7,4.57,2.26,1.44,,,,
2023-03-12,,,,4.57,,,,,,
2023-03-13,,,,4.57,,,3.6,,155066.0,
2023-03-14,4.03,3.55,3.7,4.58,2.24,1.31,,,,
2023-03-15,4.2,3.64,3.77,4.58,2.31,1.33,,,,
2023-03-16,3.93,3.51,3.7,4.58,2.29,1.22,,,,
2023-03-17,4.14,3.56,3.71,4.58,2.22,1.34,,222000.0,,
2023-03-18,3.81,3.39,3.6,4.58,2.1,1.29,,,,664692.0
2023-03-19,,,,4.58,,,,,,
2023-03-20,,,,4.58,,,,,,
2023-03-21,3.92,3.47,3.65,4.58,2.14,1.33,,,,
2023-03-22,4.17,3.59,3.73,4.58,2.23,1.36,,,,
2023-03-23,3.96,3.48,3.68,4.58,2.28,1.2,,,,
2023-03-24,3.76,3.38,3.66,4.83,2.19,1.19,,230000.0,,
2023-03-25,3.76,3.38,3.64,4.83,2.22,1.16,,,,
2023-03-26,,,,4.83,,,,,,
2023-03-27,,,,4.83,,,,,,
2023-03-28,3.94,3.53,3.77,4.83,2.24,1.29,,,,
2023-03-29,4.02,3.55,3.77,4.83,2.31,1.24,,,,
2023-03-30,4.08,3.57,3.78,4.83,2.33,1.24,,,,
2023-03-31,4.1,3.55,3.74,4.83,2.34,1.21,,234000.0,,
2023-04-01,4.06,3.48,3.67,4.83,2.32,1.16,,,,
2023-04-02,,,,4.83,,,,,,
2023-04-03,,,,4.83,,,,,,
2023-04-04,3.97,3.43,3.64,4.83,2.29,1.14,,,,
2023-04-05,3.84,3.35,3.6,4.83,2.25,1.1,,,,
2023-04-06,3.79,3.3,3.56,4.83,2.23,1.07,,,,
2023-04-07,3.82,3.3,3.54,4.83,2.24,1.06,,217000.0,,
2023-04-08,3.97,3.39,3.61,4.83,2.25,1.14,,,,
2023-04-09,,,,4.83,,,,,,
2023-04-10,,,,4.83,,,3.5,,155134.0,
2023-04-11,4.0,3.41,3.62,4.83,2.27,1.14,,,,
2023-04-12,4.03,3.43,3.62,4.83,2.29,1.14,,,,
2023-04-13,3.95,3.41,3.64,4.83,2.27,1.14,,,,
2023-04-14,3.96,3.45,3.69,4.83,2.29,1.16,,220000.0,,
2023-04-15,4.08,3.52,3.74,4.83,2.3,1.22,,,,655146.0
2023-04-16,,,,4.83,,,,,,
2023-04-17,,,,4.83,,,,,,
2023-04-18,4.18,3.6,3.81,4.83,2.32,1.28,,,,
2023-04-19,4.19,3.58,3.79,4.83,2.28,1.3,,,,
2023-04-20,4.24,3.6,3.79,4.83,2.28,1.32,,,,
2023-04-21,4.14,3.54,3.75,4.83,2.26,1.28,,223000.0,,
2023-04-22,4.17,3.57,3.78,4.83,2.28,1.29,,,,
2023-04-23,,,,4.83,,,,,,
2023-04-24,,,,4.83,,,,,,
2023-04-25,4.12,3.52,3.73,4.83,2.28,1.24,,,,
2023-04-26,3.86,3.4,3.65,4.83,2.25,1.15,,,,
2023-04-27,3.9,3.43,3.7,4.83,2.25,1.18,,,,
2023-04-28,4.07,3.53,3.76,4.83,2.27,1.26,,209000.0,,
2023-04-29,4.04,3.44,3.67,4.83,2.18,1.26,,,,
2023-04-30,,,,4.83,,,,,,
2023-05-01,,,,4.83,,,,,,
2023-05-02,4.14,3.59,3.84,4.83,2.23,1.36,,,,
2023-05-03,3.97,3.44,3.72,4.83,2.2,1.24,,,,
2023-05-04,3.89,3.38,3.7,4.83,2.2,1.18,,,,
2023-05-05,3.75,3.37,3.73,5.08,2.19,1.18,,213000.0,,
2023-05-06,3.92,3.44,3.76,5.08,2.21,1.23,,,,
2023-05-07,,,,5.08,,,,,,
2023-05-08,,,,5.08,,,,,,
2023-05-09,4.0,3.52,3.84,5.08,2.23,1.29,,,,
2023-05-10,4.01,3.53,3.85,5.08,2.23,1.3,,,,
2023-05-11,3.9,3.43,3.8,5.08,2.17,1.26,3.4,,155375.0,
2023-05-12,3.89,3.39,3.73,5.08,2.16,1.23,,223000.0,,
2023-05-13,3.98,3.46,3.78,5.08,2.18,1.28,,,,
2023-05-14,,,,5.08,,,,,,
2023-05-15,,,,5.08,,,,,,
2023-05-16,3.99,3.5,3.84,5.08,2.19,1.31,,,,658962.0
2023-05-17,4.06,3.54,3.87,5.08,2.19,1.35,,,,
2023-05-18,4.12,3.57,3.88,5.08,2.22,1.35,,,,
2023-05-19,4.24,3.65,3.91,5.08,2.23,1.42,,225000.0,,
2023-05-20,4.28,3.7,3.95,5.08,2.24,1.46,,,,
2023-05-21,,,,5.08,,,,,,
2023-05-22,,,,5.08,,,,,,
2023-05-23,4.29,3.72,3.97,5.08,2.24,1.48,,,,
2023-05-24,4.26,3.7,3.96,5.08,2.26,1.44,,,,
2023-05-25,4.31,3.73,3.97,5.08,2.25,1.48,,,,
2023-05-26,4.5,3.83,4.01,5.08,2.25,1.58,,227000.0,,
2023-05-27,4.54,3.8,3.96,5.08,2.23,1.57,,,,
2023-05-28,,,,5.08,,,,,,
2023-05-29,,,,5.08,,,,,,
2023-05-30,,,,5.08,,,,,,
2023-05-31,4.46,3.69,3.9,5.08,2.22,1.47,,,,
2023-06-01,4.4,3.64,3.85,5.08,2.18,1.46,,,,
2023-06-02,4.33,3.61,3.84,5.08,2.16,1.45,,229000.0,,
2023-06-03,4.5,3.69,3.88,5.08,2.18,1.51,,,,
2023-06-04,,,,5.08,,,,,,
2023-06-05,,,,5.08,,,,,,
2023-06-06,4.46,3.69,3.89,5.08,2.19,1.5,,,,
2023-06-07,4.51,3.7,3.87,5.08,2.2,1.5,,,,
2023-06-08,4.56,3.79,3.95,5.08,2.21,1.58,,,,
2023-06-09,4.52,3.73,3.89,5.08,2.2,1.53,,252000.0,,
2023-06-10,4.59,3.75,3.89,5.08,2.2,1.55,3.6,,155655.0,
2023-06-11,,,,5.08,,,,,,
2023-06-12,,,,5.08,,,,,,
2023-06-13,4.55,3.73,3.87,5.08,2.17,1.56,,,,
2023-06-14,4.67,3.84,3.94,5.08,2.2,1.64,,,,
2023-06-15,4.74,3.83,3.9,5.08,2.21,1.62,,,,662303.0
2023-06-16,4.62,3.72,3.85,5.07,2.21,1.51,,256000.0,,
2023-06-17,4.7,3.77,3.86,5.08,2.22,1.55,,,,
2023-06-18,,,,5.08,,,,,,
2023-06-19,,,,5.08,,,,,,
2023-06-20,,,,5.08,,,,,,
2023-06-21,4.68,3.74,3.83,5.07,2.22,1.52,,,,
2023-06-22,4.68,3.72,3.81,5.07,2.21,1.51,,,,
2023-06-23,4.77,3.8,3.88,5.07,2.24,1.56,,259000.0,,
2023-06-24,4.71,3.74,3.82,5.07,2.21,1.53,,,,
2023-06-25,,,,5.07,,,,,,
2023-06-26,,,,5.07,,,,,,
2023-06-27,4.65,3.72,3.83,5.07,2.18,1.54,,,,
2023-06-28,4.74,3.77,3.84,5.07,2.2,1.57,,,,
2023-06-29,4.71,3.71,3.81,5.07,2.18,1.53,,,,
2023-06-30,4.87,3.85,3.92,5.07,2.2,1.65,,236000.0,,
2023-07-01,4.87,3.81,3.85,5.08,2.22,1.59,,,,
2023-07-02,,,,5.08,,,,,,
2023-07-03,,,,5.08,,,,,,
2023-07-04,4.94,3.86,3.87,5.08,2.25,1.61,,,,
2023-07-05,,,,5.08,,,,,,
2023-07-06,4.94,3.95,3.95,5.08,2.26,1.69,,,,
2023-07-07,4.99,4.05,4.01,5.08,2.27,1.78,,248000.0,,
2023-07-08,4.94,4.06,4.05,5.08,2.27,1.79,,,,
2023-07-09,,,,5.08,,,,,,
2023-07-10,,,,5.08,,,,,,
2023-07-11,4.85,4.01,4.05,5.07,2.25,1.76,3.6,,155880.0,
2023-07-12,4.88,3.99,4.03,5.08,2.24,1.75,,,,
2023-07-13,4.72,3.86,3.96,5.08,2.26,1.6,,,,
2023-07-14,4.59,3.76,3.9,5.08,2.24,1.52,,230000.0,,
2023-07-15,4.74,3.83,3.93,5.08,2.24,1.59,,,,
2023-07-16,,,,5.08,,,,,,664476.0
2023-07-17,,,,5.08,,,,,,
2023-07-18,4.74,3.81,3.94,5.08,2.25,1.56,,,,
2023-07-19,4.74,3.8,3.91,5.08,2.23,1.57,,,,
2023-07-20,4.74,3.75,3.84,5.08,2.22,1.53,,,,
2023-07-21,4.8,3.85,3.91,5.08,2.35,1.5,,229000.0,,
2023-07-22,4.82,3.84,3.91,5.08,2.35,1.49,,,,
2023-07-23,,,,5.08,,,,,,
2023-07-24,,,,5.08,,,,,,
2023-07-25,4.81,3.86,3.92,5.08,2.38,1.48,,,,
2023-07-26,4.85,3.91,3.95,5.08,2.39,1.52,,,,
2023-07-27,4.82,3.86,3.94,5.08,2.36,1.5,,,,
2023-07-28,4.91,4.01,4.06,5.33,2.37,1.64,,231000.0,,
2023-07-29,4.87,3.96,4.03,5.33,2.38,1.58,,,,
2023-07-30,,,,5.33,,,,,,
2023-07-31,,,,5.33,,,,,,
2023-08-01,4.88,3.97,4.02,5.33,2.37,1.6,,,,
2023-08-02,4.92,4.05,4.11,5.33,2.37,1.68,,,,
2023-08-03,4.88,4.08,4.17,5.33,2.36,1.72,,,,
2023-08-04,4.9,4.2,4.32,5.33,2.37,1.83,,238000.0,,
2023-08-05,4.78,4.05,4.21,5.33,2.38,1.67,,,,
2023-08-06,,,,5.33,,,,,,
2023-08-07,,,,5.33,,,,,,
2023-08-08,4.76,4.09,4.27,5.33,2.41,1.68,,,,
2023-08-09,4.74,4.02,4.2,5.33,2.36,1.66,,,,
2023-08-10,4.79,4.0,4.18,5.33,2.34,1.66,3.5,,156043.0,
2023-08-11,4.82,4.09,4.24,5.33,2.33,1.76,,258000.0,,
2023-08-12,4.89,4.16,4.27,5.33,2.36,1.8,,,,
2023-08-13,,,,5.33,,,,,,
2023-08-14,,,,5.33,,,,,,
2023-08-15,4.96,4.19,4.29,5.33,2.36,1.83,,,,663391.0
2023-08-16,4.92,4.21,4.32,5.33,2.32,1.89,,,,
2023-08-17,4.97,4.28,4.38,5.33,2.32,1.96,,,,
2023-08-18,4.94,4.3,4.41,5.33,2.33,1.97,,248000.0,,
2023-08-19,4.92,4.26,4.38,5.33,2.32,1.94,,,,
2023-08-20,,,,5.33,,,,,,
2023-08-21,,,,5.33,,,,,,
2023-08-22,4.97,4.34,4.45,5.33,2.34,2.0,,,,
2023-08-23,5.02,4.34,4.42,5.33,2.35,1.99,,,,
2023-08-24,4.95,4.19,4.27,5.33,2.35,1.84,,,,
2023-08-25,4.98,4.23,4.3,5.33,2.32,1.91,,240000.0,,
2023-08-26,5.03,4.25,4.3,5.33,2.33,1.92,,,,
2023-08-27,,,,5.33,,,,,,
2023-08-28,,,,5.33,,,,,,
2023-08-29,4.98,4.2,4.29,5.33,2.3,1.9,,,,
2023-08-30,4.87,4.12,4.23,5.33,2.29,1.83,,,,
2023-08-31,4.9,4.12,4.23,5.33,2.26,1.86,,,,
2023-09-01,4.85,4.09,4.2,5.33,2.24,1.85,,234000.0,,
2023-09-02,4.87,4.18,4.29,5.33,2.26,1.92,,,,
2023-09-03,,,,5.33,,,,,,
2023-09-04,,,,5.33,,,,,,
2023-09-05,,,,5.33,,,,,,
2023-09-06,4.94,4.27,4.38,5.33,2.29,1.98,,,,
2023-09-07,5.01,4.3,4.37,5.33,2.3,2.0,,,,
2023-09-08,4.94,4.27,4.36,5.33,2.32,1.95,,225000.0,,
2023-09-09,4.98,4.26,4.33,5.33,2.33,1.93,,,,
2023-09-10,,,,5.33,,,3.7,,156261.0,
2023-09-11,,,,5.33,,,,,,
2023-09-12,4.97,4.29,4.37,5.33,2.35,1.94,,,,
2023-09-13,4.98,4.27,4.35,5.33,2.34,1.93,,,,
2023-09-14,4.96,4.25,4.34,5.33,2.35,1.9,,,,
2023-09-15,5.0,4.29,4.39,5.33,2.34,1.95,,225000.0,,667632.0
2023-09-16,5.02,4.33,4.42,5.33,2.35,1.98,,,,
2023-09-17,,,,5.33,,,,,,
2023-09-18,,,,5.33,,,,,,
2023-09-19,5.05,4.32,4.4,5.33,2.36,1.96,,,,
2023-09-20,5.08,4.37,4.43,5.33,2.37,2.0,,,,
2023-09-21,5.12,4.35,4.4,5.33,2.35,2.0,,,,
2023-09-22,5.12,4.49,4.56,5.33,2.38,2.11,,211000.0,,
2023-09-23,5.1,4.44,4.53,5.33,2.37,2.07,,,,
2023-09-24,,,,5.33,,,,,,
2023-09-25,,,,5.33,,,,,,
2023-09-26,5.09,4.55,4.67,5.33,2.37,2.18,,,,
2023-09-27,5.04,4.56,4.7,5.33,2.33,2.23,,,,
2023-09-28,5.1,4.61,4.73,5.33,2.34,2.27,,,,
2023-09-29,5.04,4.59,4.71,5.33,2.39,2.2,,216000.0,,
2023-09-30,5.03,4.59,4.73,5.33,2.35,2.24,,,,
2023-10-01,,,,5.33,,,,,,
2023-10-02,,,,5.33,,,,,,
2023-10-03,5.12,4.69,4.81,5.33,2.35,2.34,,,,
2023-10-04,5.15,4.81,4.95,5.33,2.36,2.45,,,,
2023-10-05,5.05,4.73,4.87,5.33,2.33,2.4,,,,
2023-10-06,5.03,4.72,4.89,5.33,2.31,2.41,,216000.0,,
2023-10-07,5.08,4.78,4.95,5.33,2.31,2.47,,,,
2023-10-08,,,,5.33,,,,,,
2023-10-09,,,,5.33,,,,,,
2023-10-10,,,,5.33,,,,,,
2023-10-11,4.96,4.66,4.85,5.33,2.32,2.34,3.7,,156417.0,
2023-10-12,4.99,4.58,4.73,5.33,2.32,2.26,,,,
2023-10-13,5.06,4.7,4.86,5.33,2.34,2.36,,210000.0,,
2023-10-14,5.04,4.63,4.78,5.33,2.34,2.29,,,,
2023-10-15,,,,5.33,,,,,,
2023-10-16,,,,5.33,,,,,,671096.0
2023-10-17,5.09,4.71,4.87,5.33,2.38,2.33,,,,
2023-10-18,5.19,4.83,4.94,5.33,2.41,2.42,,,,
2023-10-19,5.19,4.91,5.0,5.33,2.44,2.47,,,,
2023-10-20,5.14,4.98,5.11,5.33,2.49,2.49,,200000.0,,
2023-10-21,5.07,4.93,5.09,5.33,2.47,2.46,,,,
2023-10-22,,,,5.33,,,,,,
2023-10-23,,,,5.33,,,,,,
2023-10-24,5.05,4.86,5.01,5.33,2.41,2.45,,,,
2023-10-25,5.02,4.83,4.96,5.33,2.4,2.43,,,,
2023-10-26,5.08,4.95,5.09,5.33,2.43,2.52,,,,
2023-10-27,5.02,4.86,5.01,5.33,2.42,2.44,,214000.0,,
2023-10-28,4.99,4.84,5.03,5.33,2.42,2.42,,,,
2023-10-29,,,,5.33,,,,,,
2023-10-30,,,,5.33,,,,,,
2023-10-31,5.03,4.88,5.04,5.33,2.44,2.44,,,,
2023-11-01,5.07,4.88,5.04,5.33,2.42,2.46,,,,
2023-11-02,4.95,4.77,4.96,5.33,2.41,2.36,,,,
2023-11-03,4.98,4.67,4.82,5.33,2.4,2.27,,217000.0,,
2023-11-04,4.83,4.57,4.77,5.33,2.39,2.18,,,,
2023-11-05,,,,5.33,,,,,,
2023-11-06,,,,5.33,,,,,,
2023-11-07,4.93,4.67,4.84,5.33,2.42,2.25,,,,
2023-11-08,4.91,4.58,4.75,5.33,2.39,2.19,,,,
2023-11-09,4.93,4.49,4.64,5.33,2.34,2.15,,,,
2023-11-10,5.03,4.62,4.77,5.33,2.33,2.29,3.9,216000.0,156576.0,
2023-11-11,5.04,4.61,4.73,5.33,2.32,2.29,,,,
2023-11-12,,,,5.33,,,,,,
2023-11-13,,,,5.33,,,,,,
2023-11-14,5.02,4.63,4.75,5.33,2.31,2.32,,,,
2023-11-15,4.8,4.44,4.61,5.33,2.28,2.16,,,,667815.0
2023-11-16,4.9,4.53,4.68,5.33,2.31,2.22,,,,
2023-11-17,4.83,4.45,4.63,5.33,2.27,2.18,,230000.0,,
2023-11-18,4.88,4.44,4.59,5.33,2.28,2.16,,,,
2023-11-19,,,,5.33,,,,,,
2023-11-20,,,,5.33,,,,,,
2023-11-21,4.89,4.42,4.57,5.33,2.3,2.12,,,,
2023-11-22,4.86,4.41,4.57,5.33,2.25,2.16,,,,
2023-11-23,4.89,4.42,4.55,5.33,2.26,2.16,,,,
2023-11-24,,,,5.33,,,,213000.0,,
2023-11-25,4.92,4.47,4.6,5.33,2.26,2.21,,,,
2023-11-26,,,,5.33,,,,,,
2023-11-27,,,,5.33,,,,,,
2023-11-28,4.84,4.39,4.53,5.33,2.21,2.18,,,,
2023-11-29,4.73,4.34,4.52,5.33,2.22,2.12,,,,
2023-11-30,4.64,4.27,4.44,5.33,2.21,2.06,,,,
2023-12-01,4.73,4.37,4.54,5.33,2.23,2.14,,213000.0,,
2023-12-02,4.56,4.22,4.4,5.33,2.22,2.0,,,,
2023-12-03,,,,5.33,,,,,,
2023-12-04,,,,5.33,,,,,,
2023-12-05,4.64,4.28,4.43,5.33,2.21,2.07,,,,
2023-12-06,4.57,4.18,4.3,5.33,2.17,2.01,,,,
2023-12-07,4.6,4.12,4.22,5.33,2.14,1.98,,,,
2023-12-08,4.58,4.14,4.25,5.33,2.17,1.97,,215000.0,,
2023-12-09,4.71,4.23,4.31,5.33,2.21,2.02,,,,
2023-12-10,,,,5.33,,,,,,
2023-12-11,,,,5.33,,,3.7,,156703.0,
2023-12-12,4.71,4.23,4.32,5.33,2.19,2.04,,,,
2023-12-13,4.73,4.2,4.3,5.33,2.16,2.04,,,,
2023-12-14,4.46,4.04,4.19,5.33,2.16,1.88,,,,
2023-12-15,4.37,3.92,4.03,5.33,2.22,1.7,,203000.0,,
2023-12-16,4.44,3.91,4.0,5.33,2.22,1.69,,,,666419.0
2023-12-17,,,,5.33,,,,,,
2023-12-18,,,,5.33,,,,,,
2023-12-19,4.43,3.95,4.05,5.33,2.21,1.74,,,,
2023-12-20,4.41,3.93,4.03,5.33,2.19,1.74,,,,
2023-12-21,4.34,3.86,3.98,5.33,2.19,1.67,,,,
2023-12-22,4.33,3.89,4.03,5.33,2.19,1.7,,209000.0,,
2023-12-23,4.31,3.9,4.05,5.33,2.19,1.71,,,,
2023-12-24,,,,5.33,,,,,,
2023-12-25,,,,5.33,,,,,,
2023-12-26,,,,5.33,,,,,,
2023-12-27,4.26,3.89,4.04,5.33,2.18,1.71,,,,
2023-12-28,4.2,3.79,3.95,5.33,2.15,1.64,,,,
2023-12-29,4.26,3.84,3.98,5.33,2.16,1.68,,212000.0,,
2023-12-30,4.23,3.88,4.03,5.33,2.16,1.72,,,,
2023-12-31,,,,5.33,,,,,,
2024-01-01,,,,5.33,,,,,,
2024-01-02,,,,5.33,,,,,,
2024-01-03,4.33,3.95,4.08,5.33,2.21,1.74,,,,
2024-01-04,4.33,3.91,4.05,5.33,2.2,1.71,,,,
2024-01-05,4.38,3.99,4.13,5.33,2.22,1.77,,200000.0,,
2024-01-06,4.4,4.05,4.21,5.33,2.22,1.83,,,,
2024-01-07,,,,5.33,,,,,,
2024-01-08,,,,5.33,,,,,,
2024-01-09,4.36,4.01,4.17,5.33,2.22,1.79,,,,
2024-01-10,4.36,4.02,4.18,5.33,2.22,1.8,3.8,,156857.0,
2024-01-11,4.37,4.04,4.2,5.33,2.22,1.82,,,,
2024-01-12,4.26,3.98,4.18,5.33,2.22,1.76,,201000.0,,
2024-01-13,4.14,3.96,4.2,5.33,2.27,1.69,,,,
2024-01-14,,,,5.33,,,,,,
2024-01-15,,,,5.33,,,,,,666963.0
2024-01-16,,,,5.33,,,,,,
2024-01-17,4.22,4.07,4.3,5.33,2.3,1.77,,,,
2024-01-18,4.34,4.1,4.31,5.33,2.3,1.8,,,,
2024-01-19,4.34,4.14,4.37,5.33,2.34,1.8,,195000.0,,
2024-01-20,4.39,4.15,4.36,5.33,2.34,1.81,,,,
2024-01-21,,,,5.33,,,,,,
2024-01-22,,,,5.33,,,,,,
2024-01-23,4.37,4.11,4.32,5.33,2.31,1.8,,,,
2024-01-24,4.31,4.14,4.38,5.33,2.29,1.85,,,,
2024-01-25,4.34,4.18,4.41,5.33,2.3,1.88,,,,
2024-01-26,4.28,4.14,4.38,5.33,2.29,1.85,,224000.0,,
2024-01-27,4.34,4.15,4.38,5.33,2.3,1.85,,,,
2024-01-28,,,,5.33,,,,,,
2024-01-29,,,,5.33,,,,,,
2024-01-30,4.29,4.08,4.31,5.33,2.3,1.78,,,,
2024-01-31,4.36,4.06,4.28,5.33,2.26,1.8,,,,
2024-02-01,4.27,3.99,4.22,5.33,2.26,1.73,,,,
2024-02-02,4.2,3.87,4.1,5.33,2.19,1.68,,226000.0,,
2024-02-03,4.36,4.03,4.22,5.33,2.21,1.82,,,,
2024-02-04,,,,5.33,,,,,,
2024-02-05,,,,5.33,,,,,,
2024-02-06,4.46,4.17,4.35,5.33,2.27,1.9,,,,
2024-02-07,4.39,4.09,4.29,5.33,2.24,1.85,,,,
2024-02-08,4.41,4.09,4.31,5.33,2.23,1.86,,,,
2024-02-09,4.46,4.15,4.36,5.33,2.24,1.91,,213000.0,,
2024-02-10,4.48,4.17,4.37,5.33,2.25,1.92,3.7,,157032.0,
2024-02-11,,,,5.33,,,,,,
2024-02-12,,,,5.33,,,,,,
2024-02-13,4.46,4.17,4.37,5.33,2.24,1.93,,,,
2024-02-14,4.64,4.31,4.46,5.33,2.29,2.02,,,,
2024-02-15,4.56,4.27,4.45,5.33,2.3,1.97,,,,660602.0
2024-02-16,4.56,4.24,4.42,5.33,2.3,1.94,,213000.0,,
2024-02-17,4.64,4.3,4.45,5.33,2.33,1.97,,,,
2024-02-18,,,,5.33,,,,,,
2024-02-19,,,,5.33,,,,,,
2024-02-20,,,,5.33,,,,,,
2024-02-21,4.59,4.27,4.44,5.33,2.32,1.95,,,,
2024-02-22,4.64,4.32,4.49,5.33,2.34,1.98,,,,
2024-02-23,4.69,4.33,4.47,5.33,2.31,2.02,,202000.0,,
2024-02-24,4.67,4.26,4.37,5.33,2.3,1.96,,,,
2024-02-25,,,,5.33,,,,,,
2024-02-26,,,,5.33,,,,,,
2024-02-27,4.69,4.28,4.4,5.33,2.31,1.97,,,,
2024-02-28,4.7,4.31,4.44,5.33,2.32,1.99,,,,
2024-02-29,4.64,4.27,4.4,5.33,2.33,1.94,,,,
2024-03-01,4.64,4.25,4.38,5.33,2.33,1.92,,212000.0,,
2024-03-02,4.54,4.19,4.33,5.33,2.32,1.87,,,,
2024-03-03,,,,5.33,,,,,,
2024-03-04,,,,5.33,,,,,,
2024-03-05,4.61,4.22,4.36,5.33,2.34,1.88,,,,
2024-03-06,4.54,4.13,4.27,5.33,2.32,1.81,,,,
2024-03-07,4.55,4.11,4.24,5.33,2.3,1.81,,,,
2024-03-08,4.5,4.09,4.25,5.33,2.28,1.81,,213000.0,,
2024-03-09,4.48,4.09,4.26,5.33,2.28,1.81,,,,
2024-03-10,,,,5.33,,,,,,
2024-03-11,,,,5.33,,,,,,
2024-03-12,4.51,4.1,4.26,5.33,2.27,1.83,3.9,,157238.0,
2024-03-13,4.58,4.16,4.31,5.33,2.3,1.86,,,,
2024-03-14,4.61,4.19,4.35,5.33,2.3,1.89,,,,
2024-03-15,4.68,4.29,4.44,5.33,2.3,1.99,,213000.0,,
2024-03-16,4.72,4.31,4.43,5.33,2.32,1.99,,,,
2024-03-17,,,,5.33,,,,,,664621.0
2024-03-18,,,,5.33,,,,,,
2024-03-19,4.73,4.34,4.46,5.33,2.31,2.03,,,,
2024-03-20,4.68,4.3,4.44,5.33,2.3,2.0,,,,
2024-03-21,4.59,4.27,4.45,5.33,2.31,1.96,,,,
2024-03-22,4.62,4.27,4.44,5.33,2.34,1.93,,213000.0,,
2024-03-23,4.59,4.22,4.39,5.33,2.35,1.87,,,,
2024-03-24,,,,5.33,,,,,,
2024-03-25,,,,5.33,,,,,,
2024-03-26,4.54,4.25,4.42,5.33,2.33,1.92,,,,
2024-03-27,4.56,4.24,4.4,5.33,2.32,1.92,,,,
2024-03-28,4.54,4.2,4.36,5.33,2.32,1.88,,,,
2024-03-29,4.59,4.2,4.34,5.33,2.32,1.88,,214000.0,,
2024-03-30,,,,5.33,,,,,,
2024-03-31,,,,5.33,,,,,,
2024-04-01,,,,5.33,,,,,,
2024-04-02,4.72,4.33,4.47,5.33,2.35,1.98,,,,
2024-04-03,4.7,4.36,4.51,5.33,2.36,2.0,,,,
2024-04-04,4.68,4.36,4.51,5.33,2.36,2.0,,,,
2024-04-05,4.65,4.31,4.47,5.33,2.34,1.97,,223000.0,,
2024-04-06,4.73,4.39,4.54,5.33,2.37,2.02,,,,
2024-04-07,,,,5.33,,,,,,
2024-04-08,,,,5.33,,,,,,
2024-04-09,4.78,4.42,4.55,5.33,2.38,2.04,,,,
2024-04-10,4.74,4.36,4.5,5.33,2.36,2.0,3.9,,157466.0,
2024-04-11,4.97,4.55,4.64,5.33,2.4,2.15,,,,
2024-04-12,4.93,4.56,4.65,5.33,2.4,2.16,,213000.0,,
2024-04-13,4.88,4.5,4.61,5.33,2.39,2.11,,,,
2024-04-14,,,,5.33,,,,,,
2024-04-15,,,,5.33,,,,,,664328.0
2024-04-16,4.93,4.63,4.74,5.33,2.43,2.2,,,,
2024-04-17,4.97,4.67,4.77,5.33,2.43,2.24,,,,
2024-04-18,4.93,4.59,4.71,5.33,2.39,2.2,,,,
2024-04-19,4.98,4.64,4.74,5.33,2.4,2.24,,212000.0,,
2024-04-20,4.97,4.62,4.72,5.33,2.41,2.21,,,,
2024-04-21,,,,5.33,,,,,,
2024-04-22,,,,5.33,,,,,,
2024-04-23,4.97,4.62,4.72,5.33,2.41,2.21,,,,
2024-04-24,4.86,4.61,4.73,5.33,2.41,2.2,,,,
2024-04-25,4.89,4.65,4.78,5.33,2.41,2.24,,,,
2024-04-26,4.96,4.7,4.82,5.33,2.42,2.28,,209000.0,,
2024-04-27,4.96,4.67,4.78,5.33,2.43,2.24,,,,
2024-04-28,,,,5.33,,,,,,
2024-04-29,,,,5.33,,,,,,
2024-04-30,4.97,4.63,4.75,5.33,2.41,2.22,,,,
2024-05-01,5.04,4.69,4.79,5.33,2.41,2.28,,,,
2024-05-02,4.96,4.63,4.74,5.33,2.38,2.25,,,,
2024-05-03,4.87,4.58,4.72,5.33,2.37,2.21,,207000.0,,
2024-05-04,4.81,4.5,4.66,5.33,2.35,2.15,,,,
2024-05-05,,,,5.33,,,,,,
2024-05-06,,,,5.33,,,,,,
2024-05-07,4.82,4.49,4.64,5.33,2.35,2.14,,,,
2024-05-08,4.82,4.47,4.61,5.33,2.32,2.15,,,,
2024-05-09,4.84,4.48,4.64,5.33,2.31,2.17,,,,
2024-05-10,4.8,4.45,4.6,5.33,2.32,2.13,,230000.0,,
2024-05-11,4.87,4.5,4.64,5.33,2.34,2.16,3.9,,157530.0,
2024-05-12,,,,5.33,,,,,,
2024-05-13,,,,5.33,,,,,,
2024-05-14,4.85,4.48,4.63,5.33,2.33,2.15,,,,
2024-05-15,4.81,4.45,4.59,5.33,2.33,2.12,,,,
2024-05-16,4.73,4.36,4.52,5.33,2.31,2.05,,,,664858.0
2024-05-17,4.78,4.38,4.52,5.33,2.31,2.07,,222000.0,,
2024-05-18,4.83,4.42,4.56,5.33,2.32,2.1,,,,
2024-05-19,,,,5.33,,,,,,
2024-05-20,,,,5.33,,,,,,
2024-05-21,4.82,4.44,4.58,5.33,2.33,2.11,,,,
2024-05-22,4.82,4.41,4.55,5.33,2.32,2.09,,,,
2024-05-23,4.86,4.43,4.55,5.33,2.33,2.1,,,,
2024-05-24,4.91,4.47,4.58,5.33,2.3,2.17,,216000.0,,
2024-05-25,4.93,4.46,4.57,5.33,2.32,2.14,,,,
2024-05-26,,,,5.33,,,,,,
2024-05-27,,,,5.33,,,,,,
2024-05-28,,,,5.33,,,,,,
2024-05-29,4.94,4.54,4.66,5.33,2.34,2.2,,,,
2024-05-30,4.96,4.61,4.74,5.33,2.36,2.25,,,,
2024-05-31,4.92,4.55,4.69,5.33,2.36,2.19,,220000.0,,
2024-06-01,4.89,4.51,4.65,5.33,2.35,2.16,,,,
2024-06-02,,,,5.33,,,,,,
2024-06-03,,,,5.33,,,,,,
2024-06-04,4.82,4.41,4.55,5.33,2.33,2.08,,,,
2024-06-05,4.77,4.33,4.48,5.33,2.31,2.02,,,,
2024-06-06,4.72,4.29,4.44,5.33,2.3,1.99,,,,
2024-06-07,4.72,4.28,4.43,5.33,2.28,2.0,,227000.0,,
2024-06-08,4.87,4.43,4.55,5.33,2.3,2.13,,,,
2024-06-09,,,,5.33,,,,,,
2024-06-10,,,,5.33,,,3.9,,157608.0,
2024-06-11,4.87,4.47,4.59,5.33,2.31,2.16,,,,
2024-06-12,4.81,4.39,4.53,5.33,2.27,2.12,,,,
2024-06-13,4.75,4.31,4.47,5.33,2.22,2.09,,,,
2024-06-14,4.68,4.24,4.4,5.33,2.21,2.03,,240000.0,,
2024-06-15,4.67,4.2,4.34,5.33,2.17,2.03,,,,667659.0
2024-06-16,,,,5.33,,,,,,
2024-06-17,,,,5.33,,,,,,
2024-06-18,4.75,4.28,4.4,5.33,2.22,2.06,,,,
2024-06-19,4.69,4.22,4.36,5.33,2.21,2.01,,,,
2024-06-20,,,,5.33,,,,,,
2024-06-21,4.7,4.25,4.39,5.33,2.25,2.0,,236000.0,,
2024-06-22,4.7,4.25,4.39,5.33,2.23,2.02,,,,
2024-06-23,,,,5.33,,,,,,
2024-06-24,,,,5.33,,,,,,
2024-06-25,4.71,4.25,4.38,5.33,2.22,2.03,,,,
2024-06-26,4.65,4.23,4.36,5.33,2.22,2.01,,,,
2024-06-27,4.71,4.32,4.45,5.33,2.26,2.06,,,,
2024-06-28,4.7,4.29,4.43,5.33,2.26,2.03,,233000.0,,
2024-06-29,4.71,4.36,4.51,5.33,2.28,2.08,,,,
2024-06-30,,,,5.33,,,,,,
2024-07-01,,,,5.33,,,,,,
2024-07-02,4.77,4.48,4.64,5.33,2.32,2.16,,,,
2024-07-03,4.74,4.43,4.6,5.33,2.3,2.13,,,,
2024-07-04,4.71,4.36,4.53,5.33,2.27,2.09,,,,
2024-07-05,,,,5.33,,,,238000.0,,
2024-07-06,4.6,4.28,4.47,5.33,2.28,2.0,,,,
2024-07-07,,,,5.33,,,,,,
2024-07-08,,,,5.33,,,,,,
2024-07-09,4.62,4.28,4.46,5.33,2.27,2.01,,,,
2024-07-10,4.62,4.3,4.49,5.33,2.26,2.04,,,,
2024-07-11,4.62,4.28,4.47,5.33,2.27,2.01,4.1,,157695.0,
2024-07-12,4.5,4.2,4.41,5.33,2.25,1.95,,223000.0,,
2024-07-13,4.45,4.18,4.39,5.33,2.24,1.94,,,,
2024-07-14,,,,5.33,,,,,,
2024-07-15,,,,5.33,,,,,,
2024-07-16,4.44,4.23,4.46,5.33,2.27,1.96,,,,666040.0
2024-07-17,4.43,4.17,4.38,5.33,2.26,1.91,,,,
2024-07-18,4.42,4.16,4.37,5.33,2.26,1.9,,,,
2024-07-19,4.46,4.2,4.41,5.33,2.31,1.89,,241000.0,,
2024-07-20,4.49,4.25,4.45,5.33,2.32,1.93,,,,
2024-07-21,,,,5.33,,,,,,
2024-07-22,,,,5.33,,,,,,
2024-07-23,4.5,4.26,4.48,5.33,2.3,1.96,,,,
2024-07-24,4.4,4.25,4.48,5.33,2.29,1.96,,,,
2024-07-25,4.37,4.28,4.54,5.33,2.28,2.0,,,,
2024-07-26,4.41,4.27,4.5,5.33,2.28,1.99,,237000.0,,
2024-07-27,4.36,4.2,4.45,5.33,2.27,1.93,,,,
2024-07-28,,,,5.33,,,,,,
2024-07-29,,,,5.33,,,,,,
2024-07-30,4.36,4.17,4.42,5.33,2.25,1.92,,,,
2024-07-31,4.35,4.15,4.4,5.33,2.25,1.9,,,,
2024-08-01,4.29,4.09,4.35,5.33,2.24,1.85,,,,
2024-08-02,4.16,3.99,4.27,5.33,2.2,1.79,,248000.0,,
2024-08-03,3.88,3.8,4.11,5.33,2.04,1.76,,,,
2024-08-04,,,,5.33,,,,,,
2024-08-05,,,,5.33,,,,,,
2024-08-06,3.89,3.78,4.06,5.33,2.07,1.71,,,,
2024-08-07,3.99,3.9,4.18,5.33,2.12,1.78,,,,
2024-08-08,4.0,3.96,4.26,5.33,2.11,1.85,,,,
2024-08-09,4.04,3.99,4.28,5.33,2.12,1.87,,234000.0,,
2024-08-10,4.05,3.94,4.23,5.33,2.1,1.84,4.2,,157748.0,
2024-08-11,,,,5.33,,,,,,
2024-08-12,,,,5.33,,,,,,
2024-08-13,4.01,3.9,4.19,5.33,2.11,1.79,,,,
2024-08-14,3.93,3.85,4.16,5.33,2.09,1.76,,,,
2024-08-15,3.94,3.83,4.12,5.33,2.06,1.77,,,,673662.0
2024-08-16,4.08,3.92,4.18,5.33,2.12,1.8,,228000.0,,
2024-08-17,4.06,3.89,4.15,5.33,2.08,1.81,,,,
2024-08-18,,,,5.33,,,,,,
2024-08-19,,,,5.33,,,,,,
2024-08-20,4.06,3.86,4.11,5.33,2.07,1.79,,,,
2024-08-21,3.99,3.82,4.07,5.33,2.07,1.75,,,,
2024-08-22,3.92,3.79,4.06,5.33,2.07,1.72,,,,
2024-08-23,3.99,3.86,4.13,5.33,2.1,1.76,,232000.0,,
2024-08-24,3.9,3.81,4.1,5.33,2.13,1.68,,,,
2024-08-25,,,,5.33,,,,,,
2024-08-26,,,,5.33,,,,,,
2024-08-27,3.91,3.82,4.11,5.33,2.15,1.67,,,,
2024-08-28,3.83,3.83,4.13,5.33,2.15,1.68,,,,
2024-08-29,3.83,3.84,4.13,5.33,2.15,1.69,,,,
2024-08-30,3.87,3.87,4.15,5.33,2.16,1.71,,232000.0,,
2024-08-31,3.91,3.91,4.2,5.33,2.15,1.76,,,,
2024-09-01,,,,5.33,,,,,,
2024-09-02,,,,5.33,,,,,,
2024-09-03,,,,5.33,,,,,,
2024-09-04,3.88,3.84,4.13,5.33,2.11,1.73,,,,
2024-09-05,3.76,3.77,4.06,5.33,2.07,1.7,,,,
2024-09-06,3.75,3.73,4.02,5.33,2.03,1.7,,227000.0,,
2024-09-07,3.66,3.72,4.03,5.33,2.03,1.69,,,,
2024-09-08,,,,5.33,,,,,,
2024-09-09,,,,5.33,,,,,,
2024-09-10,3.68,3.7,4.0,5.33,2.04,1.66,4.2,,157757.0,
2024-09-11,3.59,3.65,3.97,5.33,2.02,1.63,,,,
2024-09-12,3.62,3.65,3.96,5.33,2.04,1.61,,,,
2024-09-13,3.64,3.68,4.0,5.33,2.05,1.63,,227000.0,,
2024-09-14,3.57,3.66,3.98,5.33,2.08,1.58,,,,
2024-09-15,,,,5.33,,,,,,670668.0
2024-09-16,,,,5.33,,,,,,
2024-09-17,3.56,3.63,3.94,5.33,2.09,1.54,,,,
2024-09-18,3.59,3.65,3.96,5.33,2.12,1.53,,,,
2024-09-19,3.61,3.7,4.03,5.33,2.12,1.58,,,,
2024-09-20,3.59,3.73,4.06,4.83,2.17,1.56,,223000.0,,
2024-09-21,3.55,3.73,4.07,4.83,2.15,1.58,,,,
2024-09-22,,,,4.83,,,,,,
2024-09-23,,,,4.83,,,,,,
2024-09-24,3.57,3.75,4.09,4.83,2.17,1.58,,,,
2024-09-25,3.49,3.74,4.09,4.83,2.19,1.55,,,,
2024-09-26,3.53,3.79,4.14,4.83,2.18,1.61,,,,
2024-09-27,3.6,3.79,4.12,4.83,2.16,1.63,,221000.0,,
2024-09-28,3.55,3.75,4.1,4.83,2.15,1.6,,,,
2024-09-29,,,,4.83,,,,,,
2024-09-30,,,,4.83,,,,,,
2024-10-01,3.66,3.81,4.14,4.83,2.18,1.63,,,,
2024-10-02,3.61,3.74,4.08,4.83,2.19,1.55,,,,
2024-10-03,3.63,3.79,4.14,4.83,2.21,1.58,,,,
2024-10-04,3.7,3.85,4.18,4.83,2.21,1.64,,227000.0,,
2024-10-05,3.93,3.98,4.26,4.83,2.23,1.75,,,,
2024-10-06,,,,4.83,,,,,,
2024-10-07,,,,4.83,,,,,,
2024-10-08,3.99,4.03,4.3,4.83,2.27,1.76,,,,
2024-10-09,3.98,4.04,4.32,4.83,2.27,1.77,,,,
2024-10-10,3.99,4.06,4.34,4.83,2.29,1.77,,,,
2024-10-11,3.98,4.09,4.38,4.83,2.33,1.76,4.1,258000.0,157912.0,
2024-10-12,3.95,4.08,4.39,4.83,2.33,1.75,,,,
2024-10-13,,,,4.83,,,,,,
2024-10-14,,,,4.83,,,,,,
2024-10-15,,,,4.83,,,,,,
2024-10-16,3.95,4.03,4.32,4.83,2.28,1.75,,,,676005.0
2024-10-17,3.93,4.02,4.3,4.83,2.27,1.75,,,,
2024-10-18,3.96,4.09,4.39,4.83,2.3,1.79,,241000.0,,
2024-10-19,3.95,4.08,4.38,4.83,2.31,1.77,,,,
2024-10-20,,,,4.83,,,,,,
2024-10-21,,,,4.83,,,,,,
2024-10-22,4.02,4.19,4.49,4.83,2.31,1.88,,,,
2024-10-23,4.03,4.2,4.49,4.83,2.33,1.87,,,,
2024-10-24,4.07,4.24,4.51,4.83,2.31,1.93,,,,
2024-10-25,4.07,4.21,4.47,4.83,2.3,1.91,,227000.0,,
2024-10-26,4.11,4.25,4.51,4.83,2.29,1.96,,,,
2024-10-27,,,,4.83,,,,,,
2024-10-28,,,,4.83,,,,,,
2024-10-29,4.12,4.28,4.53,4.83,2.29,1.99,,,,
2024-10-30,4.11,4.28,4.52,4.83,2.3,1.98,,,,
2024-10-31,4.15,4.29,4.49,4.83,2.34,1.95,,,,
2024-11-01,4.16,4.28,4.47,4.83,2.33,1.95,,219000.0,,
2024-11-02,4.21,4.37,4.57,4.83,2.33,2.04,,,,
2024-11-03,,,,4.83,,,,,,
2024-11-04,,,,4.83,,,,,,
2024-11-05,4.17,4.31,4.5,4.83,2.28,2.03,,,,
2024-11-06,4.19,4.26,4.44,4.83,2.27,1.99,,,,
2024-11-07,4.27,4.42,4.6,4.83,2.38,2.04,,,,
2024-11-08,4.21,4.31,4.52,4.83,2.33,1.98,,221000.0,,
2024-11-09,4.26,4.3,4.47,4.58,2.35,1.95,,,,
2024-11-10,,,,4.58,,,4.1,,157945.0,
2024-11-11,,,,4.58,,,,,,
2024-11-12,,,,4.58,,,,,,
2024-11-13,4.34,4.43,4.58,4.58,2.35,2.08,,,,
2024-11-14,4.27,4.44,4.63,4.58,2.35,2.09,,,,
2024-11-15,4.34,4.43,4.58,4.58,2.33,2.1,,218000.0,,681808.0
2024-11-16,4.31,4.43,4.6,4.58,2.33,2.1,,,,
2024-11-17,,,,4.58,,,,,,
2024-11-18,,,,4.58,,,,,,
2024-11-19,4.29,4.42,4.61,4.58,2.34,2.08,,,,
2024-11-20,4.27,4.39,4.57,4.58,2.34,2.05,,,,
2024-11-21,4.31,4.41,4.59,4.58,2.35,2.06,,,,
2024-11-22,4.34,4.43,4.61,4.58,2.34,2.09,,216000.0,,
2024-11-23,4.37,4.41,4.6,4.58,2.34,2.07,,,,
2024-11-24,,,,4.58,,,,,,
2024-11-25,,,,4.58,,,,,,
2024-11-26,4.21,4.27,4.45,4.58,2.29,1.98,,,,
2024-11-27,4.21,4.3,4.48,4.58,2.28,2.02,,,,
2024-11-28,4.19,4.25,4.44,4.58,2.26,1.99,,,,
2024-11-29,,,,4.58,,,,219000.0,,
2024-11-30,4.13,4.18,4.36,4.58,2.26,1.92,,,,
2024-12-01,,,,4.58,,,,,,
2024-12-02,,,,4.58,,,,,,
2024-12-03,4.17,4.19,4.36,4.58,2.26,1.93,,,,
2024-12-04,4.17,4.23,4.4,4.58,2.28,1.95,,,,
2024-12-05,4.13,4.19,4.35,4.58,2.29,1.9,,,,
2024-12-06,4.15,4.17,4.33,4.58,2.25,1.92,,222000.0,,
2024-12-07,4.1,4.15,4.34,4.58,2.24,1.91,,,,
2024-12-08,,,,4.58,,,,,,
2024-12-09,,,,4.58,,,,,,
2024-12-10,4.13,4.2,4.39,4.58,2.27,1.93,,,,
2024-12-11,4.15,4.22,4.41,4.58,2.29,1.93,4.2,,158079.0,
2024-12-12,4.15,4.26,4.48,4.58,2.3,1.96,,,,
2024-12-13,4.18,4.32,4.55,4.58,2.32,2.0,,238000.0,,
2024-12-14,4.25,4.4,4.61,4.58,2.33,2.07,,,,
2024-12-15,,,,4.58,,,,,,
2024-12-16,,,,4.58,,,,,,685709.0
2024-12-17,4.25,4.39,4.6,4.58,2.32,2.07,,,,
2024-12-18,4.25,4.4,4.59,4.58,2.31,2.09,,,,
2024-12-19,4.35,4.5,4.65,4.58,2.32,2.18,,,,
2024-12-20,4.32,4.57,4.74,4.33,2.29,2.28,,222000.0,,
2024-12-21,4.3,4.52,4.72,4.33,2.29,2.23,,,,
2024-12-22,,,,4.33,,,,,,
2024-12-23,,,,4.33,,,,,,
2024-12-24,4.3,4.59,4.78,4.33,2.32,2.27,,,,
2024-12-25,4.29,4.59,4.76,4.33,2.35,2.24,,,,
2024-12-26,,,,4.33,,,,,,
2024-12-27,4.3,4.58,4.76,4.33,2.35,2.23,,219000.0,,
2024-12-28,4.31,4.62,4.82,4.33,2.34,2.28,,,,
2024-12-29,,,,4.33,,,,,,
2024-12-30,,,,4.33,,,,,,
2024-12-31,4.24,4.55,4.77,4.33,2.31,2.24,,,,
2025-01-01,4.25,4.58,4.78,4.33,2.34,2.24,,,,
2025-01-02,,,,4.33,,,,,,
2025-01-03,4.25,4.57,4.79,4.33,2.34,2.23,,212000.0,,
2025-01-04,4.28,4.6,4.82,4.33,2.34,2.26,,,,
2025-01-05,,,,4.33,,,,,,
2025-01-06,,,,4.33,,,,,,
2025-01-07,4.28,4.62,4.85,4.33,2.34,2.28,,,,
2025-01-08,4.3,4.67,4.91,4.33,2.38,2.29,,,,
2025-01-09,4.28,4.67,4.91,4.33,2.4,2.27,,,,
2025-01-10,4.27,4.68,4.92,4.33,2.39,2.29,4.1,206000.0,158316.0,
2025-01-11,4.4,4.77,4.96,4.33,2.43,2.34,,,,
2025-01-12,,,,4.33,,,,,,
2025-01-13,,,,4.33,,,,,,
2025-01-14,4.4,4.79,4.97,4.33,2.45,2.34,,,,
2025-01-15,4.37,4.78,4.98,4.33,2.44,2.34,,,,691794.0
2025-01-16,4.27,4.66,4.88,4.33,2.42,2.24,,,,
2025-01-17,4.23,4.61,4.84,4.33,2.42,2.19,,219000.0,,
2025-01-18,4.27,4.61,4.84,4.33,2.41,2.2,,,,
2025-01-19,,,,4.33,,,,,,
2025-01-20,,,,4.33,,,,,,
2025-01-21,,,,4.33,,,,,,
2025-01-22,4.29,4.57,4.8,4.33,2.38,2.19,,,,
2025-01-23,4.29,4.6,4.82,4.33,2.4,2.2,,,,
2025-01-24,4.29,4.65,4.87,4.33,2.42,2.23,,223000.0,,
2025-01-25,4.27,4.63,4.85,4.33,2.43,2.2,,,,
2025-01-26,,,,4.33,,,,,,
2025-01-27,,,,4.33,,,,,,
2025-01-28,4.17,4.53,4.76,4.33,2.4,2.13,,,,
2025-01-29,4.19,4.55,4.78,4.33,2.42,2.13,,,,
2025-01-30,4.21,4.55,4.79,4.33,2.4,2.15,,,,
2025-01-31,4.18,4.52,4.76,4.33,2.38,2.14,,212000.0,,
2025-02-01,4.22,4.58,4.83,4.33,2.42,2.16,,,,
2025-02-02,,,,4.33,,,,,,
2025-02-03,,,,4.33,,,,,,
2025-02-04,4.26,4.54,4.77,4.33,2.45,2.09,,,,
2025-02-05,4.21,4.52,4.75,4.33,2.44,2.08,,,,
2025-02-06,4.17,4.43,4.64,4.33,2.42,2.01,,,,
2025-02-07,4.21,4.45,4.65,4.33,2.42,2.03,,220000.0,,
2025-02-08,4.29,4.49,4.69,4.33,2.42,2.07,,,,
2025-02-09,,,,4.33,,,,,,
2025-02-10,,,,4.33,,,4.0,,158268.0,
2025-02-11,4.28,4.51,4.71,4.33,2.44,2.07,,,,
2025-02-12,4.29,4.54,4.75,4.33,2.46,2.08,,,,
2025-02-13,4.36,4.62,4.83,4.33,2.46,2.16,,,,
2025-02-14,4.31,4.52,4.72,4.33,2.44,2.08,,216000.0,,
2025-02-15,4.26,4.47,4.69,4.33,2.43,2.04,,,,687058.0
2025-02-16,,,,4.33,,,,,,
2025-02-17,,,,4.33,,,,,,
2025-02-18,,,,4.33,,,,,,
2025-02-19,4.29,4.55,4.77,4.33,2.45,2.1,,,,
2025-02-20,4.28,4.53,4.76,4.33,2.45,2.08,,,,
2025-02-21,4.28,4.5,4.74,4.33,2.45,2.05,,223000.0,,
2025-02-22,4.19,4.42,4.67,4.33,2.42,2.0,,,,
2025-02-23,,,,4.33,,,,,,
2025-02-24,,,,4.33,,,,,,
2025-02-25,4.13,4.4,4.66,4.33,2.42,1.98,,,,
2025-02-26,4.07,4.3,4.55,4.33,2.38,1.92,,,,
2025-02-27,4.05,4.25,4.51,4.33,2.36,1.89,,,,
2025-02-28,4.07,4.29,4.56,4.33,2.37,1.92,,241000.0,,
2025-03-01,3.99,4.24,4.51,4.33,2.38,1.86,,,,
2025-03-02,,,,4.33,,,,,,
2025-03-03,,,,4.33,,,,,,
2025-03-04,3.96,4.16,4.45,4.33,2.36,1.8,,,,
2025-03-05,3.96,4.22,4.53,4.33,2.35,1.87,,,,
2025-03-06,3.99,4.28,4.57,4.33,2.34,1.94,,,,
2025-03-07,3.96,4.29,4.58,4.33,2.34,1.95,,224000.0,,
2025-03-08,3.99,4.32,4.62,4.33,2.33,1.99,,,,
2025-03-09,,,,4.33,,,,,,
2025-03-10,,,,4.33,,,,,,
2025-03-11,3.89,4.22,4.54,4.33,2.31,1.91,,,,
2025-03-12,3.94,4.28,4.59,4.33,2.31,1.97,,,,
2025-03-13,4.01,4.32,4.63,4.33,2.33,1.99,4.2,,158310.0,
2025-03-14,3.94,4.27,4.59,4.33,2.29,1.98,,222000.0,,
2025-03-15,4.02,4.31,4.62,4.33,2.3,2.01,,,,
2025-03-16,,,,4.33,,,,,,
2025-03-17,,,,4.33,,,,,,
2025-03-18,4.06,4.31,4.6,4.33,2.29,2.02,,,,683772.0
2025-03-19,4.04,4.29,4.58,4.33,2.3,1.99,,,,
2025-03-20,3.99,4.25,4.56,4.33,2.31,1.94,,,,
2025-03-21,3.95,4.24,4.55,4.33,2.31,1.93,,225000.0,,
2025-03-22,3.94,4.25,4.59,4.33,2.33,1.92,,,,
2025-03-23,,,,4.33,,,,,,
2025-03-24,,,,4.33,,,,,,
2025-03-25,4.04,4.34,4.66,4.33,2.36,1.98,,,,
2025-03-26,3.96,4.31,4.65,4.33,2.35,1.96,,,,
2025-03-27,3.98,4.35,4.69,4.33,2.37,1.98,,,,
2025-03-28,3.97,4.38,4.73,4.33,2.39,1.99,,224000.0,,
2025-03-29,3.89,4.27,4.64,4.33,2.37,1.9,,,,
2025-03-30,,,,4.33,,,,,,
2025-03-31,,,,4.33,,,,,,
2025-04-01,3.89,4.23,4.59,4.33,2.38,1.85,,,,
2025-04-02,3.87,4.17,4.52,4.33,2.33,1.84,,,,
2025-04-03,3.91,4.2,4.54,4.33,2.32,1.88,,,,
2025-04-04,3.71,4.06,4.49,4.33,2.28,1.78,,220000.0,,
2025-04-05,3.68,4.01,4.41,4.33,2.18,1.83,,,,
2025-04-06,,,,4.33,,,,,,
2025-04-07,,,,4.33,,,,,,
2025-04-08,3.73,4.15,4.58,4.33,2.19,1.96,,,,
2025-04-09,3.71,4.26,4.71,4.33,2.22,2.04,,,,
2025-04-10,3.91,4.34,4.72,4.33,2.27,2.07,4.2,,158377.0,
2025-04-11,3.84,4.4,4.86,4.33,2.19,2.21,,223000.0,,
2025-04-12,3.96,4.48,4.85,4.33,2.2,2.28,,,,
2025-04-13,,,,4.33,,,,,,
2025-04-14,,,,4.33,,,,,,
2025-04-15,3.84,4.38,4.8,4.33,2.23,2.15,,,,694750.0
2025-04-16,3.84,4.35,4.79,4.33,2.19,2.16,,,,
2025-04-17,3.77,4.29,4.74,4.33,2.17,2.12,,,,
2025-04-18,3.81,4.34,4.8,4.33,2.23,2.11,,217000.0,,
2025-04-19,,,,4.33,,,,,,
2025-04-20,,,,4.33,,,,,,
2025-04-21,,,,4.33,,,,,,
2025-04-22,3.75,4.42,4.91,4.33,2.22,2.2,,,,
2025-04-23,3.76,4.41,4.88,4.33,2.27,2.14,,,,
2025-04-24,3.81,4.4,4.83,4.33,2.29,2.11,,,,
2025-04-25,3.77,4.32,4.77,4.33,2.3,2.02,,224000.0,,
2025-04-26,3.74,4.29,4.74,4.33,2.27,2.02,,,,
2025-04-27,,,,4.33,,,,,,
2025-04-28,,,,4.33,,,,,,
2025-04-29,3.67,4.23,4.69,4.33,2.25,1.98,,,,
2025-04-30,3.65,4.19,4.64,4.33,2.23,1.96,,,,
2025-05-01,3.6,4.17,4.66,4.33,2.23,1.94,,,,
2025-05-02,3.7,4.25,4.74,4.33,2.25,2.0,,239000.0,,
2025-05-03,3.83,4.33,4.79,4.33,2.27,2.06,,,,
2025-05-04,,,,4.33,,,,,,
2025-05-05,,,,4.33,,,,,,
2025-05-06,3.83,4.36,4.83,4.33,2.28,2.08,,,,
2025-05-07,3.78,4.3,4.81,4.33,2.26,2.04,,,,
2025-05-08,3.78,4.26,4.77,4.33,2.25,2.01,,,,
2025-05-09,3.9,4.37,4.83,4.33,2.29,2.08,,228000.0,,
2025-05-10,3.88,4.37,4.83,4.33,2.29,2.08,,,,
2025-05-11,,,,4.33,,,4.2,,158485.0,
2025-05-12,,,,4.33,,,,,,
2025-05-13,3.98,4.45,4.89,4.33,2.29,2.16,,,,
2025-05-14,4.02,4.49,4.94,4.33,2.32,2.17,,,,
2025-05-15,4.05,4.53,4.97,4.33,2.37,2.16,,,,
2025-05-16,3.96,4.45,4.91,4.33,2.34,2.11,,226000.0,,695464.0
2025-05-17,3.98,4.43,4.89,4.33,2.34,2.09,,,,
2025-05-18,,,,4.33,,,,,,
2025-05-19,,,,4.33,,,,,,
2025-05-20,3.97,4.46,4.92,4.33,2.36,2.1,,,,
2025-05-21,3.97,4.48,4.96,4.33,2.35,2.13,,,,
2025-05-22,4.0,4.58,5.08,4.33,2.35,2.23,,,,
2025-05-23,4.0,4.54,5.05,4.33,2.34,2.2,,225000.0,,
2025-05-24,4.0,4.51,5.04,4.33,2.33,2.18,,,,
2025-05-25,,,,4.33,,,,,,
2025-05-26,,,,4.33,,,,,,
2025-05-27,,,,4.33,,,,,,
2025-05-28,3.92,4.43,4.94,4.33,2.32,2.11,,,,
2025-05-29,3.96,4.47,4.97,4.33,2.32,2.15,,,,
2025-05-30,3.92,4.43,4.92,4.33,2.32,2.11,,236000.0,,
2025-05-31,3.89,4.41,4.92,4.33,2.34,2.07,,,,
2025-06-01,,,,4.33,,,,,,
2025-06-02,,,,4.33,,,,,,
2025-06-03,3.94,4.46,4.99,4.33,2.33,2.13,,,,
2025-06-04,3.96,4.46,4.98,4.33,2.32,2.14,,,,
2025-06-05,3.87,4.37,4.89,4.33,2.31,2.06,,,,
2025-06-06,3.92,4.4,4.88,4.33,2.29,2.11,,244000.0,,
2025-06-07,4.04,4.51,4.97,4.33,2.31,2.2,,,,
2025-06-08,,,,4.33,,,,,,
2025-06-09,,,,4.33,,,,,,
2025-06-10,4.01,4.49,4.95,4.33,2.31,2.18,4.3,,158498.0,
2025-06-11,4.01,4.47,4.93,4.33,2.29,2.18,,,,
2025-06-12,3.94,4.41,4.91,4.33,2.27,2.14,,,,
2025-06-13,3.9,4.36,4.84,4.33,2.25,2.11,,246000.0,,
2025-06-14,3.96,4.41,4.9,4.33,2.28,2.13,,,,
2025-06-15,,,,4.33,,,,,,685488.0
2025-06-16,,,,4.33,,,,,,
2025-06-17,3.97,4.46,4.96,4.33,2.3,2.16,,,,
2025-06-18,3.94,4.39,4.88,4.33,2.31,2.08,,,,
2025-06-19,3.94,4.38,4.88,4.33,2.31,2.07,,,,
2025-06-20,,,,4.33,,,,243000.0,,
2025-06-21,3.9,4.38,4.89,4.33,2.33,2.05,,,,
2025-06-22,,,,4.33,,,,,,
2025-06-23,,,,4.33,,,,,,
2025-06-24,3.84,4.34,4.87,4.33,2.3,2.04,,,,
2025-06-25,3.75,4.3,4.83,4.33,2.29,2.01,,,,
2025-06-26,3.74,4.29,4.83,4.33,2.28,2.01,,,,
2025-06-27,3.7,4.26,4.81,4.33,2.28,1.98,,236000.0,,
2025-06-28,3.73,4.29,4.85,4.33,2.29,2.0,,,,
2025-06-29,,,,4.33,,,,,,
2025-06-30,,,,4.33,,,,,,
2025-07-01,3.72,4.24,4.78,4.33,2.29,1.95,,,,
2025-07-02,3.78,4.26,4.78,4.33,2.29,1.97,,,,
2025-07-03,3.78,4.3,4.82,4.33,2.3,2.0,,,,
2025-07-04,3.88,4.35,4.86,4.33,2.33,2.02,,231000.0,,
2025-07-05,,,,4.33,,,,,,
2025-07-06,,,,4.33,,,,,,
2025-07-07,,,,4.33,,,,,,
2025-07-08,3.9,4.4,4.92,4.33,2.35,2.05,,,,
2025-07-09,3.9,4.42,4.94,4.33,2.35,2.07,,,,
2025-07-10,3.86,4.34,4.87,4.33,2.33,2.01,,,,
2025-07-11,3.86,4.35,4.86,4.33,2.34,2.01,4.1,228000.0,158478.0,
2025-07-12,3.9,4.43,4.96,4.33,2.37,2.06,,,,
2025-07-13,,,,4.33,,,,,,
2025-07-14,,,,4.33,,,,,,
2025-07-15,3.9,4.43,4.97,4.33,2.39,2.04,,,,
2025-07-16,3.95,4.5,5.01,4.33,2.41,2.09,,,,691883.0
2025-07-17,3.88,4.46,5.01,4.33,2.41,2.05,,,,
2025-07-18,3.91,4.47,5.01,4.33,2.43,2.04,,221000.0,,
2025-07-19,3.88,4.44,5.0,4.33,2.41,2.03,,,,
2025-07-20,,,,4.33,,,,,,
2025-07-21,,,,4.33,,,,,,
2025-07-22,3.85,4.38,4.94,4.33,2.4,1.98,,,,
2025-07-23,3.83,4.35,4.9,4.33,2.39,1.96,,,,
2025-07-24,3.88,4.4,4.95,4.33,2.37,2.03,,,,
2025-07-25,3.91,4.43,4.96,4.33,2.45,1.98,,218000.0,,
2025-07-26,3.91,4.4,4.92,4.33,2.44,1.96,,,,
2025-07-27,,,,4.33,,,,,,
2025-07-28,,,,4.33,,,,,,
2025-07-29,3.91,4.42,4.96,4.33,2.44,1.98,,,,
2025-07-30,3.86,4.34,4.86,4.33,2.43,1.91,,,,
2025-07-31,3.94,4.38,4.89,4.33,2.42,1.96,,,,
2025-08-01,3.94,4.37,4.89,4.33,2.39,1.98,,219000.0,,
2025-08-02,3.69,4.23,4.81,4.33,2.33,1.9,,,,
2025-08-03,,,,4.33,,,,,,
2025-08-04,,,,4.33,,,,,,
2025-08-05,3.69,4.22,4.8,4.33,2.37,1.85,,,,
2025-08-06,3.72,4.22,4.78,4.33,2.36,1.86,,,,
2025-08-07,3.69,4.22,4.81,4.33,2.34,1.88,,,,
2025-08-08,3.72,4.23,4.81,4.33,2.35,1.88,,226000.0,,
2025-08-09,3.76,4.27,4.85,4.33,2.39,1.88,,,,
2025-08-10,,,,4.33,,,4.3,,158542.0,
2025-08-11,,,,4.33,,,,,,
2025-08-12,3.76,4.27,4.84,4.33,2.4,1.87,,,,
2025-08-13,3.72,4.29,4.88,4.33,2.38,1.91,,,,
2025-08-14,3.67,4.24,4.83,4.33,2.37,1.87,,,,
2025-08-15,3.74,4.29,4.88,4.33,2.39,1.9,,224000.0,,698280.0
2025-08-16,3.75,4.33,4.92,4.33,2.38,1.95,,,,
2025-08-17,,,,4.33,,,,,,
2025-08-18,,,,4.33,,,,,,
2025-08-19,3.77,4.34,4.94,4.33,2.38,1.96,,,,
2025-08-20,3.75,4.3,4.9,4.33,2.35,1.95,,,,
2025-08-21,3.74,4.29,4.89,4.33,2.35,1.94,,,,
2025-08-22,3.79,4.33,4.92,4.33,2.39,1.94,,233000.0,,
2025-08-23,3.68,4.26,4.88,4.33,2.41,1.85,,,,
2025-08-24,,,,4.33,,,,,,
2025-08-25,,,,4.33,,,,,,
2025-08-26,3.73,4.28,4.89,4.33,2.41,1.87,,,,
2025-08-27,3.61,4.26,4.9,4.33,2.42,1.84,,,,
2025-08-28,3.59,4.24,4.91,4.33,2.43,1.81,,,,
2025-08-29,3.62,4.22,4.88,4.33,2.41,1.81,,229000.0,,
2025-08-30,3.59,4.23,4.92,4.33,2.41,1.82,,,,
2025-08-31,,,,4.33,,,,,,
2025-09-01,,,,4.33,,,,,,
2025-09-02,,,,4.33,,,,,,
2025-09-03,3.66,4.28,4.97,4.33,2.41,1.87,,,,
2025-09-04,3.61,4.22,4.9,4.33,2.4,1.82,,,,
2025-09-05,3.59,4.17,4.86,4.33,2.38,1.79,,236000.0,,
2025-09-06,3.51,4.1,4.78,4.33,2.37,1.73,,,,
2025-09-07,,,,4.33,,,,,,
2025-09-08,,,,4.33,,,,,,
2025-09-09,3.49,4.05,4.69,4.33,2.35,1.7,,,,
2025-09-10,3.54,4.08,4.72,4.33,2.36,1.72,4.3,,158472.0,
2025-09-11,3.54,4.04,4.69,4.33,2.35,1.69,,,,
2025-09-12,3.52,4.01,4.65,4.33,2.34,1.67,,259000.0,,
2025-09-13,3.56,4.06,4.68,4.33,2.36,1.7,,,,
2025-09-14,,,,4.33,,,,,,
2025-09-15,,,,4.33,,,,,,700218.0
2025-09-16,3.54,4.05,4.66,4.33,2.37,1.68,,,,
2025-09-17,3.51,4.04,4.65,4.33,2.37,1.67,,,,
2025-09-18,3.52,4.06,4.66,4.33,2.38,1.68,,,,
2025-09-19,3.57,4.11,4.72,4.08,2.38,1.73,,233000.0,,
2025-09-20,3.57,4.14,4.75,4.08,2.39,1.75,,,,
2025-09-21,,,,4.08,,,,,,
2025-09-22,,,,4.08,,,,,,
2025-09-23,3.61,4.15,4.77,4.09,2.37,1.78,,,,
2025-09-24,3.53,4.12,4.73,4.09,2.37,1.75,,,,
2025-09-25,3.57,4.16,4.76,4.09,2.38,1.78,,,,
2025-09-26,3.64,4.18,4.75,4.09,2.38,1.8,,219000.0,,
2025-09-27,3.63,4.2,4.77,4.09,2.38,1.82,,,,
2025-09-28,,,,4.09,,,,,,
2025-09-29,,,,4.09,,,,,,
2025-09-30,3.63,4.15,4.71,4.09,2.35,1.8,,,,
2025-10-01,3.6,4.16,4.73,4.09,2.36,1.8,,,,
2025-10-02,3.55,4.12,4.72,4.09,2.35,1.77,,,,
2025-10-03,3.55,4.1,4.69,4.09,2.34,1.76,,225000.0,,
2025-10-04,3.58,4.13,4.71,4.09,2.33,1.8,,,,
2025-10-05,,,,4.09,,,,,,
2025-10-06,,,,4.09,,,,,,
2025-10-07,3.6,4.18,4.76,4.09,2.34,1.84,,,,
2025-10-08,3.57,4.14,4.73,4.09,2.35,1.79,,,,
2025-10-09,3.58,4.13,4.72,4.1,2.35,1.78,,,,
2025-10-10,3.6,4.14,4.72,4.1,2.34,1.8,,233000.0,,
2025-10-11,3.52,4.05,4.63,4.1,2.3,1.75,4.4,,158548.0,
2025-10-12,,,,4.1,,,,,,
2025-10-13,,,,4.1,,,,,,
2025-10-14,,,,4.1,,,,,,
2025-10-15,3.48,4.03,4.62,4.1,2.3,1.73,,,,
2025-10-16,3.5,4.05,4.64,4.1,2.29,1.76,,,,701453.0
2025-10-17,3.41,3.99,4.58,4.11,2.28,1.71,,222000.0,,
2025-10-18,3.46,4.02,4.6,4.11,2.27,1.75,,,,
2025-10-19,,,,4.11,,,,,,
2025-10-20,,,,4.11,,,,,,
2025-10-21,3.46,4.0,4.58,4.11,2.26,1.74,,,,
2025-10-22,3.45,3.98,4.55,4.11,2.28,1.7,,,,
2025-10-23,3.45,3.97,4.54,4.11,2.29,1.68,,,,
2025-10-24,3.48,4.01,4.58,4.11,2.3,1.71,,231000.0,,
2025-10-25,3.48,4.02,4.59,4.11,2.29,1.73,,,,
2025-10-26,,,,4.11,,,,,,
2025-10-27,,,,4.11,,,,,,
2025-10-28,3.48,4.01,4.57,4.12,2.28,1.73,,,,
2025-10-29,3.47,3.99,4.55,4.12,2.28,1.71,,,,
2025-10-30,3.59,4.08,4.61,4.12,2.3,1.78,,,,
2025-10-31,3.61,4.11,4.65,3.87,2.29,1.82,,221000.0,,
2025-11-01,3.6,4.11,4.67,3.86,2.3,1.81,,,,
2025-11-02,,,,3.86,,,,,,
2025-11-03,,,,3.86,,,,,,
2025-11-04,3.6,4.13,4.69,3.87,2.31,1.82,,,,
2025-11-05,3.58,4.1,4.67,3.87,2.29,1.81,,,,
2025-11-06,3.63,4.17,4.74,3.87,2.3,1.87,,,,
2025-11-07,3.57,4.11,4.69,3.87,2.28,1.83,,228000.0,,
2025-11-08,3.55,4.11,4.7,3.87,2.28,1.83,,,,
2025-11-09,,,,3.87,,,,,,
2025-11-10,,,,3.87,,,,,158408.0,
2025-11-11,3.58,4.13,4.71,3.87,2.29,1.84,,,,
2025-11-12,,,,3.87,,,,,,
2025-11-13,3.56,4.08,4.67,3.87,2.27,1.81,,,,
2025-11-14,3.58,4.11,4.7,3.88,2.28,1.83,,228000.0,,
2025-11-15,3.62,4.14,4.74,3.88,2.28,1.86,,,,700790.0
2025-11-16,,,,3.88,,,,,,
2025-11-17,,,,3.88,,,,,,
2025-11-18,3.6,4.13,4.73,3.88,2.28,1.85,,,,
2025-11-19,3.58,4.12,4.74,3.88,2.27,1.85,,,,
2025-11-20,3.58,4.13,4.75,3.88,2.27,1.86,,,,
2025-11-21,3.55,4.1,4.73,3.88,2.24,1.86,,222000.0,,
2025-11-22,3.51,4.06,4.71,3.88,2.24,1.82,,,,
2025-11-23,,,,3.88,,,,,,
2025-11-24,,,,3.88,,,,,,
2025-11-25,3.46,4.04,4.68,3.88,2.23,1.81,,,,
2025-11-26,3.43,4.01,4.67,3.88,2.22,1.79,,,,
2025-11-27,3.45,4.0,4.64,3.88,2.23,1.77,,,,
2025-11-28,,,,3.88,,,,218000.0,,
2025-11-29,3.47,4.02,4.67,3.89,2.23,1.79,,,,
2025-11-30,,,,3.89,,,,,,
2025-12-01,,,,3.89,,,,,,
2025-12-02,3.54,4.09,4.74,3.89,2.24,1.85,,,,
2025-12-03,3.51,4.09,4.74,3.89,2.24,1.85,,,,
2025-12-04,3.49,4.06,4.73,3.89,2.24,1.82,,,,
2025-12-05,3.52,4.11,4.76,3.89,2.26,1.85,,216000.0,,
2025-12-06,3.56,4.14,4.79,3.89,2.26,1.88,,,,
2025-12-07,,,,3.89,,,,,,
2025-12-08,,,,3.89,,,,,,
2025-12-09,3.57,4.17,4.81,3.89,2.26,1.91,,,,
2025-12-10,3.61,4.18,4.8,3.89,2.26,1.92,,,,
2025-12-11,3.54,4.13,4.78,3.89,2.25,1.88,4.5,,158449.0,
2025-12-12,3.52,4.14,4.79,3.64,2.25,1.89,,235000.0,,
2025-12-13,3.52,4.19,4.85,3.64,2.26,1.93,,,,
2025-12-14,,,,3.64,,,,,,
2025-12-15,,,,3.64,,,,,,
2025-12-16,3.51,4.18,4.84,3.64,2.25,1.93,,,,705453.0
2025-12-17,3.48,4.15,4.82,3.64,2.23,1.92,,,,
2025-12-18,3.49,4.16,4.83,3.64,2.24,1.92,,,,
2025-12-19,3.46,4.12,4.8,3.64,2.24,1.88,,224000.0,,
2025-12-20,3.48,4.16,4.82,3.64,2.24,1.92,,,,
2025-12-21,,,,3.64,,,,,,
2025-12-22,,,,3.64,,,,,,
2025-12-23,3.44,4.17,4.84,3.64,2.23,1.94,,,,
2025-12-24,3.48,4.18,4.83,3.64,2.24,1.94,,,,
2025-12-25,3.47,4.15,4.79,3.64,2.24,1.91,,,,
2025-12-26,,,,3.64,,,,215000.0,,
2025-12-27,3.46,4.14,4.81,3.64,2.23,1.91,,,,
2025-12-28,,,,3.64,,,,,,
2025-12-29,,,,3.64,,,,,,
2025-12-30,3.45,4.12,4.8,3.64,2.22,1.9,,,,
2025-12-31,3.45,4.14,4.81,3.64,2.24,1.9,,,,
2026-01-01,3.47,4.18,4.84,3.64,2.25,1.93,,,,
2026-01-02,,,,3.64,,,,203000.0,,
2026-01-03,3.47,4.19,4.86,3.64,2.25,1.94,,,,
2026-01-04,,,,3.64,,,,,,
2026-01-05,,,,3.64,,,,,,
2026-01-06,3.46,4.17,4.85,3.64,2.26,1.91,,,,
2026-01-07,3.47,4.18,4.86,3.64,2.27,1.91,,,,
2026-01-08,3.47,4.15,4.82,3.64,2.27,1.88,,,,
2026-01-09,3.49,4.19,4.85,3.64,2.27,1.92,,207000.0,,
2026-01-10,3.54,4.18,4.82,3.64,2.28,1.9,4.4,,158432.0,
2026-01-11,,,,3.64,,,,,,
2026-01-12,,,,3.64,,,,,,
2026-01-13,3.54,4.19,4.83,3.64,2.29,1.9,,,,
2026-01-14,3.53,4.18,4.83,3.64,2.3,1.88,,,,
2026-01-15,3.51,4.15,4.79,3.64,2.29,1.86,,,,706264.0
2026-01-16,3.56,4.17,4.79,3.64,2.29,1.88,,201000.0,,
2026-01-17,3.59,4.24,4.83,3.64,2.33,1.91,,,,
2026-01-18,,,,3.64,,,,,,
2026-01-19,,,,3.64,,,,,,
2026-01-20,,,,3.64,,,,,,
2026-01-21,3.6,4.3,4.91,3.64,2.33,1.97,,,,
2026-01-22,3.6,4.26,4.87,3.64,2.34,1.92,,,,
2026-01-23,3.61,4.26,4.84,3.64,2.31,1.95,,210000.0,,
2026-01-24,3.6,4.24,4.82,3.64,2.32,1.92,,,,
2026-01-25,,,,3.64,,,,,,
2026-01-26,,,,3.64,,,,,,
2026-01-27,3.56,4.22,4.8,3.64,2.32,1.9,,,,
2026-01-28,3.53,4.24,4.83,3.64,2.34,1.9,,,,
2026-01-29,3.56,4.26,4.85,3.64,2.36,1.9,,,,
2026-01-30,3.53,4.24,4.85,3.64,2.35,1.89,,211000.0,,
2026-01-31,3.52,4.26,4.87,3.64,2.36,1.9,,,,
2026-02-01,,,,3.64,,,,,,
2026-02-02,,,,3.64,,,,,,
2026-02-03,3.57,4.29,4.9,3.64,2.35,1.94,,,,
2026-02-04,3.57,4.28,4.9,3.64,2.36,1.92,,,,
2026-02-05,3.57,4.29,4.91,3.64,2.35,1.94,,,,
2026-02-06,3.47,4.21,4.85,3.64,2.32,1.89,,230000.0,,
2026-02-07,3.5,4.22,4.85,3.64,2.34,1.88,,,,
2026-02-08,,,,3.64,,,,,,
2026-02-09,,,,3.64,,,,,,
2026-02-10,3.48,4.22,4.85,3.64,2.35,1.87,4.3,,158592.0,
2026-02-11,3.45,4.16,4.78,3.64,2.32,1.84,,,,
2026-02-12,3.52,4.18,4.82,3.64,2.32,1.86,,,,
2026-02-13,3.47,4.09,4.72,3.64,2.29,1.8,,230000.0,,
2026-02-14,3.4,4.04,4.69,3.64,2.27,1.77,,,,
2026-02-15,,,,3.64,,,,,,701860.0
2026-02-16,,,,3.64,,,,,,
2026-02-17,,,,3.64,,,,,,
2026-02-18,3.43,4.05,4.68,3.64,2.26,1.79,,,,
2026-02-19,3.47,4.09,4.71,3.64,2.29,1.8,,,,
2026-02-20,3.47,4.08,4.7,3.64,2.29,1.79,,208000.0,,
2026-02-21,3.48,4.08,4.72,3.64,2.28,1.8,,,,
2026-02-22,,,,3.64,,,,,,
2026-02-23,,,,3.64,,,,,,
2026-02-24,3.43,4.03,4.7,3.64,2.26,1.77,,,,
2026-02-25,3.43,4.04,4.7,3.64,2.26,1.78,,,,
2026-02-26,3.45,4.05,4.7,3.64,2.28,1.77,,,,
2026-02-27,3.42,4.02,4.67,3.64,2.28,1.74,,211000.0,,
2026-02-28,3.38,3.97,4.64,3.64,2.25,1.72,,,,
2026-03-01,,,,3.64,,,,,,
2026-03-02,,,,3.64,,,,,,
2026-03-03,3.47,4.05,4.7,3.64,2.29,1.76,,,,
2026-03-04,3.51,4.06,4.7,3.64,2.29,1.77,,,,
2026-03-05,3.54,4.09,4.72,3.64,2.29,1.8,,,,
2026-03-06,3.57,4.13,4.74,3.64,2.31,1.82,,214000.0,,
2026-03-07,3.56,4.15,4.77,3.64,2.35,1.8,,,,
2026-03-08,,,,3.64,,,,,,
2026-03-09,,,,3.64,,,,,,
2026-03-10,3.56,4.12,4.72,3.64,2.34,1.78,,,,
2026-03-11,3.57,4.15,4.78,3.64,2.33,1.82,,,,
2026-03-12,3.64,4.21,4.86,3.64,2.36,1.85,,,,
2026-03-13,3.76,4.27,4.88,3.64,2.38,1.89,4.4,213000.0,158436.0,
2026-03-14,3.73,4.28,4.9,3.64,2.36,1.92,,,,
2026-03-15,,,,3.64,,,,,,
2026-03-16,,,,3.64,,,,,,
2026-03-17,3.68,4.23,4.86,3.64,2.36,1.87,,,,
2026-03-18,3.68,4.2,4.85,3.64,2.37,1.83,,,,707959.0
2026-03-19,3.76,4.26,4.88,3.64,2.4,1.86,,,,
2026-03-20,3.79,4.25,4.83,3.64,2.37,1.88,,205000.0,,
2026-03-21,3.88,4.39,4.96,3.64,2.38,2.01,,,,
2026-03-22,,,,3.64,,,,,,
2026-03-23,,,,3.64,,,,,,
2026-03-24,3.83,4.34,4.91,3.64,2.33,2.01,,,,
2026-03-25,3.9,4.39,4.94,3.64,2.33,2.06,,,,
2026-03-26,3.84,4.33,4.89,3.64,2.31,2.02,,,,
2026-03-27,3.96,4.42,4.93,3.64,2.34,2.08,,211000.0,,
2026-03-28,3.88,4.44,4.98,3.64,2.31,2.13,,,,
2026-03-29,,,,3.64,,,,,,
2026-03-30,,,,3.64,,,,,,
2026-03-31,3.82,4.35,4.91,3.64,2.31,2.04,,,,
2026-04-01,3.79,4.3,4.88,3.64,2.3,2.0,,,,
2026-04-02,3.81,4.33,4.91,3.64,2.31,2.02,,,,
2026-04-03,3.79,4.31,4.88,3.64,2.34,1.97,,203000.0,,
2026-04-04,3.84,4.35,4.91,3.64,2.36,1.99,,,,
2026-04-05,,,,3.64,,,,,,
2026-04-06,,,,3.64,,,,,,
2026-04-07,3.84,4.34,4.89,3.64,2.36,1.98,,,,
2026-04-08,3.81,4.33,4.9,3.64,2.37,1.96,,,,
2026-04-09,3.79,4.29,4.89,3.64,2.33,1.96,,,,
2026-04-10,3.78,4.29,4.9,3.64,2.34,1.95,4.3,218000.0,158650.0,
2026-04-11,3.81,4.31,4.91,3.64,2.36,1.95,,,,
2026-04-12,,,,3.64,,,,,,
2026-04-13,,,,3.64,,,,,,
2026-04-14,3.78,4.3,4.9,3.64,2.38,1.92,,,,
2026-04-15,3.76,4.26,4.87,3.64,2.37,1.89,,,,719700.0
2026-04-16,3.76,4.29,4.89,3.64,2.39,1.9,,,,
2026-04-17,3.78,4.32,4.93,3.64,2.39,1.93,,208000.0,,
2026-04-18,3.71,4.26,4.88,3.64,2.36,1.9,,,,
2026-04-19,,,,3.64,,,,,,
2026-04-20,,,,3.64,,,,,,
2026-04-21,3.72,4.26,4.88,3.64,2.35,1.91,,,,
2026-04-22,3.78,4.3,4.89,3.64,2.38,1.92,,,,
2026-04-23,3.79,4.3,4.9,3.64,2.38,1.92,,,,
2026-04-24,3.83,4.34,4.92,3.64,2.42,1.92,,215000.0,,
2026-04-25,3.78,4.31,4.91,3.64,2.42,1.89,,,,
2026-04-26,,,,3.64,,,,,,
2026-04-27,,,,3.64,,,,,,
2026-04-28,3.78,4.35,4.94,3.64,2.44,1.91,,,,
2026-04-29,3.84,4.36,4.94,3.64,2.44,1.92,,,,
2026-04-30,3.92,4.42,4.98,3.64,2.46,1.96,,,,
2026-05-01,3.88,4.4,4.98,3.64,2.46,1.94,,190000.0,,
2026-05-02,3.88,4.39,4.97,3.64,2.48,1.91,,,,
2026-05-03,,,,3.64,,,,,,
2026-05-04,,,,3.64,,,,,,
2026-05-05,3.95,4.45,5.02,3.64,2.5,1.95,,,,
2026-05-06,3.93,4.43,4.98,3.64,2.47,1.96,,,,
2026-05-07,3.87,4.36,4.94,3.64,2.42,1.94,,,,
2026-05-08,3.92,4.41,4.97,3.63,2.45,1.96,,199000.0,,
2026-05-09,3.9,4.38,4.95,3.63,2.45,1.93,,,,
2026-05-10,,,,3.63,,,,,,
2026-05-11,,,,3.63,,,4.3,,158798.0,
2026-05-12,3.95,4.42,4.98,3.63,2.47,1.95,,,,
2026-05-13,4.0,4.46,5.03,3.63,2.47,1.99,,,,
2026-05-14,3.98,4.46,5.03,3.63,2.47,1.99,,,,
2026-05-15,4.0,4.47,5.02,3.63,2.47,2.0,,212000.0,,
2026-05-16,4.09,4.59,5.12,3.63,2.49,2.1,,,,723921.0
2026-05-17,,,,3.63,,,,,,
2026-05-18,,,,3.63,,,,,,
2026-05-19,4.07,4.61,5.14,3.63,2.48,2.13,,,,
2026-05-20,4.13,4.67,5.18,3.62,2.49,2.18,,,,
2026-05-21,4.04,4.57,5.11,3.62,2.44,2.13,,,,
2026-05-22,4.08,4.57,5.1,3.62,2.39,2.18,,210000.0,,
2026-05-23,4.13,4.56,5.07,3.62,2.4,2.16,,,,
2026-05-24,,,,3.62,,,,,,
2026-05-25,,,,3.62,,,,,,
2026-05-26,,,,3.62,,,,,,
2026-05-27,4.01,4.5,5.03,3.62,2.4,2.1,,,,
2026-05-28,4.0,4.48,5.01,3.62,2.39,2.09,,,,
2026-05-29,3.99,4.45,4.98,3.62,2.39,2.06,,212000.0,,
2026-05-30,3.98,4.45,4.99,3.62,2.38,2.07,,,,
2026-05-31,,,,3.62,,,,,,
2026-06-01,,,,3.62,,,,,,
2026-06-02,4.05,4.47,4.99,3.62,2.4,2.07,,,,
2026-06-03,4.05,4.46,4.97,3.62,2.39,2.07,,,,
2026-06-04,4.08,4.49,4.99,3.62,2.38,2.11,,,,
2026-06-05,4.05,4.47,4.97,3.62,2.36,2.11,,225000.0,,
2026-06-06,4.17,4.55,5.01,3.62,2.36,2.19,,,,
2026-06-07,,,,3.62,,,,,,
2026-06-08,,,,3.62,,,,,,
2026-06-09,4.15,4.56,5.03,3.62,2.35,2.21,,,,
2026-06-10,4.13,4.53,5.01,3.62,2.33,2.2,4.3,,158861.0,
2026-06-11,4.13,4.55,5.03,3.62,2.34,2.21,,,,
2026-06-12,4.05,4.45,4.95,3.62,2.29,2.16,,230000.0,,
2026-06-13,4.09,4.48,4.97,3.62,2.31,2.17,,,,
2026-06-14,,,,3.62,,,,,,
2026-06-15,,,,3.62,,,,,,731415.0
2026-06-16,4.07,4.47,4.97,3.63,2.32,2.15,,,,
2026-06-17,4.05,4.43,4.93,3.63,2.29,2.14,,,,
2026-06-18,4.2,4.49,4.93,3.63,2.26,2.23,,,,
2026-06-19,4.19,4.46,4.9,3.63,2.25,2.21,,227000.0,,
2026-06-20,,,,3.63,,,,,,
2026-06-21,,,,3.63,,,,,,
2026-06-22,,,,3.63,,,,,,
2026-06-23,4.24,4.51,4.95,3.63,2.23,2.28,,,,
2026-06-24,4.16,4.5,4.94,3.63,2.21,2.29,,,,
2026-06-25,4.11,4.41,4.86,3.63,2.18,2.23,,,,
2026-06-26,4.09,4.4,4.86,3.63,2.21,2.19,,216000.0,,
2026-06-27,4.07,4.38,4.87,3.63,2.2,2.18,,,,
2026-06-28,,,,3.63,,,,,,
2026-06-29,,,,3.63,,,,,,
2026-06-30,4.1,4.38,4.86,3.63,2.22,2.16,,,,
2026-07-01,4.14,4.44,4.91,3.63,2.24,2.2,,,,
2026-07-02,4.17,4.48,4.97,3.63,2.23,2.25,,,,
2026-07-03,4.14,4.49,4.98,3.63,2.23,2.26,,217000.0,,
2026-07-04,,,,3.63,,,,,,
2026-07-05,,,,3.63,,,,,,
2026-07-06,,,,3.63,,,,,,
2026-07-07,4.13,4.48,4.99,3.63,2.24,2.24,,,,
2026-07-08,4.19,4.55,5.05,3.63,2.25,2.3,,,,
2026-07-09,4.21,4.56,5.06,3.62,2.25,2.31,,,,
2026-07-10,4.16,4.54,5.05,3.62,2.23,2.31,,217000.0,,
2026-07-11,4.21,4.56,5.06,3.62,2.24,2.32,4.2,,158892.0,
2026-07-12,,,,3.62,,,,,,
2026-07-13,,,,3.62,,,,,,
2026-07-14,4.26,4.62,5.1,3.62,2.26,2.36,,,,
2026-07-15,4.18,4.58,5.08,3.63,2.25,2.33,,,,
2026-07-16,4.13,4.55,5.08,3.63,2.23,2.32,,,,732898.0
2026-07-17,4.16,4.57,5.09,3.63,2.22,2.35,,209000.0,,
2026-07-18,4.18,4.55,5.06,3.63,2.24,2.31,,,,
2026-07-19,,,,3.63,,,,,,
2026-07-20,,,,3.63,,,,,,
2026-07-21,4.21,4.6,5.11,3.63,2.25,2.35,,,,
2026-07-22,4.26,4.63,5.13,3.63,2.26,2.37,,,,
2026-07-23,4.31,4.67,5.15,3.63,2.28,2.39,,,,
2026-07-24,4.37,4.71,5.17,3.63,2.28,2.43,,189000.0,,
2026-07-25,4.33,4.69,5.16,3.63,2.26,2.43,,,,
2026-07-26,,,,3.63,,,,,,
2026-07-27,,,,3.63,,,,,,
2026-07-28,4.31,4.65,5.12,3.63,2.21,2.44,,,,
2026-07-29,4.26,4.61,5.09,3.63,2.2,2.41,,,,
2026-07-30,4.22,4.67,5.2,3.63,2.26,2.41,,,,
2026-07-31,4.23,4.68,5.21,3.63,2.27,2.41,,198000.0,,
2026-08-01,4.28,4.75,5.27,3.63,2.28,2.47,,,,
2026-08-02,,,,3.63,,,,,,
2026-08-03,,,,3.63,,,,,,
2026-08-04,4.25,4.7,5.23,3.63,2.27,2.43,,,,
2026-08-05,4.2,4.63,5.18,3.63,2.23,2.4,,,,
2026-08-06,4.18,4.63,5.17,3.63,2.22,2.41,,,,
2026-08-07,4.25,4.69,5.22,3.63,2.26,2.43,,200000.0,,
2026-08-08,4.19,4.65,5.19,3.63,2.25,2.4,,,,
2026-08-09,,,,3.63,,,,,,
2026-08-10,,,,3.63,,,4.1,,158882.0,
2026-08-11,4.25,4.72,5.25,3.63,2.29,2.43,,,,
2026-08-12,4.22,4.7,5.24,3.63,2.27,2.43,,,,
2026-08-13,4.2,4.68,5.24,3.63,2.26,2.42,,,,
2026-08-14,4.15,4.63,5.21,3.63,2.24,2.39,,212000.0,,
2026-08-15,4.17,4.68,5.25,3.63,2.27,2.41,,,,729538.0
2026-08-16,,,,3.63,,,,,,
2026-08-17,,,,3.63,,,,,,
2026-08-18,4.19,4.72,5.31,3.63,2.28,2.44,,,,
2026-08-19,4.19,4.71,5.28,3.63,2.3,2.41,,,,
2026-08-20,4.19,4.65,5.19,3.63,2.3,2.35,,,,
2026-08-21,4.19,4.69,5.23,3.63,2.34,2.35,,207000.0,,
2026-08-22,4.24,4.74,5.27,3.63,2.34,2.4,,,,
2026-08-23,,,,3.63,,,,,,
2026-08-24,,,,3.63,,,,,,
2026-08-25,4.24,4.7,5.23,3.63,2.32,2.38,,,,
2026-08-26,4.17,4.64,5.17,3.63,2.32,2.32,,,,
2026-08-27,4.19,4.66,5.18,3.63,2.32,2.34,,,,
2026-08-28,4.2,4.67,5.19,3.63,2.33,2.34,,204000.0,,
2026-08-29,4.34,4.73,5.22,3.63,2.31,2.42,,,,
2026-08-30,,,,3.63,,,,,,
2026-08-31,,,,3.63,,,,,,
2026-09-01,4.34,4.75,5.25,3.63,2.31,2.44,,,,
2026-09-02,4.39,4.79,5.27,3.63,2.35,2.44,,,,
2026-09-03,4.39,4.79,5.27,3.63,2.34,2.45,,,,
2026-09-04,4.34,4.77,5.25,3.63,2.35,2.42,,207000.0,,
2026-09-05,4.37,4.78,5.24,3.63,2.35,2.43,,,,
2026-09-06,,,,3.63,,,,,,
2026-09-07,,,,3.63,,,,,,
2026-09-08,,,,3.63,,,,,,
2026-09-09,4.39,4.8,5.25,3.63,2.37,2.43,,,,
2026-09-10,4.43,4.83,5.28,3.63,2.37,2.46,4.1,,159015.0,
2026-09-11,4.56,4.95,5.37,3.63,2.4,2.55,,207000.0,,
2026-09-12,4.63,4.96,5.35,3.63,2.36,2.6,,,,
2026-09-13,,,,3.63,,,,,,
2026-09-14,,,,3.63,,,,,,
2026-09-15,4.65,4.97,5.34,3.63,2.37,2.6,,,,737763.0
2026-09-16,4.67,5.0,5.36,3.63,2.38,2.62,,,,
2026-09-17,4.74,5.01,5.35,3.63,2.33,2.68,,,,
2026-09-18,4.67,4.94,5.29,3.88,2.33,2.61,,198000.0,,
2026-09-19,4.76,5.01,5.34,3.88,2.33,2.68,,,,
2026-09-20,,,,3.88,,,,,,
2026-09-21,,,,3.88,,,,,,
2026-09-22,4.76,4.96,5.29,3.88,2.34,2.62,,,,
2026-09-23,4.71,4.96,5.29,3.88,2.33,2.63,,,,
2026-09-24,4.85,5.11,5.4,3.88,2.35,2.76,,,,
2026-09-25,4.87,5.18,5.47,3.88,2.33,2.85,,198000.0,,
2026-09-26,4.81,5.17,5.49,3.88,2.34,2.83,,,,
2026-09-27,,,,3.88,,,,,,
2026-09-28,,,,3.88,,,,,,
2026-09-29,4.92,5.24,5.56,3.88,2.34,2.9,,,,
2026-09-30,4.89,5.26,5.59,3.88,2.35,2.91,,,,
2026-10-01,4.88,5.29,5.64,3.88,2.36,2.93,,,,
2026-10-02,,,,,,,,197000.0,,
2026-10-11,,,,,,,4.2,,159044.0,
