Date,GLD,QQQ,SCHD,SPY,TLT
2015-01-02,114.08000183105469,94.46271514892578,9.007041931152344,169.2675018310547,91.56640625
2015-01-05,115.80000305175781,93.07705688476562,8.880340576171875,166.21058654785156,93.0047836303711
2015-01-06,117.12000274658203,91.82906341552734,8.826041221618652,164.64505004882812,94.68049621582031
2015-01-07,116.43000030517578,93.01284790039062,8.930115699768066,166.69679260253906,94.49349975585938
2015-01-08,115.94000244140625,94.79306030273438,9.09527587890625,169.65481567382812,93.24213409423828
2015-01-09,117.26000213623047,94.16908264160156,9.025138854980469,168.2952423095703,94.26339721679688
2015-01-12,118.55999755859375,93.18719482421875,8.97536563873291,166.97689819335938,94.8027572631836
2015-01-13,118.16000366210938,93.15965270996094,8.955002784729004,166.50723266601562,94.8027572631836
2015-01-14,117.97000122070312,92.64576721191406,8.912017822265625,165.50198364257812,95.52198028564453
2015-01-15,120.94000244140625,91.44361877441406,8.878077507019043,163.9858856201172,97.02507019042969
2015-01-16,122.5199966430664,92.51728820800781,8.997991561889648,166.13648986816406,95.78802490234375
2015-01-20,124.19999694824219,93.25141906738281,9.007041931152344,166.49078369140625,97.06103515625
2015-01-21,124.2300033569336,93.72859191894531,9.045503616333008,167.3312225341797,95.93907928466797
2015-01-22,125.2300033569336,95.46295166015625,9.15184211730957,169.819580078125,95.59390258789062
2015-01-23,124.2300033569336,95.67401123046875,9.036454200744629,168.88848876953125,96.92437744140625
2015-01-26,122.98999786376953,95.56388092041016,9.045503616333008,169.2839813232422,96.62950134277344
2015-01-27,124.4000015258789,93.08624267578125,8.907491683959961,167.05113220214844,96.78052520751953
2015-01-28,123.41999816894531,92.60907745361328,8.79210376739502,164.90875244140625,98.36273956298828
2015-01-29,120.76000213623047,93.49918365478516,8.878077507019043,166.4330596923828,97.71546936035156
2015-01-30,123.44999694824219,92.77421569824219,8.735541343688965,164.3402099609375,99.4487075805664
2015-02-02,122.41999816894531,93.58180236816406,8.857715606689453,166.3754425048828,99.07325744628906
2015-02-03,121.05000305175781,94.48104095458984,8.99573040008545,168.7813720703125,96.97616577148438
2015-02-04,121.58000183105469,94.39849853515625,8.973103523254395,168.13868713378906,97.14195251464844
2015-02-05,121.79000091552734,95.21521759033203,9.061342239379883,169.8360137939453,96.07540893554688
2015-02-06,118.63999938964844,94.6370620727539,9.050028800964355,169.36636352539062,94.37467193603516
2015-02-09,119.16999816894531,94.33423614501953,9.007041931152344,168.60833740234375,94.22337341308594
2015-02-10,118.47000122070312,95.8025131225586,9.09980583190918,170.40457153320312,93.47390747070312
2015-02-11,117.06999969482422,96.15117645263672,9.09980583190918,170.50350952148438,93.64683532714844
2015-02-12,117.33999633789062,97.27071380615234,9.172204971313477,172.14320373535156,93.33698272705078
2015-02-13,117.9800033569336,98.10578918457031,9.206138610839844,172.851806640625,92.37850952148438
2015-02-17,116.01000213623047,98.19755554199219,9.201618194580078,173.12367248535156,90.98770141601562
2015-02-18,116.33999633789062,98.33519744873047,9.181256294250488,173.14016723632812,91.52815246582031
2015-02-19,115.94000244140625,98.821533203125,9.165414810180664,173.01651000976562,90.92284393310547
2015-02-20,115.27999877929688,99.48225402832031,9.19709300994873,174.05479431152344,91.18951416015625
2015-02-23,115.43000030517578,99.58318328857422,9.178993225097656,174.03009033203125,92.23439025878906
2015-02-24,115.26000213623047,99.6565933227539,9.22424030303955,174.52444458007812,93.44503021240234
2015-02-25,115.69999694824219,99.40885925292969,9.22424030303955,174.37611389160156,93.84859466552734
2015-02-26,116.06999969482422,99.91352081298828,9.208406448364258,174.17013549804688,92.5658950805664
2015-02-27,116.16000366210938,99.47308349609375,9.192567825317383,173.57688903808594,93.34418487548828
2015-03-02,115.68000030517578,100.37234497070312,9.235554695129395,174.6727294921875,91.6054916381836
2015-03-03,115.47000122070312,99.90436553955078,9.188042640686035,173.9558868408203,91.27338409423828
2015-03-04,115.11000061035156,99.51892852783203,9.13826847076416,173.22254943847656,91.30221557617188
2015-03-05,115.0,99.69331359863281,9.136006355285645,173.41207885742188,91.1867446899414
2015-03-06,111.86000061035156,98.56460571289062,8.991203308105469,170.97314453125,89.1722412109375
2015-03-09,111.97000122070312,98.84906005859375,9.027403831481934,171.6817626953125,89.99537658691406
2015-03-10,111.41999816894531,97.01378631591797,8.891654014587402,168.89674377441406,91.17951202392578
2015-03-11,110.75,96.45401000976562,8.864502906799316,168.50120544433594,91.84379577636719
2015-03-12,110.72000122070312,97.0871810913086,8.941429138183594,170.64352416992188,91.7787857055664
2015-03-13,110.87999725341797,96.66506958007812,8.898442268371582,169.59713745117188,91.49720001220703
2015-03-16,110.80999755859375,97.91305541992188,9.000252723693848,171.86300659179688,92.37803649902344
2015-03-17,110.20999908447266,98.0690689086914,8.955002784729004,171.3521270751953,93.14341735839844
2015-03-18,112.37000274658203,99.0325698852539,9.054553985595703,173.41207885742188,94.94133758544922
2015-03-19,112.29000091552734,99.17945098876953,8.997991561889648,172.62107849121094,94.45758056640625
2015-03-20,113.56999969482422,99.82141876220703,9.088492393493652,174.14474487304688,94.95576477050781
2015-03-23,114.29000091552734,99.62828063964844,9.099881172180176,173.8054656982422,94.84024810791016
2015-03-24,114.56999969482422,99.26957702636719,9.040657043457031,172.8288116455078,95.75724029541016
2015-03-25,114.7300033569336,96.99775695800781,8.91993522644043,170.29623413085938,94.94852447509766
2015-03-26,115.4800033569336,96.66665649414062,8.903985977172852,169.89064025878906,93.46832275390625
2015-03-27,115.05999755859375,97.05294799804688,8.935874938964844,170.2796630859375,94.630859375
2015-03-30,113.75,98.1658706665039,9.042936325073242,172.35702514648438,94.16157531738281
2015-03-31,113.66000366210938,97.12652587890625,8.976880073547363,170.85072326660156,94.36373901367188
2015-04-01,115.5999984741211,96.62065887451172,8.926767349243164,170.24658203125,95.6031494140625
2015-04-02,115.27999877929688,96.68501281738281,8.94271469116211,170.85906982421875,94.5902099609375
2015-04-06,116.69000244140625,97.47606658935547,9.013323783874512,172.0094757080078,94.06198120117188
2015-04-07,116.11000061035156,97.31050872802734,9.011046409606934,171.55422973632812,94.85066223144531
2015-04-08,115.47000122070312,98.08306884765625,9.011046409606934,172.1336212158203,94.87960815429688
2015-04-09,114.66999816894531,98.69930267333984,9.045214653015137,172.89501953125,93.6495361328125
2015-04-10,115.97000122070312,99.1040267944336,9.083934783935547,173.8385772705078,93.78700256347656
2015-04-13,115.13999938964844,98.85566711425781,9.038381576538086,173.0522918701172,93.91724395751953
2015-04-14,114.44000244140625,98.5705337524414,9.065715789794922,173.38331604003906,94.58296203613281
2015-04-15,115.43000030517578,99.18678283691406,9.115827560424805,174.1613311767578,94.50338745117188
2015-04-16,115.02999877929688,99.048828125,9.099881172180176,174.11170959472656,94.03302764892578
2015-04-17,115.5999984741211,97.5036392211914,9.001935005187988,172.10877990722656,95.11109161376953
2015-04-20,114.72000122070312,98.9660415649414,9.097602844238281,173.68125915527344,94.2718276977539
2015-04-21,115.37999725341797,99.38914489746094,9.07938289642334,173.4744110107422,93.84488677978516
2015-04-22,113.83000183105469,99.93180084228516,9.118104934692383,174.32684326171875,92.41226959228516
2015-04-23,114.66000366210938,100.30889892578125,9.118104934692383,174.76551818847656,92.81021881103516
2015-04-24,113.05000305175781,101.67015075683594,9.143157958984375,175.17105102539062,93.38908386230469
2015-04-27,115.33000183105469,101.41260528564453,9.118104934692383,174.4427490234375,93.38908386230469
2015-04-28,116.33000183105469,101.21024322509766,9.161382675170898,174.99725341796875,92.10114288330078
2015-04-29,115.51000213623047,100.57559967041016,9.118104934692383,174.27723693847656,90.97244262695312
2015-04-30,113.47000122070312,98.99364471435547,9.045214653015137,172.5308380126953,91.13160705566406
2015-05-01,113.08000183105469,100.29969787597656,9.124938011169434,174.40130615234375,89.90485382080078
2015-05-04,114.0999984741211,100.4652328491211,9.134049415588379,174.89794921875,89.05651092529297
2015-05-05,114.41999816894531,98.82807159423828,9.052045822143555,172.89501953125,88.93328094482422
2015-05-06,114.36000061035156,98.14747619628906,9.01560115814209,172.1832275390625,87.41070556640625
2015-05-07,113.41999816894531,98.73609161376953,9.042936325073242,172.87017822265625,88.58525848388672
2015-05-08,113.97000122070312,99.96858215332031,9.159102439880371,175.1461944580078,88.82447814941406
2015-05-11,113.52999877929688,99.5822525024414,9.118104934692383,174.31027221679688,86.66387939453125
2015-05-12,114.5,99.13158416748047,9.090773582458496,173.78880310058594,86.88865661621094
2015-05-13,116.55000305175781,99.33395385742188,9.099881172180176,173.822021484375,86.19263458251953
2015-05-14,117.18000030517578,100.78717041015625,9.197829246520996,175.63453674316406,86.42461395263672
2015-05-15,117.52999877929688,100.78717041015625,9.21377182006836,175.8248748779297,88.1574478149414
2015-05-18,117.5199966430664,101.22867584228516,9.209218978881836,176.37112426757812,86.6783676147461
2015-05-19,115.88999938964844,101.11830139160156,9.18643856048584,176.3131866455078,85.90983581542969
2015-05-20,116.08000183105469,101.18267059326172,9.18643856048584,176.18907165527344,86.05487060546875
2015-05-21,115.69000244140625,101.7069091796875,9.200106620788574,176.70217895507812,87.25843048095703
2015-05-22,115.5999984741211,101.60574340820312,9.154548645019531,176.2801055908203,87.294677734375
2015-05-26,113.91000366210938,100.43766021728516,9.07482624053955,174.3848419189453,88.7882080078125
2015-05-27,113.88999938964844,102.05644226074219,9.136326789855957,176.0400848388672,88.99130249023438
2015-05-28,114.0199966430664,101.82648468017578,9.129495620727539,175.8414306640625,88.77375030517578
2015-05-29,114.0999984741211,101.21945190429688,9.090773582458496,174.74896240234375,88.96953582763672
2015-06-01,114.0,101.55976104736328,9.083934783935547,175.1048583984375,88.01331329345703
2015-06-02,114.45999908447266,101.23784637451172,9.07254695892334,174.93101501464844,86.78535461425781
2015-06-03,113.63999938964844,101.54137420654297,9.070270538330078,175.39453125,85.39027404785156
2015-06-04,112.83999633789062,100.76876831054688,8.983711242675781,173.9130401611328,86.50196075439453
2015-06-05,112.23999786376953,100.5296401977539,8.931321144104004,173.61508178710938,85.44841766357422
2015-06-08,112.56999969482422,99.50872802734375,8.892601013183594,172.54737854003906,85.35393524169922
2015-06-09,112.81999969482422,99.34314727783203,8.897156715393066,172.52264404296875,84.67818450927734
2015-06-10,113.77999877929688,100.70440673828125,8.992823600769043,174.5917205810547,83.93706512451172
2015-06-11,113.26000213623047,100.8515625,9.020157814025879,175.15447998046875,85.70270538330078
2015-06-12,113.2300033569336,100.02376556396484,8.947270393371582,173.81370544433594,85.70270538330078
2015-06-15,113.7300033569336,99.52709197998047,8.890321731567383,173.06883239746094,85.84078216552734
2015-06-16,113.31999969482422,100.06976318359375,8.940433502197266,174.01234436035156,86.51651000976562
2015-06-17,113.8499984741211,100.34568786621094,8.970046043395996,174.2937774658203,85.84807586669922
2015-06-18,115.31999969482422,101.80812072753906,9.058879852294922,176.10633850097656,85.42659759521484
2015-06-19,115.12000274658203,101.30477905273438,9.013323783874512,175.3245391845703,86.52377319335938
2015-06-22,113.63999938964844,102.05146789550781,9.07438850402832,176.22268676757812,84.7581787109375
2015-06-23,112.88999938964844,102.13444519042969,9.058316230773926,176.3474884033203,84.24950408935547
2015-06-24,112.58999633789062,101.6089859008789,8.991745948791504,175.0666961669922,84.97612762451172
2015-06-25,112.44000244140625,101.40617370605469,8.964200973510742,174.5344696044922,84.67818450927734
2015-06-26,112.55999755859375,100.73320007324219,8.961904525756836,174.50115966796875,83.72639465332031
2015-06-29,113.06999969482422,98.35477447509766,8.796619415283203,170.84185791015625,85.94248962402344
2015-06-30,112.37000274658203,98.70507049560547,8.789735794067383,171.199462890625,85.3467025756836
2015-07-01,111.9800033569336,99.48863983154297,8.849420547485352,172.57168579101562,84.19464874267578
2015-07-02,111.76000213623047,99.51631164550781,8.847126960754395,172.4136962890625,84.47139739990234
2015-07-06,112.05999755859375,99.28585052490234,8.814984321594238,171.92298889160156,86.03704071044922
2015-07-07,110.76000213623047,99.53473663330078,8.902219772338867,173.00421142578125,86.84532165527344
2015-07-08,111.08999633789062,97.80160522460938,8.787439346313477,170.10162353515625,87.59535217285156
2015-07-09,111.36000061035156,97.74633026123047,8.787439346313477,170.4093475341797,85.86953735351562
2015-07-10,111.48999786376953,99.23975372314453,8.876965522766113,172.5550537109375,84.50779724121094
2015-07-13,110.98999786376953,100.98210906982422,8.973381042480469,174.45957946777344,84.24563598632812
2015-07-14,110.73999786376953,101.64585876464844,8.996335983276367,175.21641540527344,84.52232360839844
2015-07-15,110.16000366210938,101.75647735595703,8.968788146972656,175.15818786621094,85.41806030273438
2015-07-16,109.76000213623047,103.19459533691406,9.0261812210083,176.56375122070312,86.0079116821289
2015-07-17,108.6500015258789,104.71568298339844,8.984861373901367,176.71339416503906,86.45211791992188
2015-07-20,105.69999694824219,105.07523345947266,8.980265617370605,176.80490112304688,86.08802032470703
2015-07-21,105.37000274658203,105.01066589355469,8.913694381713867,176.10633850097656,86.5540542602539
2015-07-22,104.80000305175781,103.82147216796875,8.872376441955566,175.79025268554688,87.09290313720703
2015-07-23,104.33000183105469,103.43428802490234,8.83335018157959,174.80052185058594,88.17794036865234
2015-07-24,105.3499984741211,102.42019653320312,8.736939430236816,172.98753356933594,88.39640808105469
2015-07-27,104.86000061035156,101.5721206665039,8.700209617614746,171.98123168945312,88.86970520019531
2015-07-28,105.0199966430664,102.44786834716797,8.826465606689453,174.09361267089844,88.22162628173828
2015-07-29,105.16999816894531,102.83506774902344,8.890741348266602,175.2912139892578,87.89395141601562
2015-07-30,104.2699966430664,103.32365417480469,8.883853912353516,175.33282470703125,88.57115936279297
2015-07-31,104.93000030517578,103.20382690429688,8.851716041564941,175.0666961669922,89.22653198242188
2015-08-03,104.0999984741211,102.88114929199219,8.82187271118164,174.47622680664062,90.1657943725586
2015-08-04,104.30999755859375,102.68756103515625,8.819579124450684,174.13528442382812,89.45059204101562
2015-08-05,103.93000030517578,103.48039245605469,8.860898971557617,174.7091064453125,88.77920532226562
2015-08-06,104.38999938964844,101.8210220336914,8.808098793029785,173.27857971191406,89.56736755371094
2015-08-07,104.6500015258789,101.69194793701172,8.769074440002441,172.94595336914062,90.74232482910156
2015-08-10,105.72000122070312,102.85350799560547,8.881556510925293,175.1249542236328,89.61848449707031
2015-08-11,106.26000213623047,101.53522491455078,8.82187271118164,173.5447235107422,91.04157257080078
2015-08-12,107.75,101.88555908203125,8.849420547485352,173.752685546875,90.54528045654297
2015-08-13,106.86000061035156,101.7195816040039,8.82187271118164,173.5364227294922,90.25336456298828
2015-08-14,106.8499984741211,101.87635040283203,8.854011535644531,174.16848754882812,90.46500396728516
2015-08-17,107.12999725341797,102.7244644165039,8.881556510925293,175.14157104492188,90.87368774414062
2015-08-18,107.11000061035156,102.1989974975586,8.851716041564941,174.6342315673828,90.15849304199219
2015-08-19,108.55000305175781,101.52599334716797,8.769074440002441,173.2536163330078,91.0488052368164
2015-08-20,110.44000244140625,98.71429443359375,8.64511489868164,169.63589477539062,91.9683837890625
2015-08-21,111.12999725341797,94.39991760253906,8.399491310119629,164.52944946289062,92.24566650390625
2015-08-24,110.52999877929688,90.76771545410156,8.08729076385498,157.60159301757812,92.21649932861328
2015-08-25,109.16000366210938,90.4266128540039,7.949556827545166,155.74696350097656,90.73500061035156
2015-08-26,107.66999816894531,94.98069763183594,8.238797187805176,161.72666931152344,88.9835205078125
2015-08-27,107.7300033569336,97.38681030273438,8.417852401733398,165.72703552246094,89.03463745117188
2015-08-28,108.69999694824219,97.36836242675781,8.427035331726074,165.73533630371094,89.2973403930664
2015-08-31,108.81999969482422,96.16068267822266,8.381122589111328,164.39634704589844,88.611328125
2015-09-01,109.19999694824219,93.15540313720703,8.151565551757812,159.489501953125,89.24983978271484
2015-09-02,108.62000274658203,95.78273010253906,8.293890953063965,162.5167999267578,88.48191833496094
2015-09-03,107.83999633789062,95.31258392333984,8.326028823852539,162.6332550048828,88.91339874267578
2015-09-04,107.48999786376953,94.17868041992188,8.192887306213379,160.17144775390625,89.72518920898438
2015-09-08,107.5199966430664,96.83367919921875,8.392602920532227,164.19679260253906,88.40143585205078
2015-09-09,106.12999725341797,95.74586486816406,8.261756896972656,162.0011749267578,88.82561492919922
2015-09-10,106.37999725341797,96.78756713867188,8.287006378173828,162.8827362060547,88.22591400146484
2015-09-11,106.16000366210938,97.322265625,8.321438789367676,163.62286376953125,88.78172302246094
2015-09-14,106.22000122070312,97.02725982666016,8.280117988586426,163.0158233642578,88.9206771850586
2015-09-15,105.9000015258789,98.17037200927734,8.394899368286133,165.05343627929688,87.21660614013672
2015-09-16,107.30999755859375,98.72352600097656,8.470651626586914,166.48385620117188,86.88749694824219
2015-09-17,108.41000366210938,98.76039123535156,8.468358993530273,166.1095733642578,87.94795989990234
2015-09-18,109.20999908447266,97.35574340820312,8.332917213439941,163.39511108398438,89.301025390625
2015-09-21,108.52999877929688,97.66069793701172,8.381294250488281,164.239501953125,87.84558868408203
2015-09-22,107.79000091552734,96.20056915283203,8.295652389526367,162.10769653320312,89.0669937133789
2015-09-23,108.22000122070312,96.2745132446289,8.274822235107422,161.84852600097656,89.05965423583984
2015-09-24,110.48999786376953,95.9233627319336,8.272505760192871,161.26332092285156,89.66671752929688
2015-09-25,109.80999755859375,95.11014556884766,8.295652389526367,161.2215576171875,88.89147186279297
2015-09-28,108.41999816894531,92.40245056152344,8.163719177246094,157.17530822753906,90.41271209716797
2015-09-29,107.9800033569336,91.92193603515625,8.193809509277344,157.2672576904297,90.6686782836914
2015-09-30,106.86000061035156,94.03813171386719,8.321114540100098,160.20162963867188,90.35419464111328
2015-10-01,106.7300033569336,94.46324920654297,8.309539794921875,160.61965942382812,90.73973846435547
2015-10-02,108.98999786376953,96.11741638183594,8.446101188659668,163.01895141601562,91.28934478759766
2015-10-05,108.7699966430664,97.49434661865234,8.60812759399414,165.91983032226562,90.05079650878906
2015-10-06,109.86000061035156,97.03229522705078,8.62895679473877,165.3513641357422,90.43925476074219
2015-10-07,109.69999694824219,97.6144790649414,8.707657814025879,166.70567321777344,90.13872528076172
2015-10-08,109.13999938964844,98.00262451171875,8.802558898925781,168.21046447753906,89.38388061523438
2015-10-09,110.87000274658203,98.44620513916016,8.802558898925781,168.31076049804688,89.6183853149414
2015-10-12,111.30999755859375,98.68645477294922,8.784040451049805,168.4696044921875,90.29996490478516
2015-10-13,111.86000061035156,98.04882049560547,8.737748146057129,167.407958984375,90.453857421875
2015-10-14,113.80999755859375,97.89171600341797,8.707657814025879,166.60531616210938,91.24541473388672
2015-10-15,113.29000091552734,99.49967956542969,8.793296813964844,169.16348266601562,90.7983169555664
2015-10-16,112.48999786376953,99.91552734375,8.841904640197754,169.93258666992188,90.8276138305664
2015-10-19,112.0199966430664,100.48847961425781,8.828015327453613,170.01625061035156,90.5784683227539
2015-10-20,112.7300033569336,99.97098541259766,8.811813354492188,169.79885864257812,90.0215072631836
2015-10-21,111.7300033569336,99.36104583740234,8.788668632507324,168.74551391601562,90.91558074951172
2015-10-22,111.69000244140625,101.38488006591797,9.00393009185791,171.5962677001953,91.06954193115234
2015-10-23,111.5,104.22189331054688,9.089569091796875,173.47726440429688,90.2926254272461
2015-10-26,111.43000030517578,104.28659057617188,9.066422462463379,173.0509033203125,90.89361572265625
2015-10-27,111.68000030517578,104.4991455078125,9.031706809997559,172.71649169921875,91.12079620361328
2015-10-28,110.77999877929688,105.36782836914062,9.112715721130371,174.68101501464844,90.75434875488281
2015-10-29,109.72000122070312,105.20146942138672,9.087260246276855,174.5807647705078,89.31057739257812
2015-10-30,109.30000305175781,104.73018646240234,9.05022144317627,173.82833862304688,89.98485565185547
2015-11-02,108.58999633789062,105.9130630493164,9.147439002990723,175.88490295410156,89.57129669189453
2015-11-03,106.9800033569336,106.28272247314453,9.177530288696289,176.39486694335938,88.83679962158203
2015-11-04,105.97000122070312,106.29194641113281,9.147439002990723,175.85977172851562,88.93966674804688
2015-11-05,105.63999938964844,106.00545501708984,9.10577392578125,175.68421936035156,88.70457458496094
2015-11-06,104.0999984741211,106.07941436767578,9.082629203796387,175.59231567382812,87.40455627441406
2015-11-09,104.4000015258789,104.95197296142578,8.985410690307617,173.95375061035156,86.91243743896484
2015-11-10,104.18000030517578,104.68399047851562,8.994670867919922,174.35501098632812,87.16950988769531
2015-11-11,103.83000183105469,104.55459594726562,8.990041732788086,173.66946411132812,86.98587036132812
2015-11-12,103.8499984741211,103.5380630493164,8.8650541305542,171.2451171875,87.40455627441406
2015-11-13,103.55999755859375,101.50501251220703,8.786354064941406,169.32229614257812,87.90398406982422
2015-11-16,103.70999908447266,102.96510314941406,8.929861068725586,171.89718627929688,87.82320404052734
2015-11-17,102.33999633789062,103.02979278564453,8.934491157531738,171.77178955078125,87.97013854980469
2015-11-18,102.43000030517578,105.00740814208984,9.02244758605957,174.49713134765625,88.15372467041016
2015-11-19,103.55999755859375,105.08135223388672,9.043277740478516,174.34661865234375,88.7413558959961
2015-11-20,103.08999633789062,105.79291534423828,9.047907829284668,174.9819793701172,88.46955108642578
2015-11-23,102.26000213623047,105.48797607421875,9.061797142028809,174.78135681152344,88.7413558959961
2015-11-24,102.94000244140625,105.39554595947266,9.101143836975098,175.0154571533203,88.7340087890625
2015-11-25,102.45999908447266,105.48797607421875,9.089569091796875,174.99038696289062,88.93966674804688
2015-11-27,101.25,105.63579559326172,9.096512794494629,175.19105529785156,88.85151672363281
2015-11-30,101.91999816894531,105.36782836914062,9.075684547424316,174.46372985839844,89.20402526855469
2015-12-01,102.27999877929688,106.42130279541016,9.152069091796875,176.12733459472656,90.40902709960938
2015-12-02,100.69000244140625,105.76518249511719,9.071054458618164,174.32989501953125,90.43840789794922
2015-12-03,101.76000213623047,103.972412109375,8.962267875671387,171.88885498046875,87.97998809814453
2015-12-04,104.0199966430664,106.40284729003906,9.124288558959961,175.24111938476562,88.75284576416016
2015-12-07,102.66999816894531,105.92227935791016,9.080313682556152,174.17947387695312,89.6140365600586
2015-12-08,102.83999633789062,105.93154907226562,8.996984481811523,173.0090789794922,89.658203125
2015-12-09,102.63999938964844,104.32357025146484,8.969212532043457,171.66310119628906,89.56253051757812
2015-12-10,102.55000305175781,104.79486083984375,8.999302864074707,172.10618591308594,89.68025970458984
2015-12-11,103.11000061035156,102.3829116821289,8.85347843170166,168.77056884765625,91.09351348876953
2015-12-14,101.79000091552734,103.1591796875,8.920601844787598,169.623291015625,89.9157943725586
2015-12-15,101.5199966430664,103.7875747680664,9.00393009185791,171.4039764404297,89.38587188720703
2015-12-16,102.75,105.33082580566406,9.10577392578125,173.91188049316406,89.19447326660156
2015-12-17,100.5,103.79681396484375,8.978470802307129,171.2618408203125,90.20289611816406
2015-12-18,102.04000091552734,101.8057632446289,8.825702667236328,168.2108154296875,90.70340728759766
2015-12-21,103.1500015258789,102.9366226196289,8.893775939941406,169.59840393066406,90.6812973022461
2015-12-22,102.61000061035156,103.61328887939453,8.987027168273926,171.1373748779297,90.02625274658203
2015-12-23,102.30999755859375,104.38263702392578,9.101259231567383,173.256591796875,89.34904479980469
2015-12-24,103.05000305175781,104.36410522460938,9.077945709228516,172.97067260742188,89.86093139648438
2015-12-28,102.2699966430664,104.3084945678711,9.052306175231934,172.57546997070312,90.12646484375
2015-12-29,102.19999694824219,105.94920349121094,9.143219947814941,174.4171142578125,88.6291732788086
2015-12-30,101.41999816894531,104.99444580078125,9.09193229675293,173.18093872070312,88.54061126708984
2015-12-31,101.45999908447266,103.68746948242188,8.989359855651855,171.44851684570312,88.9389419555664
2016-01-04,102.88999938964844,101.4998779296875,8.886783599853516,169.05177307128906,89.58065795898438
2016-01-05,103.18000030517578,101.32373046875,8.938071250915527,169.33766174316406,89.2192611694336
2016-01-06,104.66999816894531,100.3504638671875,8.830833435058594,167.20164489746094,90.42156219482422
2016-01-07,106.1500015258789,97.20813751220703,8.646663665771484,163.19021606445312,90.58377075195312
2016-01-08,105.68000030517578,96.41096496582031,8.553412437438965,161.39895629882812,90.9894790649414
2016-01-11,104.73999786376953,96.70758819580078,8.569731712341309,161.5587158203125,89.9936752319336
2016-01-12,104.20999908447266,97.82919311523438,8.621021270751953,162.86228942871094,91.29190826416016
2016-01-13,104.72000122070312,94.45511627197266,8.455498695373535,158.80035400390625,92.19171142578125
2016-01-14,103.0199966430664,96.46658325195312,8.597705841064453,161.40733337402344,91.32874298095703
2016-01-15,104.08000183105469,93.4725570678711,8.418198585510254,157.94253540039062,92.75234985351562
2016-01-19,103.9800033569336,93.67648315429688,8.42752456665039,158.15277099609375,92.4646224975586
2016-01-20,105.37000274658203,93.38916778564453,8.299304008483887,156.1260528564453,93.4382553100586
2016-01-21,105.48999786376953,93.48184204101562,8.371572494506836,157.0006103515625,92.80394744873047
2016-01-22,105.0,96.18848419189453,8.527767181396484,160.22158813476562,92.44989013671875
2016-01-25,106.08000183105469,94.76103210449219,8.434517860412598,157.7996063232422,92.95146179199219
2016-01-26,107.29000091552734,95.61380004882812,8.576723098754883,159.95249938964844,92.99573516845703
2016-01-27,107.69000244140625,93.2315673828125,8.527767181396484,158.21168518066406,92.97354888916016
2016-01-28,106.54000091552734,94.54780578613281,8.588379859924316,159.03579711914062,93.10638427734375
2016-01-29,106.94999694824219,96.52220153808594,8.784205436706543,162.91270446777344,93.89557647705078
2016-02-01,108.05000305175781,96.78173828125,8.779545783996582,162.85379028320312,93.60813903808594
2016-02-02,108.08999633789062,94.68685913085938,8.639667510986328,159.91880798339844,95.34474182128906
2016-02-03,109.25,94.232666015625,8.71427059173584,160.87747192382812,94.55400085449219
2016-02-04,110.56999969482422,94.223388671875,8.716598510742188,161.1298828125,95.01221466064453
2016-02-05,112.31999969482422,90.95130920410156,8.623347282409668,158.0602569580078,95.12305450439453
2016-02-08,113.83000183105469,89.56090545654297,8.607032775878906,155.9326171875,97.17002868652344
2016-02-09,113.58000183105469,89.28280639648438,8.593043327331543,155.9410400390625,97.27345275878906
2016-02-10,114.45999908447266,89.6257553100586,8.546420097351074,155.80650329589844,98.1307601928711
2016-02-11,119.05999755859375,89.49600219726562,8.457830429077148,153.77975463867188,98.81798553466797
2016-02-12,118.36000061035156,90.85858917236328,8.593043327331543,156.95022583007812,97.17739868164062
2016-02-16,114.7699966430664,92.90713500976562,8.69795036315918,159.59927368164062,96.15023803710938
2016-02-17,115.4800033569336,95.01129913330078,8.823838233947754,162.20626831054688,95.55908203125
2016-02-18,118.29000091552734,93.9267807006836,8.826169967651367,161.5419158935547,96.73405456542969
2016-02-19,117.58000183105469,94.20484924316406,8.81218147277832,161.46620178222656,96.81533813476562
2016-02-22,115.48999786376953,95.73429870605469,8.910094261169434,163.80418395996094,96.76358795166016
2016-02-23,117.22000122070312,94.15852355957031,8.8378267288208,161.73532104492188,97.1552505493164
2016-02-24,117.61000061035156,95.05764770507812,8.877458572387695,162.47535705566406,96.96310424804688
2016-02-25,117.91999816894531,95.99384307861328,8.977702140808105,164.44325256347656,97.31047058105469
2016-02-26,117.11000061035156,95.87335968017578,8.919419288635254,164.0648193359375,96.3719482421875
2016-02-29,118.63999938964844,95.01129913330078,8.849482536315918,162.778076171875,96.79320526123047
2016-03-01,117.7699966430664,98.06090545654297,9.00800895690918,166.6045684814453,95.08877563476562
2016-03-02,118.68000030517578,98.0979995727539,9.052306175231934,167.35299682617188,95.48119354248047
2016-03-03,120.7300033569336,97.91260528564453,9.073284149169922,168.0089569091797,95.82918548583984
2016-03-04,120.54000091552734,97.94969177246094,9.108251571655273,168.55560302734375,95.21463775634766
2016-03-07,121.13999938964844,97.34717559814453,9.13856029510498,168.69015502929688,95.18501281738281
2016-03-08,120.58000183105469,96.54073333740234,9.082608222961426,166.84840393066406,96.23638153076172
2016-03-09,119.58000183105469,97.16181182861328,9.14555549621582,167.67257690429688,95.6514663696289
2016-03-10,121.5,97.01349639892578,9.14555549621582,167.80706787109375,95.25907897949219
2016-03-11,119.41000366210938,98.70977020263672,9.243468284606934,170.5150604248047,94.29655456542969
2016-03-14,117.87000274658203,98.87661743164062,9.22714614868164,170.2964630126953,94.59273529052734
2016-03-15,117.95999908447266,98.8395767211914,9.22948169708252,170.01889038085938,94.6815414428711
2016-03-16,120.58999633789062,99.72013092041016,9.280767440795898,171.0027618408203,94.96286010742188
2016-03-17,120.12999725341797,99.66449737548828,9.362363815307617,172.08770751953125,95.35530090332031
2016-03-18,119.80000305175781,99.82071685791016,9.378682136535645,172.7638702392578,95.55523681640625
2016-03-21,118.95999908447266,100.21121978759766,9.392302513122559,173.00904846191406,94.82223510742188
2016-03-22,119.30999755859375,100.51797485351562,9.37351131439209,172.9160614013672,94.8000259399414
2016-03-23,116.61000061035156,99.69058227539062,9.3218412399292,171.77493286132812,95.87362670898438
2016-03-24,116.33000183105469,99.71845245361328,9.328888893127441,171.69879150390625,95.9106216430664
2016-03-28,116.5999984741211,99.5789794921875,9.33123779296875,171.8002471923828,96.03650665283203
2016-03-29,118.76000213623047,101.17807006835938,9.41343879699707,173.38943481445312,97.04345703125
2016-03-30,117.0999984741211,101.6707992553711,9.434577941894531,174.15020751953125,96.02169036865234
2016-03-31,117.63999938964844,101.52204132080078,9.415785789489746,173.7275848388672,96.70287322998047
2016-04-01,116.93000030517578,102.60049438476562,9.453368186950684,174.91099548339844,96.95506286621094
2016-04-04,116.1500015258789,102.21002197265625,9.429880142211914,174.3446502685547,97.01444244384766
2016-04-05,117.66000366210938,101.22455596923828,9.385254859924316,172.60333251953125,98.07540130615234
2016-04-06,116.94000244140625,102.8886947631836,9.460413932800293,174.48831176757812,97.36317443847656
2016-04-07,118.61000061035156,101.41047668457031,9.37351131439209,172.4004669189453,98.56507110595703
2016-04-08,118.43000030517578,101.33609771728516,9.408740997314453,172.8653106689453,97.94182586669922
2016-04-11,120.02999877929688,100.96424865722656,9.37351131439209,172.45962524414062,97.81575012207031
2016-04-12,120.05000305175781,101.81024932861328,9.451018333435059,174.06558227539062,97.1405258178711
2016-04-13,118.7699966430664,103.11182403564453,9.490942001342773,175.8239288330078,97.48190307617188
2016-04-14,117.11000061035156,103.12109375,9.474505424499512,175.83238220214844,97.01444244384766
2016-04-15,117.91999816894531,102.86079406738281,9.47685432434082,175.63795471191406,97.84544372558594
2016-04-18,117.73999786376953,103.40930938720703,9.540268898010254,176.87210083007812,97.42253112792969
2016-04-19,119.58000183105469,102.7771224975586,9.554357528686523,177.4300079345703,97.1183090209961
2016-04-20,118.97000122070312,102.86079406738281,9.52382755279541,177.5990753173828,96.04993438720703
2016-04-21,119.41999816894531,102.87007904052734,9.462759971618652,176.64389038085938,95.4786605834961
2016-04-22,117.88999938964844,101.3175048828125,9.460413932800293,176.64389038085938,95.23387145996094
2016-04-25,118.2300033569336,101.3175048828125,9.465110778808594,176.3395538330078,94.84059143066406
2016-04-26,118.69999694824219,100.82477569580078,9.479203224182129,176.60157775878906,94.41027069091797
2016-04-27,119.04000091552734,100.01593780517578,9.542614936828613,176.965087890625,95.3525390625
2016-04-28,121.29000091552734,98.80732727050781,9.458064079284668,175.35902404785156,95.7457275390625
2016-04-29,123.6500015258789,98.28671264648438,9.3993501663208,174.41224670410156,95.9906005859375
2016-05-02,123.23999786376953,99.21640014648438,9.455717086791992,175.7985076904297,95.02408599853516
2016-05-03,122.95999908447266,98.29605865478516,9.40639591217041,174.26853942871094,96.22101593017578
2016-05-04,122.20999908447266,97.6638412475586,9.371164321899414,173.2964324951172,96.74888610839844
2016-05-05,122.06999969482422,97.63595581054688,9.375860214233398,173.26268005371094,97.39563751220703
2016-05-06,123.18000030517578,98.15655517578125,9.427532196044922,173.89663696289062,96.9793472290039
2016-05-09,120.6500015258789,98.43550109863281,9.427532196044922,174.0403594970703,97.28414916992188
2016-05-10,120.9800033569336,99.7835464477539,9.533223152160645,176.20428466796875,97.2915267944336
2016-05-11,122.12000274658203,98.88174438476562,9.460413932800293,174.5559539794922,97.84173583984375
2016-05-12,121.16000366210938,98.44475555419922,9.486248970031738,174.60671997070312,97.39563751220703
2016-05-13,121.70999908447266,98.08220672607422,9.389952659606934,173.08514404296875,98.33975219726562
2016-05-16,121.80000305175781,99.30940246582031,9.474505424499512,174.7926483154297,97.49234008789062
2016-05-17,122.22000122070312,98.06361389160156,9.382905960083008,173.16119384765625,97.65582275390625
2016-05-18,120.0999984741211,98.41688537597656,9.326539039611816,173.21188354492188,96.26566314697266
2016-05-19,119.87000274658203,97.9055404663086,9.317143440246582,172.6117401123047,96.68199920654297
2016-05-20,119.70999908447266,98.9839859008789,9.352375030517578,173.70223999023438,96.75630187988281
2016-05-23,119.37000274658203,98.85383605957031,9.342981338500977,173.46554565429688,96.97196197509766
2016-05-24,117.30000305175781,100.83407592773438,9.453368186950684,175.71400451660156,96.54069519042969
2016-05-25,116.9800033569336,101.55921173095703,9.512084007263184,176.90594482421875,96.17645263671875
2016-05-26,116.58000183105469,101.85671997070312,9.52382755279541,176.95663452148438,96.6745376586914
2016-05-27,115.62000274658203,102.38665771484375,9.549661636352539,177.7174530029297,96.53328704833984
2016-05-31,116.05999755859375,102.58189392089844,9.53087329864502,177.37925720214844,96.76373291015625
2016-06-01,115.94000244140625,102.59117889404297,9.552011489868164,177.7427978515625,97.15631103515625
2016-06-02,115.66999816894531,102.80501556396484,9.561405181884766,178.2838134765625,97.85657501220703
2016-06-03,118.87999725341797,102.32156372070312,9.575492858886719,177.75119018554688,99.24967193603516
2016-06-06,118.91999816894531,102.69346618652344,9.629515647888184,178.6556854248047,98.51209259033203
2016-06-07,118.81999969482422,102.43313598632812,9.664748191833496,178.93466186523438,98.75051879882812
2016-06-08,120.58000183105469,102.60980224609375,9.695279121398926,179.5178680419922,99.27945709228516
2016-06-09,121.25,102.44242858886719,9.699978828430176,179.27276611328125,99.92011260986328
2016-06-10,121.73999786376953,101.28031158447266,9.65770149230957,177.57374572753906,100.40432739257812
2016-06-13,122.63999938964844,100.43429565429688,9.58254337310791,176.20428466796875,100.85131072998047
2016-06-14,122.7699966430664,100.43429565429688,9.587241172790527,175.85769653320312,100.77681732177734
2016-06-15,123.68000030517578,100.1461181640625,9.57080078125,175.61257934570312,101.16416931152344
2016-06-16,122.37999725341797,100.44361114501953,9.62481689453125,176.13665771484375,101.6558609008789
2016-06-17,123.94999694824219,99.26628112792969,9.603678703308105,175.48072814941406,101.02262115478516
2016-06-20,123.20999908447266,99.89083099365234,9.676349639892578,176.6107940673828,99.94242858886719
2016-06-21,120.83999633789062,100.20775604248047,9.700018882751465,177.11216735839844,99.48057556152344
2016-06-22,120.9000015258789,99.96540069580078,9.676349639892578,176.82327270507812,99.64446258544922
2016-06-23,120.11000061035156,101.39160919189453,9.792330741882324,179.1259307861328,98.50469970703125
2016-06-24,126.0,97.21552276611328,9.515389442443848,172.69366455078125,101.1492691040039
2016-06-27,126.68000030517578,95.28593444824219,9.389939308166504,169.6007537841797,103.67461395263672
2016-06-28,125.31999969482422,97.37399291992188,9.50829029083252,172.65969848632812,103.89067840576172
2016-06-29,125.83999633789062,99.0984878540039,9.643210411071777,175.59967041015625,103.09355926513672
2016-06-30,126.47000122070312,100.24506378173828,9.808897972106934,177.99581909179688,103.47348022460938
2016-07-01,128.41000366210938,100.7484130859375,9.818368911743164,178.36965942382812,104.9101791381836
2016-07-05,129.47000122070312,100.1332015991211,9.785231590270996,177.08668518066406,106.22374725341797
2016-07-06,130.22999572753906,100.95348358154297,9.818368911743164,178.14878845214844,106.3953857421875
2016-07-07,129.74000549316406,101.25179290771484,9.80416488647461,178.03829956054688,106.38789367675781
2016-07-08,130.52000427246094,102.81781768798828,9.93435287475586,180.68936157226562,107.1715316772461
2016-07-11,129.2899932861328,103.40508270263672,9.979327201843262,181.32669067382812,106.2312240600586
2016-07-12,127.1500015258789,103.92711639404297,10.031402587890625,182.64370727539062,104.48477935791016
2016-07-13,128.32000732421875,103.67540740966797,10.055070877075195,182.61822509765625,105.71614837646484
2016-07-14,127.33000183105469,104.38385772705078,10.095311164855957,183.63787841796875,104.17877960205078
2016-07-15,126.83999633789062,104.21610260009766,10.090575218200684,183.3914031982422,103.2831802368164
2016-07-18,127.04000091552734,104.90587615966797,10.100043296813965,183.88427734375,103.18614196777344
2016-07-19,127.20999908447266,104.52368927001953,10.102411270141602,183.6973419189453,103.76822662353516
2016-07-20,125.38999938964844,105.74482727050781,10.13791561126709,184.46206665039062,103.20108795166016
2016-07-21,127.30000305175781,105.50247955322266,10.102411270141602,183.7653350830078,103.41008758544922
2016-07-22,126.3499984741211,105.94058990478516,10.161589622497559,184.5895538330078,103.58919525146484
2016-07-25,125.47000122070312,105.94989776611328,10.140283584594727,184.0882110595703,103.51457977294922
2016-07-26,126.0,106.07106018066406,10.147385597229004,184.1731719970703,103.67871856689453
2016-07-27,128.02999877929688,106.80748748779297,10.09294319152832,183.97776794433594,104.96981811523438
2016-07-28,127.66000366210938,107.18036651611328,10.071640014648438,184.190185546875,104.7757797241211
2016-07-29,128.97999572753906,107.41342163085938,10.088211059570312,184.487548828125,105.64900970458984
2016-08-01,129.22000122070312,107.98201751708984,10.0574369430542,184.33460998535156,104.50359344482422
2016-08-02,130.27000427246094,107.16170501708984,9.993528366088867,183.15353393554688,103.4269027709961
2016-08-03,129.64999389648438,107.51593017578125,9.998262405395508,183.6888427734375,103.48676300048828
2016-08-04,129.8699951171875,107.82357025146484,10.014830589294434,183.88427734375,104.26432800292969
2016-08-05,127.55000305175781,108.8582763671875,10.071640014648438,185.3882598876953,103.18018341064453
2016-08-08,127.44000244140625,108.7370834350586,10.071640014648438,185.27781677246094,103.37454986572266
2016-08-09,127.95999908447266,108.98876190185547,10.076373100280762,185.3882598876953,104.39141845703125
2016-08-10,128.55999755859375,108.70911407470703,10.074009895324707,184.92941284179688,104.7951889038086
2016-08-11,127.66999816894531,109.17521667480469,10.128448486328125,185.78762817382812,103.86054992675781
2016-08-12,127.4000015258789,109.24976348876953,10.12134838104248,185.6261749267578,104.7353286743164
2016-08-15,127.83999633789062,109.71585083007812,10.149752616882324,186.16148376464844,103.74842834472656
2016-08-16,128.47000122070312,109.10992431640625,10.090575218200684,185.2012939453125,103.4717788696289
2016-08-17,128.5,109.30569458007812,10.107144355773926,185.54971313476562,104.09234619140625
2016-08-18,129.11000061035156,109.33364868164062,10.13791561126709,185.96604919433594,104.2568130493164
2016-08-19,127.97000122070312,109.30569458007812,10.102411270141602,185.6941680908203,103.71102142333984
2016-08-22,127.77999877929688,109.38959503173828,10.090575218200684,185.6856231689453,104.58580780029297
2016-08-23,127.76000213623047,109.58536529541016,10.11424732208252,186.0594940185547,104.6979751586914
2016-08-24,126.33999633789062,108.87690734863281,10.088211059570312,185.10784912109375,104.45121002197266
2016-08-25,126.2300033569336,108.69978332519531,10.083476066589355,184.98040771484375,104.05494689941406
2016-08-26,126.05000305175781,108.8582763671875,10.055070877075195,184.63201904296875,103.44935607910156
2016-08-29,126.30000305175781,109.00740051269531,10.111879348754883,185.5412139892578,104.83256530761719
2016-08-30,125.02999877929688,108.65318298339844,10.074009895324707,185.23526000976562,104.42879486083984
2016-08-31,124.77999877929688,108.54132080078125,10.055070877075195,184.70851135253906,104.5783920288086
2016-09-01,125.29000091552734,108.82097625732422,10.074009895324707,184.7169952392578,104.69371795654297
2016-09-02,126.56999969482422,109.17521667480469,10.11661434173584,185.54971313476562,103.83980560302734
2016-09-06,128.7100067138672,109.85567474365234,10.145018577575684,186.11053466796875,104.5963134765625
2016-09-07,128.27000427246094,109.92095184326172,10.128448486328125,186.09349060058594,104.52142333984375
2016-09-08,127.58999633789062,109.27774810791016,10.107144355773926,185.66860961914062,103.21060180664062
2016-09-09,126.75,106.52783966064453,9.856241226196289,181.2247314453125,101.51026153564453
2016-09-12,126.58999633789062,108.43878936767578,9.995896339416504,183.8247833251953,101.56268310546875
2016-09-13,125.75,107.46932983398438,9.858609199523926,181.18218994140625,100.40918731689453
2016-09-14,126.18000030517578,107.98201751708984,9.834942817687988,181.11428833007812,100.55896759033203
2016-09-15,125.37000274658203,109.65994262695312,9.93671989440918,182.9241485595703,100.12454223632812
2016-09-16,125.05999755859375,109.6075668334961,9.908316612243652,182.2169647216797,100.93348693847656
2016-09-19,125.31999969482422,109.1310043334961,9.906886100769043,182.2511749267578,100.60392761230469
2016-09-20,125.44000244140625,109.33657836914062,9.902121543884277,182.2597198486328,100.95597076416016
2016-09-21,127.2699966430664,110.41126251220703,10.002120018005371,184.309326171875,101.77239227294922
2016-09-22,127.56999969482422,111.2896957397461,10.0497407913208,185.470703125,102.58145141601562
2016-09-23,127.6500015258789,110.5794677734375,9.997363090515137,184.45443725585938,102.4840316772461
2016-09-26,127.55000305175781,109.65431213378906,9.916410446166992,182.95999145507812,103.1356430053711
2016-09-27,126.62000274658203,110.73834228515625,9.992598533630371,184.09579467773438,103.89225006103516
2016-09-28,126.22000122070312,110.92524719238281,10.047357559204102,185.00958251953125,103.66751861572266
2016-09-29,126.06999969482422,110.1215591430664,9.992598533630371,183.33572387695312,103.92964172363281
2016-09-30,125.63999938964844,110.94393157958984,10.073551177978516,184.71920776367188,103.00081634521484
2016-10-03,125.31999969482422,110.7850570678711,10.037836074829102,184.27513122558594,102.66092681884766
2016-10-04,120.97000122070312,110.61685180664062,9.959266662597656,183.33572387695312,101.46034240722656
2016-10-05,120.77999877929688,111.00931549072266,10.002120018005371,184.1470184326172,100.98757934570312
2016-10-06,119.66000366210938,110.95328521728516,10.00926685333252,184.27513122558594,100.42476654052734
2016-10-07,119.73999786376953,110.7103042602539,9.990217208862305,183.6431884765625,100.49234008789062
2016-10-10,120.16000366210938,111.41117858886719,10.004505157470703,184.5996551513672,99.89952087402344
2016-10-11,119.55000305175781,109.82254791259766,9.904508590698242,182.2682647705078,99.67440032958984
2016-10-12,119.73999786376953,109.72905731201172,9.911649703979492,182.50735473632812,99.77194213867188
2016-10-13,120.02999877929688,109.33657836914062,9.880697250366211,181.90951538085938,100.14714813232422
2016-10-14,119.36000061035156,109.46739959716797,9.894981384277344,182.00350952148438,98.74390411376953
2016-10-17,119.68000030517578,109.16836547851562,9.868794441223145,181.37152099609375,99.37420654296875
2016-10-18,120.41999816894531,110.14027404785156,9.875931739807129,182.50735473632812,99.6968994140625
2016-10-19,121.11000061035156,110.13092803955078,9.854508399963379,182.99420166015625,99.77942657470703
2016-10-20,120.73999786376953,110.00006866455078,9.821174621582031,182.65252685546875,99.88451385498047
2016-10-21,120.83000183105469,110.41126251220703,9.854508399963379,182.73789978027344,100.0345458984375
2016-10-24,120.55999755859375,111.73826599121094,9.904508590698242,183.51507568359375,99.59935760498047
2016-10-25,121.47000122070312,111.38314819335938,9.909265518188477,182.9001922607422,99.86199951171875
2016-10-26,120.79000091552734,110.626220703125,9.925933837890625,182.5330352783203,99.18663024902344
2016-10-27,121.01000213623047,110.1215591430664,9.894981384277344,182.0461883544922,98.10611724853516
2016-10-28,121.58000183105469,109.43003845214844,9.904508590698242,181.50820922851562,97.8884506225586
2016-10-31,121.94000244140625,109.32723999023438,9.916410446166992,181.51669311523438,98.4887924194336
2016-11-01,122.7300033569336,108.5048828125,9.849740982055664,180.2015838623047,98.4962387084961
2016-11-02,123.63999938964844,107.63580322265625,9.814030647277832,179.11700439453125,98.92484283447266
2016-11-03,124.30000305175781,106.57979583740234,9.785463333129883,178.29713439941406,98.1655044555664
2016-11-04,124.38999938964844,106.20602416992188,9.747365951538086,178.10076904296875,99.04512023925781
2016-11-07,122.1500015258789,108.72916412353516,9.930695533752441,182.02914428710938,98.2030258178711
2016-11-08,121.63999938964844,109.43936920166016,9.987835884094238,182.84901428222656,97.80457305908203
2016-11-09,121.55999755859375,109.9439926147461,10.07830810546875,184.7875213623047,93.65454864501953
2016-11-10,119.75,108.16844940185547,10.06640338897705,185.2486572265625,92.27118682861328
2016-11-11,117.0999984741211,108.21519470214844,10.059266090393066,184.82167053222656,91.75242614746094
2016-11-14,116.11000061035156,107.12181091308594,10.0449800491333,184.96685791015625,91.20360565185547
2016-11-15,117.12000274658203,108.607666015625,10.125930786132812,186.41009521484375,91.65469360351562
2016-11-16,116.7699966430664,109.25247955322266,10.125930786132812,186.0599822998047,92.48165893554688
2016-11-17,116.16999816894531,110.04681396484375,10.135453224182129,187.01646423339844,91.12090301513672
2016-11-18,115.1500015258789,109.63562774658203,10.123549461364746,186.59799194335938,90.85779571533203
2016-11-21,115.58000183105469,110.77574157714844,10.192593574523926,188.00704956054688,91.08330535888672
2016-11-22,115.54000091552734,111.11212158203125,10.244973182678223,188.37428283691406,91.05323028564453
2016-11-23,113.25,110.66356658935547,10.249734878540039,188.47679138183594,90.69986724853516
2016-11-25,112.61000061035156,111.0186767578125,10.29497241973877,189.17706298828125,90.835205078125
2016-11-28,113.80000305175781,110.7663803100586,10.28068733215332,188.2889404296875,91.50431823730469
2016-11-29,113.2699966430664,111.14950561523438,10.278306007385254,188.65614318847656,91.88774108886719
2016-11-30,111.75,109.8038558959961,10.240211486816406,188.2035369873047,90.39911651611328
2016-12-01,111.54000091552734,107.90679931640625,10.171164512634277,187.51177978515625,89.44469451904297
2016-12-02,112.13999938964844,108.1217269897461,10.204498291015625,187.605712890625,90.1000747680664
2016-12-05,111.54000091552734,108.96278381347656,10.247354507446289,188.7330322265625,90.00215911865234
2016-12-06,111.43000030517578,109.22444152832031,10.27592658996582,189.330810546875,89.9343490600586
2016-12-07,111.83000183105469,110.60749816894531,10.421157836914062,191.80735778808594,90.70272064208984
2016-12-08,111.56999969482422,110.80375671386719,10.425923347473145,192.27708435058594,89.63299560546875
2016-12-09,110.4000015258789,111.6728286743164,10.483063697814941,193.43850708007812,88.51805114746094
2016-12-12,110.81999969482422,111.16822052001953,10.535441398620605,193.21646118164062,88.68383026123047
2016-12-13,110.44999694824219,112.5699462890625,10.602107048034668,194.5059814453125,89.00023651123047
2016-12-14,108.83000183105469,112.33633422851562,10.494963645935059,192.9004669189453,88.00581359863281
2016-12-15,107.33999633789062,112.51387786865234,10.52591609954834,193.69468688964844,88.4502182006836
2016-12-16,108.05000305175781,112.0968017578125,10.530679702758789,193.3158416748047,88.24681091308594
2016-12-19,108.58999633789062,112.55607604980469,10.556867599487305,193.73675537109375,89.196044921875
2016-12-20,107.79000091552734,112.98719787597656,10.583294868469238,194.48414611816406,88.75157165527344
2016-12-21,107.8499984741211,112.90284729003906,10.559270858764648,193.9429473876953,89.14334869384766
2016-12-22,107.58999633789062,112.58415222167969,10.549662590026855,193.60794067382812,88.98393249511719
2016-12-23,107.93000030517578,112.65917205810547,10.556867599487305,193.8914337158203,89.16520690917969
2016-12-27,108.55999755859375,113.2402572631836,10.573686599731445,194.37245178222656,88.87816619873047
2016-12-28,108.86000061035156,112.3592300415039,10.494401931762695,192.76609802246094,89.52775573730469
2016-12-29,110.29000091552734,112.19991302490234,10.504010200500488,192.72314453125,89.84500885009766
2016-12-30,109.61000061035156,111.04707336425781,10.467973709106445,192.01876831054688,89.98094177246094
2017-01-03,110.47000122070312,112.04055786132812,10.523235321044922,193.48765563964844,90.3661880493164
2017-01-04,110.86000061035156,112.64979553222656,10.540050506591797,194.63880920410156,90.71361541748047
2017-01-05,112.58000183105469,113.28712463378906,10.530440330505371,194.48414611816406,92.13362884521484
2017-01-06,111.75,114.28064727783203,10.530440330505371,195.17996215820312,91.28766632080078
2017-01-09,112.66999816894531,114.6555404663086,10.475181579589844,194.5357208251953,92.02034759521484
2017-01-10,113.1500015258789,114.90857696533203,10.439142227172852,194.5357208251953,91.95991516113281
2017-01-11,113.5,115.21788787841797,10.467973709106445,195.0854949951172,92.26956939697266
2017-01-12,113.91000366210938,115.039794921875,10.446352005004883,194.5958251953125,92.06560516357422
2017-01-13,114.20999908447266,115.4334716796875,10.453559875488281,195.0425262451172,91.62757110595703
2017-01-17,115.8499984741211,115.08667755126953,10.453559875488281,194.3552703857422,92.58682250976562
2017-01-18,114.87000274658203,115.32100677490234,10.45836353302002,194.78482055664062,91.4009780883789
2017-01-19,114.7699966430664,115.26476287841797,10.419923782348633,194.06329345703125,90.77406311035156
2017-01-20,115.05000305175781,115.517822265625,10.475181579589844,194.77621459960938,90.59282684326172
2017-01-23,115.79000091552734,115.61154174804688,10.429535865783691,194.2694091796875,91.49913787841797
2017-01-24,115.2699966430664,116.38947296142578,10.4920015335083,195.5149688720703,90.87224578857422
2017-01-25,114.31999969482422,117.56105041503906,10.561673164367676,197.207275390625,89.73176574707031
2017-01-26,113.26000213623047,117.68289947509766,10.523235321044922,197.00112915039062,90.03385162353516
2017-01-27,113.48999786376953,117.90785217285156,10.525639533996582,196.69183349609375,90.35861206054688
2017-01-30,113.97000122070312,116.98929595947266,10.467973709106445,195.47201538085938,90.08673095703125
2017-01-31,115.55000305175781,116.7550048828125,10.417520523071289,195.45486450195312,90.71361541748047
2017-02-01,115.19999694824219,117.56105041503906,10.369467735290527,195.53216552734375,90.15274810791016
2017-02-02,115.83999633789062,117.45795440673828,10.381479263305664,195.6610107421875,90.11489868164062
2017-02-03,116.12999725341797,117.79537963867188,10.429535865783691,197.0097198486328,90.0770263671875
2017-02-06,117.69999694824219,117.93595886230469,10.417520523071289,196.65750122070312,90.62200927734375
2017-02-07,117.45999908447266,118.36710357666016,10.439142227172852,196.66604614257812,91.28813171386719
2017-02-08,118.19000244140625,118.56390380859375,10.453559875488281,196.92373657226562,92.52957916259766
2017-02-09,117.29000091552734,118.99507904052734,10.496804237365723,198.09207153320312,91.4622802734375
2017-02-10,117.5999984741211,119.38871765136719,10.520831108093262,198.87374877929688,91.40927124023438
2017-02-13,116.80000305175781,120.06356048583984,10.573686599731445,199.9561309814453,91.12159729003906
2017-02-14,116.93000030517578,120.46658325195312,10.595309257507324,200.7550506591797,90.46311950683594
2017-02-15,117.44999694824219,121.17887115478516,10.655377388000488,201.8031005859375,90.04672241210938
2017-02-16,118.08000183105469,121.1413803100586,10.67459774017334,201.63128662109375,90.53875732421875
2017-02-17,117.68000030517578,121.66627502441406,10.689009666442871,201.94912719726562,91.07620239257812
2017-02-21,117.75,122.2661361694336,10.746674537658691,203.15174865722656,90.91727447509766
2017-02-22,117.91000366210938,122.31299591064453,10.737062454223633,202.97137451171875,91.06861877441406
2017-02-23,118.94000244140625,121.85368347167969,10.782711029052734,203.10879516601562,91.34111785888672
2017-02-24,119.69999694824219,122.08805084228516,10.811541557312012,203.36651611328125,92.35546875
2017-02-27,119.12000274658203,122.23797607421875,10.81394100189209,203.684326171875,91.81045532226562
2017-02-28,119.2300033569336,121.86310577392578,10.77309799194336,203.13455200195312,92.15106964111328
2017-03-01,119.05999755859375,123.19400024414062,10.886018753051758,205.97796630859375,90.60693359375
2017-03-02,117.58000183105469,122.57543182373047,10.849982261657715,204.6808624267578,90.28084564208984
2017-03-03,117.51000213623047,122.80037689208984,10.837970733642578,204.80970764160156,90.51595306396484
2017-03-06,116.72000122070312,122.5285415649414,10.821151733398438,204.1997833251953,90.08364868164062
2017-03-07,115.77999877929688,122.3223876953125,10.787514686584473,203.58984375,89.81065368652344
2017-03-08,115.05999755859375,122.53794860839844,10.775500297546387,203.21188354492188,89.32527160644531
2017-03-09,114.47000122070312,122.63166809082031,10.78030776977539,203.4695587158203,88.61235046386719
2017-03-10,114.72000122070312,123.14715576171875,10.823552131652832,204.1826171875,88.92328643798828
2017-03-13,114.73999786376953,123.35336303710938,10.818747520446777,204.2857208251953,88.362060546875
2017-03-14,114.12000274658203,123.0534439086914,10.785110473632812,203.50396728515625,88.78678131103516
2017-03-15,116.25,123.81262969970703,10.866800308227539,205.2649383544922,89.87126159667969
2017-03-16,116.7300033569336,123.72822570800781,10.857190132141113,204.86123657226562,89.41625213623047
2017-03-17,116.98999786376953,123.68504333496094,10.864398002624512,204.50144958496094,89.9775161743164
2017-03-20,117.51000213623047,123.79777526855469,10.848907470703125,204.27711486816406,90.36427307128906
2017-03-21,118.54000091552734,121.91934204101562,10.769049644470215,201.65428161621094,91.1150894165039
2017-03-22,118.83000183105469,122.74584197998047,10.778732299804688,202.12887573242188,91.4791030883789
2017-03-23,118.66999816894531,122.43586730957031,10.764209747314453,201.91317749023438,91.3501968383789
2017-03-24,118.86000061035156,122.6894760131836,10.740008354187012,201.76651000976562,91.6762924194336
2017-03-27,119.52999877929688,122.88673400878906,10.730329513549805,201.55943298339844,92.09346008300781
2017-03-28,119.04000091552734,123.63809204101562,10.785987854003906,203.02610778808594,91.4791030883789
2017-03-29,119.33000183105469,124.21101379394531,10.783568382263184,203.21592712402344,92.02515411376953
2017-03-30,118.47000122070312,124.41761016845703,10.798088073730469,203.8629913330078,91.2819595336914
2017-03-31,118.72000122070312,124.3331298828125,10.788408279418945,203.38848876953125,91.54739379882812
2017-04-03,119.3499984741211,124.25798034667969,10.756951332092285,203.0347442626953,92.47079467773438
2017-04-04,119.62000274658203,124.4552001953125,10.783568382263184,203.1641387939453,91.96920776367188
2017-04-05,119.62000274658203,123.94799041748047,10.75452995300293,202.56021118164062,92.25039672851562
2017-04-06,119.18000030517578,124.01374816894531,10.759369850158691,203.12965393066406,92.11358642578125
2017-04-07,119.45999908447266,123.94799041748047,10.764209747314453,202.9225616455078,91.7411880493164
2017-04-10,119.45999908447266,123.99497985839844,10.764209747314453,203.04336547851562,92.16680145263672
2017-04-11,121.19000244140625,123.45965576171875,10.76662826538086,202.80181884765625,93.04081726074219
2017-04-12,122.0199966430664,122.96184539794922,10.735167503356934,201.91317749023438,93.55004119873047
2017-04-13,122.5999984741211,122.47344207763672,10.669827461242676,200.60177612304688,93.83882904052734
2017-04-17,122.23999786376953,123.48780822753906,10.740008354187012,202.37904357910156,93.55004119873047
2017-04-18,122.81999969482422,123.29996490478516,10.737586975097656,201.7750244140625,94.77367401123047
2017-04-19,121.7300033569336,123.49722290039062,10.6940279006958,201.4040985107422,94.25680541992188
2017-04-20,121.95999908447266,124.53031921386719,10.747267723083496,203.04336547851562,93.89199829101562
2017-04-21,122.30999755859375,124.50218200683594,10.730329513549805,202.39633178710938,93.89199829101562
2017-04-24,121.4800033569336,126.00496673583984,10.824708938598633,204.6222686767578,93.42845916748047
2017-04-25,120.25,126.91593170166016,10.882787704467773,205.8128662109375,92.30357360839844
2017-04-26,120.83999633789062,126.73750305175781,10.858589172363281,205.6834259033203,92.81283569335938
2017-04-27,120.38999938964844,127.49825286865234,10.865849494934082,205.85601806640625,92.78243255615234
2017-04-28,120.7699966430664,127.72366333007812,10.815031051635742,205.40731811523438,92.98760986328125
2017-05-01,119.66999816894531,128.86009216308594,10.798088073730469,205.92501831054688,92.21460723876953
2017-05-02,119.6500015258789,129.076171875,10.80293083190918,206.00265502929688,92.686767578125
2017-05-03,117.9800033569336,128.66290283203125,10.81019115447998,205.75245666503906,92.74773406982422
2017-05-04,116.79000091552734,128.70985412597656,10.819869041442871,205.99400329589844,92.29074096679688
2017-05-05,117.01000213623047,129.179443359375,10.858589172363281,206.80502319335938,92.3745346069336
2017-05-08,116.75,129.46121215820312,10.846487045288086,206.77047729492188,91.87187957763672
2017-05-09,116.05000305175781,129.91207885742188,10.836809158325195,206.5807342529297,91.86427307128906
2017-05-10,116.04000091552734,129.98716735839844,10.844069480895996,206.9517059326172,91.75762939453125
2017-05-11,116.5,129.8838348388672,10.798088073730469,206.52894592285156,91.75762939453125
2017-05-12,116.83000183105469,130.17501831054688,10.778732299804688,206.1837921142578,92.45069122314453
2017-05-15,117.13999938964844,130.58824157714844,10.836809158325195,207.32269287109375,92.19935607910156
2017-05-16,117.6500015258789,131.13308715820312,10.846487045288086,207.1328582763672,92.54208374023438
2017-05-17,119.79000091552734,127.79881286621094,10.71338939666748,203.45745849609375,93.89012908935547
2017-05-18,118.80999755859375,128.91644287109375,10.72548770904541,204.27711486816406,93.99674224853516
2017-05-19,119.4000015258789,129.46121215820312,10.807770729064941,205.60580444335938,94.2176513671875
2017-05-22,119.9000015258789,130.5507049560547,10.863429069519043,206.64971923828125,93.95863342285156
2017-05-23,119.13999938964844,130.68218994140625,10.856169700622559,207.1070098876953,93.32652282714844
2017-05-24,119.61000061035156,131.28330993652344,10.877952575683594,207.59011840820312,93.85202026367188
2017-05-25,119.4800033569336,132.4009552001953,10.950550079345703,208.5823516845703,93.88246154785156
2017-05-26,120.54000091552734,132.63575744628906,10.945712089538574,208.53919982910156,94.04244995117188
2017-05-30,120.13999938964844,132.7484588623047,10.972328186035156,208.35801696777344,94.50701141357422
2017-05-31,120.62000274658203,132.7014923095703,11.003787994384766,208.30625915527344,94.74308776855469
2017-06-01,120.72000122070312,133.21810913085938,11.059450149536133,209.9627685546875,94.75301361083984
2017-06-02,121.61000061035156,134.7395782470703,11.078812599182129,210.6615753173828,95.87492370605469
2017-06-05,121.7300033569336,134.71141052246094,11.08365249633789,210.5062713623047,95.27965545654297
2017-06-06,123.0999984741211,134.17604064941406,11.052192687988281,209.83334350585938,95.7986068725586
2017-06-07,122.44999694824219,134.7020263671875,11.042512893676758,210.2215576171875,95.34069061279297
2017-06-08,121.6500015258789,134.84292602539062,11.035250663757324,210.32513427734375,95.08882904052734
2017-06-09,120.54000091552734,131.4711456298828,11.059450149536133,210.0059051513672,94.94383239746094
2017-06-12,120.36000061035156,130.76673889160156,11.078812599182129,209.9627685546875,94.91332244873047
2017-06-13,120.4800033569336,131.8280487060547,11.112689971923828,210.9894256591797,94.92857360839844
2017-06-14,119.81999969482422,131.25511169433594,11.127211570739746,210.7219696044922,96.39392852783203
2017-06-15,119.31999969482422,130.67282104492188,11.124791145324707,210.3165283203125,96.24129486083984
2017-06-16,119.33999633789062,130.1058349609375,11.144148826599121,210.36241149902344,96.43206787109375
2017-06-19,118.43000030517578,132.2813720703125,11.205331802368164,212.1137237548828,96.29475402832031
2017-06-20,118.18000030517578,131.24537658691406,11.144392967224121,210.68324279785156,97.15715789794922
2017-06-21,118.5199966430664,132.5450897216797,11.100521087646484,210.63119506835938,97.3555679321289
2017-06-22,118.91999816894531,132.50735473632812,11.088332176208496,210.5358123779297,97.56928253173828
2017-06-23,119.43000030517578,133.0159454345703,11.110269546508789,210.78724670410156,97.52350616455078
2017-06-26,118.36000061035156,132.3944091796875,11.100521087646484,210.92596435546875,97.88982391357422
2017-06-27,118.80999755859375,129.9927978515625,11.024955749511719,209.22671508789062,96.84423828125
2017-06-28,118.9000015258789,131.866943359375,11.07370662689209,211.09938049316406,96.52369689941406
2017-06-29,118.31999969482422,129.57843017578125,10.95914363861084,209.24404907226562,95.71466064453125
2017-06-30,118.0199966430664,129.6255340576172,10.993267059326172,209.6341552734375,95.49336242675781
2017-07-03,116.08999633789062,128.25999450683594,11.020079612731934,209.98963928222656,95.18590545654297
2017-07-05,116.5199966430664,129.52191162109375,11.027393341064453,210.47512817382812,95.20884704589844
2017-07-06,116.47000122070312,128.3541259765625,10.944517135620117,208.55050659179688,94.42112731933594
2017-07-07,115.27999877929688,129.73858642578125,10.993267059326172,209.9029541015625,93.85514068603516
2017-07-10,115.47000122070312,130.58616638183594,10.968893051147461,210.12835693359375,93.99284362792969
2017-07-11,115.62000274658203,130.9534454345703,10.95914363861084,209.97230529785156,94.15345001220703
2017-07-12,116.02999877929688,132.50735473632812,11.032269477844238,211.55018615722656,94.80350494384766
2017-07-13,115.81999969482422,132.79925537109375,11.042016983032227,211.90565490722656,94.20693969726562
2017-07-14,116.7699966430664,133.8447265625,11.105395317077637,212.89398193359375,94.32168579101562
2017-07-17,117.29000091552734,133.91064453125,11.100521087646484,212.86801147460938,94.58167266845703
2017-07-18,118.11000061035156,134.8053436279297,11.083456993103027,212.98072814941406,95.40766906738281
2017-07-19,118.08000183105469,135.5963592529297,11.120020866394043,214.13375854492188,95.44591522216797
2017-07-20,118.23999786376953,135.7753143310547,11.120020866394043,214.2291717529297,95.72124481201172
2017-07-21,119.26000213623047,135.71884155273438,11.105395317077637,214.0384063720703,96.1266098022461
2017-07-24,119.30999755859375,136.34043884277344,11.037141799926758,213.98638916015625,95.7518310546875
2017-07-25,118.91999816894531,135.99197387695312,11.095643043518066,214.50656127929688,94.5052261352539
2017-07-26,119.87999725341797,136.43455505371094,11.115144729614258,214.5152130126953,94.65817260742188
2017-07-27,119.79000091552734,135.57760620117188,11.205331802368164,214.3158721923828,94.191650390625
2017-07-28,120.69000244140625,135.4645538330078,11.151710510253906,214.0644073486328,94.7499771118164
2017-07-31,120.75,134.8900146484375,11.176082611083984,213.94302368164062,94.86466217041016
2017-08-01,120.6500015258789,135.20086669921875,11.183394432067871,214.4198760986328,95.53071594238281
2017-08-02,120.4000015258789,135.56820678710938,11.17364501953125,214.52392578125,95.58441162109375
2017-08-03,120.58999633789062,135.04067993164062,11.193145751953125,214.10775756835938,96.57315063476562
2017-08-04,119.6500015258789,135.28562927246094,11.207772254943848,214.49794006347656,95.75299072265625
2017-08-07,119.51000213623047,136.1426239013672,11.22727108001709,214.89669799804688,95.86029815673828
2017-08-08,119.86000061035156,135.90719604492188,11.200458526611328,214.36782836914062,95.5154037475586
2017-08-09,121.30999755859375,135.72821044921875,11.205331802368164,214.35919189453125,96.03656768798828
2017-08-10,122.20999908447266,132.8181610107422,11.129768371582031,211.3334503173828,96.85673522949219
2017-08-11,122.79000091552734,133.82586669921875,11.124897003173828,211.64552307128906,96.90269470214844
2017-08-14,121.91999816894531,135.54933166503906,11.207772254943848,213.74359130859375,96.40447235107422
2017-08-15,120.9800033569336,135.64346313476562,11.207772254943848,213.71762084960938,95.99826049804688
2017-08-16,121.87000274658203,135.87893676757812,11.234583854675293,214.09043884277344,96.35084533691406
2017-08-17,122.48999786376953,133.10067749023438,11.078580856323242,210.75257873535156,97.07129669189453
2017-08-18,122.30000305175781,133.00653076171875,11.039581298828125,210.42311096191406,97.04830932617188
2017-08-21,122.76000213623047,132.8369903564453,11.076144218444824,210.58790588378906,97.28591918945312
2017-08-22,122.20999908447266,134.86181640625,11.139520645141602,212.7899932861328,96.91032409667969
2017-08-23,122.66999816894531,134.3815460205078,11.100521087646484,212.02699279785156,97.56948852539062
2017-08-24,122.29000091552734,133.98593139648438,11.083456993103027,211.5328369140625,97.20926666259766
2017-08-25,122.73999786376953,133.7034149169922,11.115144729614258,212.02699279785156,97.58480072021484
2017-08-28,124.69000244140625,134.11785888671875,11.102959632873535,212.03565979003906,97.52354431152344
2017-08-29,124.41999816894531,134.64520263671875,11.115144729614258,212.27847290039062,97.83777618408203
2017-08-30,124.36000061035156,136.22740173339844,11.137081146240234,213.2841339111328,97.80713653564453
2017-08-31,125.81999969482422,137.68710327148438,11.17364501953125,214.5672607421875,98.09835815429688
2017-09-01,126.05999755859375,137.49879455566406,11.190709114074707,214.87074279785156,97.34799194335938
2017-09-05,127.45999908447266,136.26502990722656,11.141959190368652,213.32748413085938,98.89173889160156
2017-09-06,126.80999755859375,136.67942810058594,11.190709114074707,214.0557861328125,98.28501892089844
2017-09-07,128.1300048828125,136.9996337890625,11.207772254943848,214.02975463867188,99.29109191894531
2017-09-08,127.97000122070312,135.81297302246094,11.190709114074707,213.77830505371094,99.0760498046875
2017-09-11,126.19000244140625,137.3762969970703,11.285772323608398,216.05848693847656,97.8932876586914
2017-09-12,126.55999755859375,137.7059783935547,11.339395523071289,216.7866973876953,97.37871551513672
2017-09-13,125.61000061035156,137.8943328857422,11.36376953125,216.8907928466797,96.99471282958984
2017-09-14,126.16000366210938,137.08438110351562,11.397897720336914,216.82139587402344,97.39401245117188
2017-09-15,125.52999877929688,137.55528259277344,11.441774368286133,217.11325073242188,97.43247985839844
2017-09-18,124.36000061035156,137.3750457763672,11.46731185913086,217.5750732421875,96.87181854248047
2017-09-19,124.62000274658203,137.61097717285156,11.479586601257324,217.79287719726562,96.63375854492188
2017-09-20,123.62000274658203,137.186279296875,11.482044219970703,217.8712615966797,96.7028579711914
2017-09-21,122.68000030517578,136.3462371826172,11.437843322753906,217.28758239746094,96.64908599853516
2017-09-22,123.23999786376953,136.21405029296875,11.459942817687988,217.33106994628906,96.925537109375
2017-09-25,124.52999877929688,134.7794952392578,11.472221374511719,216.8867645263672,97.53231048583984
2017-09-26,123.13999938964844,135.1287384033203,11.457489967346191,217.0174102783203,97.35568237304688
2017-09-27,121.9800033569336,136.3462371826172,11.455034255981445,217.862548828125,95.88873291015625
2017-09-28,122.20999908447266,136.29905700683594,11.48449993133545,218.1239471435547,95.60457611083984
2017-09-29,121.58000183105469,137.28065490722656,11.491867065429688,218.89068603515625,95.81964874267578
2017-10-02,120.7699966430664,137.40335083007812,11.54097843170166,219.8403778076172,95.64414978027344
2017-10-03,120.83000183105469,137.6958770751953,11.577807426452637,220.31085205078125,95.73646545410156
2017-10-04,121.16999816894531,137.82806396484375,11.607275009155273,220.572265625,95.74420928955078
2017-10-05,120.5199966430664,139.1776885986328,11.65638542175293,221.8791961669922,95.38248443603516
2017-10-06,121.08999633789062,139.3665008544922,11.63919734954834,221.62648010253906,95.11310577392578
2017-10-09,122.08000183105469,139.2060546875,11.65638542175293,221.26055908203125,95.41324615478516
2017-10-10,122.4000015258789,139.3098907470703,11.722684860229492,221.8443145751953,95.56717681884766
2017-10-11,122.79000091552734,139.7251739501953,11.749698638916016,222.1928253173828,95.75186920166016
2017-10-12,122.88999938964844,139.4702911376953,11.764429092407227,221.8616943359375,96.15978240966797
2017-10-13,123.81999969482422,140.00830078125,11.788984298706055,222.13180541992188,96.85240173339844
2017-10-16,122.97000122070312,140.4896697998047,11.788984298706055,222.4280548095703,96.78311920166016
2017-10-17,122.12999725341797,140.66903686523438,11.793898582458496,222.58489990234375,96.90629577636719
2017-10-18,121.66999816894531,140.4990692138672,11.833183288574219,222.80274963378906,96.26750183105469
2017-10-19,122.38999938964844,139.98001098632812,11.860194206237793,222.8636932373047,96.43680572509766
2017-10-20,121.61000061035156,140.3575439453125,11.899482727050781,224.01382446289062,95.41324615478516
2017-10-23,121.80000305175781,139.4420166015625,11.909308433532715,223.14251708984375,95.58256530761719
2017-10-24,121.33000183105469,139.67800903320312,11.924038887023926,223.53456115722656,94.99002075195312
2017-10-25,121.3499984741211,139.14942932128906,11.867562294006348,222.4280548095703,94.53596496582031
2017-10-26,120.33000183105469,138.705810546875,11.906850814819336,222.71554565429688,94.22045135498047
2017-10-27,120.9000015258789,142.74542236328125,11.985424995422363,224.53656005859375,94.84378051757812
2017-10-30,121.12999725341797,143.06631469726562,11.901939392089844,223.70018005371094,95.75186920166016
2017-10-31,120.66999816894531,143.6043243408203,11.906850814819336,224.0486297607422,95.78265380859375
2017-11-01,121.11000061035156,143.5570831298828,11.951050758361816,224.3448028564453,96.20915222167969
2017-11-02,121.19000244140625,143.283447265625,11.96087646484375,224.43197631835938,96.63333129882812
2017-11-03,120.62000274658203,144.66140747070312,11.975605964660645,225.18133544921875,96.89556121826172
2017-11-06,121.6500015258789,145.15211486816406,11.938774108886719,225.52975463867188,97.25800323486328
2017-11-07,121.20999908447266,145.2371368408203,11.968239784240723,225.37298583984375,97.666748046875
2017-11-08,121.62999725341797,145.8223419189453,12.005073547363281,225.75633239746094,97.4508285522461
2017-11-09,122.12999725341797,145.0578155517578,11.951050758361816,224.9373321533203,97.17317962646484
2017-11-10,121.12999725341797,145.04835510253906,11.953506469726562,224.8676300048828,95.70785522460938
2017-11-13,121.30999755859375,145.22776794433594,12.000164985656738,225.0767059326172,95.90838623046875
2017-11-14,121.55999755859375,144.69912719726562,12.014891624450684,224.55397033691406,96.55619049072266
2017-11-15,121.41000366210938,144.01963806152344,11.924038887023926,223.4300079345703,97.60504150390625
2017-11-16,121.4000015258789,145.8600311279297,12.04436206817627,225.32936096191406,96.75669860839844
2017-11-17,122.86000061035156,145.30319213867188,12.000164985656738,224.6671905517578,97.4739761352539
2017-11-20,121.30999755859375,145.18994140625,12.039445877075195,225.05055236816406,97.43537139892578
2017-11-21,121.51000213623047,146.7661895751953,12.108203887939453,226.52305603027344,97.74388122558594
2017-11-22,122.62999725341797,146.9454345703125,12.081189155578613,226.3226776123047,98.0600814819336
2017-11-24,122.31999969482422,147.4834442138672,12.103293418884277,226.8455047607422,97.79011535644531
2017-11-27,122.83000183105469,147.4173583984375,12.115571022033691,226.73216247558594,97.65132904052734
2017-11-28,122.80999755859375,147.79493713378906,12.243258476257324,229.0323028564453,97.78242492675781
2017-11-29,122.04000091552734,145.21824645996094,12.292367935180664,228.89292907714844,96.81839752197266
2017-11-30,121.0999984741211,146.43582153320312,12.4077787399292,230.8968505859375,96.4945297241211
2017-12-01,121.58999633789062,145.81292724609375,12.388134002685547,230.41766357421875,97.79666900634766
2017-12-04,121.18000030517578,144.13290405273438,12.43724250793457,230.13882446289062,97.84303283691406
2017-12-05,120.31999969482422,144.2272186279297,12.383224487304688,229.31114196777344,98.32984924316406
2017-12-06,120.06999969482422,144.8784942626953,12.393047332763672,229.35472106933594,98.6698989868164
2017-12-07,118.48999786376953,145.36929321289062,12.38568115234375,230.07785034179688,97.89714050292969
2017-12-08,118.4800033569336,146.01107788085938,12.429879188537598,231.33253479003906,97.90483856201172
2017-12-11,118.01000213623047,147.14370727539062,12.46670913696289,232.0295867919922,97.70388793945312
2017-12-12,118.1500015258789,146.9454345703125,12.48144245147705,232.4390411376953,97.665283203125
2017-12-13,119.16999816894531,147.2285919189453,12.520733833312988,232.412841796875,98.39942169189453
2017-12-14,118.93000030517578,147.12484741210938,12.46916675567627,231.46319580078125,98.8167495727539
2017-12-15,119.18000030517578,148.7953643798828,12.562477111816406,233.39064025878906,99.18762969970703
2017-12-18,119.7300033569336,150.04287719726562,12.650239944458008,234.87071228027344,98.28348541259766
2017-12-19,119.81999969482422,149.1538848876953,12.657655715942383,233.9686737060547,97.0084457397461
2017-12-20,120.13999938964844,148.99305725097656,12.657655715942383,233.84605407714844,95.93423461914062
2017-12-21,120.30999755859375,149.01197814941406,12.635403633117676,234.32765197753906,96.49335479736328
2017-12-22,120.94000244140625,148.8417205810547,12.650239944458008,234.26641845703125,96.62503051757812
2017-12-26,121.7699966430664,148.037841796875,12.657655715942383,233.9862060546875,96.91153717041016
2017-12-27,122.2300033569336,148.05670166015625,12.674962043762207,234.10006713867188,98.17385864257812
2017-12-28,122.8499984741211,148.2364044189453,12.682378768920898,234.5816650390625,98.08865356445312
2017-12-29,123.6500015258789,147.3189697265625,12.650239944458008,233.69717407226562,98.24353790283203
2018-01-02,125.1500015258789,149.90109252929688,12.689794540405273,235.36984252929688,97.18260192871094
2018-01-03,124.81999969482422,151.35757446289062,12.726875305175781,236.85855102539062,97.64726257324219
2018-01-04,125.45999908447266,151.62242126464844,12.788683891296387,237.8568878173828,97.63176727294922
2018-01-05,125.33000183105469,153.1451416015625,12.867792129516602,239.4420166015625,97.3530044555664
2018-01-08,125.30999755859375,153.74102783203125,12.894989967346191,239.8798370361328,97.29103088378906
2018-01-09,124.7300033569336,153.75048828125,12.897461891174316,240.4228057861328,95.98998260498047
2018-01-10,125.02999877929688,153.3910675048828,12.86037826538086,240.05499267578125,95.87381744384766
2018-01-11,125.44000244140625,154.44093322753906,12.951847076416016,241.80645751953125,96.2687759399414
2018-01-12,126.95999908447266,155.57589721679688,13.02601432800293,243.3827362060547,96.43143463134766
2018-01-16,127.16999816894531,155.13137817382812,13.003764152526855,242.5507354736328,96.83411407470703
2018-01-17,126.13999938964844,156.80543518066406,13.199067115783691,244.86273193359375,96.70246887207031
2018-01-18,125.86000061035156,156.8337860107422,13.16198444366455,244.45115661621094,95.80413818359375
2018-01-19,126.41999816894531,157.3256072998047,13.204012870788574,245.56333923339844,95.30076599121094
2018-01-22,126.6500015258789,159.00917053222656,13.31031322479248,247.5600128173828,95.3936767578125
2018-01-23,127.27999877929688,160.32386779785156,13.278175354003906,248.08546447753906,95.80413818359375
2018-01-24,128.8300018310547,159.28347778320312,13.246038436889648,247.98912048339844,95.2852783203125
2018-01-25,127.97000122070312,159.22671508789062,13.268288612365723,248.09410095214844,96.06742095947266
2018-01-26,128.07000732421875,161.66685485839844,13.493253707885742,250.9665069580078,95.71118927001953
2018-01-29,127.3499984741211,160.88189697265625,13.396842956542969,249.3026885986328,95.04521942138672
2018-01-30,126.80000305175781,159.55775451660156,13.226261138916016,246.7455291748047,94.48759460449219
2018-01-31,127.6500015258789,160.21978759765625,13.226261138916016,246.86813354492188,95.04521942138672
2018-02-01,128.07000732421875,158.8578643798828,13.184234619140625,246.5879364013672,93.66770935058594
2018-02-02,126.38999938964844,155.68936157226562,12.897461891174316,241.21971130371094,92.7985610961914
2018-02-05,126.70999908447266,149.55111694335938,12.336268424987793,231.1312713623047,93.67546844482422
2018-02-06,125.37999725341797,153.51405334472656,12.543937683105469,235.68502807617188,93.09341430664062
2018-02-07,124.79000091552734,151.52783203125,12.516738891601562,234.40658569335938,92.20880126953125
2018-02-08,124.9800033569336,145.1342010498047,12.0593843460083,225.61419677734375,92.10787963867188
2018-02-09,124.7699966430664,147.6405487060547,12.222549438476562,229.00328063964844,91.5258560180664
2018-02-12,125.37000274658203,150.2604217529297,12.390658378601074,232.36607360839844,91.92941284179688
2018-02-13,126.08000183105469,151.0360107421875,12.400548934936523,232.94406127929688,92.34073638916016
2018-02-14,128.22999572753906,153.864013671875,12.472240447998047,236.08790588378906,91.31632232666016
2018-02-15,128.3800048828125,156.72032165527344,12.618096351623535,239.10037231445312,91.6267318725586
2018-02-16,127.95999908447266,156.02040100097656,12.632933616638184,239.17051696777344,92.12342834472656
2018-02-20,126.23999786376953,156.33253479003906,12.484602928161621,237.6729736328125,91.7198715209961
2018-02-21,125.66000366210938,155.8880615234375,12.373351097106934,236.49078369140625,90.59461212158203
2018-02-22,126.30000305175781,155.8690643310547,12.422794342041016,236.79730224609375,90.86621856689453
2018-02-23,126.13999938964844,159.05645751953125,12.60079288482666,240.5716094970703,91.6733169555664
2018-02-26,126.44999694824219,161.16558837890625,12.773853302001953,243.36524963378906,91.70435333251953
2018-02-27,125.12999725341797,159.169921875,12.642827033996582,240.3264617919922,91.57245635986328
2018-02-28,125.0,158.14845275878906,12.48213005065918,237.89198303222656,92.15443420410156
2018-03-01,124.72000122070312,155.56642150878906,12.328852653503418,234.43280029296875,92.78351593017578
2018-03-02,125.38999938964844,156.99459838867188,12.365935325622559,235.64132690429688,92.02926635742188
2018-03-05,125.18000030517578,158.73486328125,12.494489669799805,238.3648223876953,91.78038787841797
2018-03-06,126.52999877929688,159.4063720703125,12.504379272460938,238.96905517578125,91.86598205566406
2018-03-07,125.72000122070312,159.7752685546875,12.47718620300293,238.8814697265625,91.76488494873047
2018-03-08,125.41999816894531,160.6548614501953,12.529099464416504,240.0375213623047,92.29363250732422
2018-03-09,125.54000091552734,163.77601623535156,12.707099914550781,244.21466064453125,91.68710327148438
2018-03-12,125.54000091552734,164.64617919921875,12.635403633117676,243.9080810546875,92.21590423583984
2018-03-13,125.77999877929688,162.40463256835938,12.585962295532227,242.3319091796875,92.68248748779297
2018-03-14,125.69999694824219,162.376220703125,12.469771385192871,241.08831787109375,93.49890899658203
2018-03-15,124.9000015258789,162.23435974121094,12.474714279174805,240.82559204101562,93.49890899658203
2018-03-16,124.5999984741211,161.75201416015625,12.522427558898926,241.08680725097656,93.1645278930664
2018-03-19,124.87000274658203,158.30084228515625,12.368350982666016,237.82481384277344,92.86907196044922
2018-03-20,124.30999755859375,158.8218994140625,12.370834350585938,238.22927856445312,92.49578094482422
2018-03-21,126.4800033569336,158.13034057617188,12.326102256774902,237.77206420898438,92.59687042236328
2018-03-22,125.9800033569336,154.22727966308594,12.057711601257324,231.82846069335938,93.51449584960938
2018-03-23,127.61000061035156,150.16314697265625,11.824112892150879,226.88706970214844,93.44450378417969
2018-03-26,128.27999877929688,155.7429962158203,12.112385749816895,233.09445190429688,93.0867919921875
2018-03-27,127.48999786376953,150.70318603515625,11.990615844726562,229.12916564941406,94.08209991455078
2018-03-28,125.7300033569336,148.96954345703125,12.03286075592041,228.4521026611328,94.33091735839844
2018-03-29,125.79000091552734,151.69784545898438,12.184453964233398,231.37123107910156,94.78972625732422
2018-04-02,127.26000213623047,147.3211212158203,11.896181106567383,226.3771209716797,94.97676086425781
2018-04-03,126.30000305175781,148.97898864746094,12.060196876525879,229.278564453125,94.24427032470703
2018-04-04,126.44999694824219,151.32839965820312,12.201848983764648,231.7316131591797,94.0494384765625
2018-04-05,125.80000305175781,152.1904754638672,12.263975143432617,233.5605010986328,93.34809875488281
2018-04-06,126.38999938964844,148.38217163085938,12.017950057983398,228.35540771484375,94.36893463134766
2018-04-09,126.81999969482422,149.4242706298828,12.020434379577637,229.48086547851562,94.52478790283203
2018-04-10,127.12000274658203,152.7210235595703,12.199365615844727,233.12965393066406,94.35338592529297
2018-04-11,128.11000061035156,151.8399658203125,12.159599304199219,231.90756225585938,94.68846893310547
2018-04-12,126.62000274658203,153.66839599609375,12.22669792175293,233.8154754638672,93.99490356445312
2018-04-13,127.44999694824219,152.87257385253906,12.211788177490234,233.12965393066406,94.21306610107422
2018-04-16,127.62999725341797,154.0377960205078,12.336043357849121,235.04635620117188,94.24427032470703
2018-04-17,127.75,157.35348510742188,12.41059684753418,237.5609893798828,94.50141143798828
2018-04-18,127.8499984741211,157.6755828857422,12.368350982666016,237.7368621826172,93.74553680419922
2018-04-19,127.5999984741211,156.2261505126953,12.209304809570312,236.4180450439453,92.98184967041016
2018-04-20,126.62999725341797,153.75360107421875,12.090020179748535,234.41331481933594,92.31165313720703
2018-04-23,125.62000274658203,153.365234375,12.097476959228516,234.37818908691406,92.33509063720703
2018-04-24,126.2300033569336,150.11582946777344,11.98067569732666,231.2217254638672,91.91425323486328
2018-04-25,125.41000366210938,150.2958221435547,12.042803764343262,231.79319763183594,91.29865264892578
2018-04-26,124.97000122070312,153.4599151611328,12.142208099365234,234.1495819091797,91.93760681152344
2018-04-27,125.5,153.55467224121094,12.162088394165039,234.36940002441406,92.64675903320312
2018-04-30,124.58999633789062,152.46519470214844,12.047773361206055,232.56695556640625,92.8104248046875
2018-05-01,123.70999908447266,154.2083282470703,11.983159065246582,232.98019409179688,92.47612762451172
2018-05-02,123.6500015258789,153.29885864257812,11.861390113830566,231.4151611328125,92.37462615966797
2018-05-03,124.27999877929688,153.2799835205078,11.831568717956543,230.90521240234375,92.78856658935547
2018-05-04,124.54000091552734,156.18826293945312,11.988129615783691,233.8946075439453,92.9291000366211
2018-05-07,124.56999969482422,157.48619079589844,11.97321891784668,234.6859588623047,92.78072357177734
2018-05-08,124.58999633789062,157.32508850097656,11.97321891784668,234.6859588623047,92.69483947753906
2018-05-09,124.33000183105469,159.03982543945312,12.052742958068848,236.95433044433594,92.14031219482422
2018-05-10,125.18000030517578,160.68814086914062,12.17451286315918,239.17001342773438,92.88230895996094
2018-05-11,125.0,160.53656005859375,12.22669792175293,239.89979553222656,93.1165771484375
2018-05-14,124.48999786376953,160.81129455566406,12.276402473449707,240.01409912109375,92.62451934814453
2018-05-15,122.4800033569336,159.0302734375,12.201848983764648,238.3611297607422,91.57020568847656
2018-05-16,122.29000091552734,160.08184814453125,12.288827896118164,239.3634796142578,91.21878051757812
2018-05-17,122.36000061035156,159.46603393554688,12.31119441986084,239.1611785888672,90.75800323486328
2018-05-18,122.41000366210938,158.641845703125,12.273920059204102,238.56333923339844,91.53899383544922
2018-05-21,122.4800033569336,159.53237915039062,12.38823127746582,240.35699462890625,91.58584594726562
2018-05-22,122.41000366210938,159.323974609375,12.326102256774902,239.68875122070312,91.44525909423828
2018-05-23,122.54000091552734,160.66921997070312,12.35095500946045,240.34814453125,92.10908508300781
2018-05-24,123.58999633789062,160.62184143066406,12.336043357849121,239.85577392578125,92.84321594238281
2018-05-25,123.20999908447266,160.7828826904297,12.326102256774902,239.28440856933594,93.4211196899414
2018-05-29,123.19000244140625,160.07240295410156,12.231670379638672,236.5323028564453,95.4673080444336
2018-05-30,123.37000274658203,161.21861267089844,12.405624389648438,239.68875122070312,94.82691192626953
2018-05-31,123.0999984741211,161.11444091796875,12.263975143432617,238.22047424316406,94.67073059082031
2018-06-01,122.48999786376953,163.6438446044922,12.380776405334473,240.55917358398438,94.1705093383789
2018-06-04,122.37000274658203,165.12171936035156,12.445389747619629,241.7022247314453,93.48944091796875
2018-06-05,122.8499984741211,165.63327026367188,12.475213050842285,241.87808227539062,93.70865631103516
2018-06-06,122.91999816894531,166.59957885742188,12.552245140075684,243.90029907226562,92.94933319091797
2018-06-07,122.86000061035156,165.244873046875,12.587039947509766,243.87384033203125,93.84954071044922
2018-06-08,123.01000213623047,165.25436401367188,12.644195556640625,244.59495544433594,93.56779479980469
2018-06-11,123.2300033569336,165.69956970214844,12.669047355651855,244.9202423095703,93.39551544189453
2018-06-12,122.81999969482422,166.57115173339844,12.67650032043457,245.23678588867188,93.4189682006836
2018-06-13,123.19000244140625,166.5616912841797,12.609406471252441,244.45420837402344,93.3720474243164
2018-06-14,123.37999725341797,168.24790954589844,12.609406471252441,245.06973266601562,94.1469955444336
2018-06-15,121.33999633789062,167.66050720214844,12.65413761138916,244.75711059570312,94.23311614990234
2018-06-18,121.11000061035156,167.5637969970703,12.544791221618652,244.25360107421875,94.1469955444336
2018-06-19,120.80000305175781,167.08905029296875,12.512486457824707,243.3174285888672,94.69493103027344
2018-06-20,120.26000213623047,168.27572631835938,12.510002136230469,243.73251342773438,93.86522674560547
2018-06-21,120.05000305175781,166.81373596191406,12.452842712402344,242.2046356201172,94.35836791992188
2018-06-22,120.33999633789062,166.4434814453125,12.510002136230469,242.64627075195312,94.35054016113281
2018-06-25,119.88999938964844,162.69346618652344,12.415567398071289,239.34315490722656,94.56189727783203
2018-06-26,119.26000213623047,163.35804748535156,12.387005805969238,239.87301635742188,94.69493103027344
2018-06-27,118.58000183105469,161.13645935058594,12.296809196472168,237.88592529296875,95.5873794555664
2018-06-28,118.22000122070312,162.52261352539062,12.344413757324219,239.2459716796875,95.6108627319336
2018-06-29,118.6500015258789,162.9593048095703,12.349422454833984,239.5904541015625,95.28205108642578
2018-07-02,117.45999908447266,164.0511016845703,12.32938003540039,240.1026611328125,95.20751953125
2018-07-03,118.6500015258789,162.15231323242188,12.306831359863281,239.25479125976562,95.71751403808594
2018-07-05,119.05000305175781,164.1649932861328,12.437112808227539,241.2066650390625,95.99210357666016
2018-07-06,118.86000061035156,166.7187957763672,12.489729881286621,243.24684143066406,96.3059310913086
2018-07-09,119.1500015258789,168.2188262939453,12.567400932312012,245.43711853027344,95.68611907958984
2018-07-10,118.93000030517578,168.3422393798828,12.670123100280762,246.32028198242188,95.67828369140625
2018-07-11,117.63999938964844,167.48777770996094,12.557377815246582,244.5185546875,96.04707336425781
2018-07-12,118.12999725341797,170.3739013671875,12.620014190673828,246.73533630371094,96.0391616821289
2018-07-13,117.61000061035156,170.5162811279297,12.672629356384277,246.92965698242188,96.28244018554688
2018-07-16,117.55000305175781,170.10804748535156,12.637554168701172,246.70889282226562,95.8823013305664
2018-07-17,116.27999877929688,171.14291381835938,12.67513370513916,247.70692443847656,95.70183563232422
2018-07-18,116.30999755859375,170.82009887695312,12.687663078308105,248.22805786132812,95.31736755371094
2018-07-19,115.80999755859375,169.96568298339844,12.695176124572754,247.29168701171875,95.92149353027344
2018-07-20,116.55999755859375,169.9276580810547,12.677639961242676,247.00917053222656,94.74464416503906
2018-07-23,116.0,170.4687957763672,12.670123100280762,247.46844482421875,93.57560729980469
2018-07-24,116.04000091552734,171.17129516601562,12.710208892822266,248.71371459960938,93.89728546142578
2018-07-25,116.68000030517578,173.56378173828125,12.785374641418457,250.83335876464844,93.74825286865234
2018-07-26,115.7699966430664,170.9340362548828,12.863043785095215,250.24166870117188,93.56784057617188
2018-07-27,115.83000183105469,168.6270294189453,12.802911758422852,248.5459747314453,93.72470092773438
2018-07-30,115.6500015258789,166.24411010742188,12.79539680480957,247.2476348876953,93.40306854248047
2018-07-31,115.98999786376953,167.5162353515625,12.910646438598633,248.46641540527344,93.91300964355469
2018-08-01,115.13999938964844,168.1523895263672,12.802911758422852,248.0513153076172,93.14789581298828
2018-08-02,114.5199966430664,170.4403076171875,12.863043785095215,249.40267944335938,93.28157043457031
2018-08-03,114.91999816894531,170.96250915527344,12.958250045776367,250.4712677001953,93.74553680419922
2018-08-06,114.33000183105469,171.9687957763672,12.97829532623291,251.38975524902344,93.80054473876953
2018-08-07,114.58999633789062,172.59539794921875,13.020886421203613,252.2198944091797,93.31301879882812
2018-08-08,114.91000366210938,172.80429077148438,13.010866165161133,252.114013671875,93.40740203857422
2018-08-09,114.73999786376953,172.69985961914062,12.97829532623291,251.7695770263672,94.19373321533203
2018-08-10,114.69000244140625,171.38021850585938,12.895615577697754,250.08262634277344,94.87779235839844
2018-08-13,112.95999908447266,171.19036865234375,12.840493202209473,249.1464080810547,94.68122863769531
2018-08-14,113.06999969482422,172.26309204101562,12.915658950805664,250.73626708984375,94.46891784667969
2018-08-15,111.19000244140625,170.15548706054688,12.89811897277832,248.86390686035156,95.01937866210938
2018-08-16,111.0999984741211,170.71566772460938,13.048443794250488,250.8775177001953,95.011474609375
2018-08-17,112.12999725341797,170.75360107421875,13.11860179901123,251.76065063476562,95.12943267822266
2018-08-20,112.69000244140625,170.6017608642578,13.151169776916504,252.29945373535156,95.76634979248047
2018-08-21,113.0199966430664,171.22828674316406,13.178730010986328,252.89114379882812,95.4439697265625
2018-08-22,113.2699966430664,171.89288330078125,13.133630752563477,252.7410125732422,95.82140350341797
2018-08-23,112.19999694824219,171.64605712890625,13.123612403869629,252.4054412841797,95.9708023071289
2018-08-24,114.16000366210938,173.240966796875,13.168712615966797,253.92457580566406,96.15950012207031
2018-08-27,114.58999633789062,175.0067901611328,13.236357688903809,255.92930603027344,95.6091079711914
2018-08-28,113.68000030517578,175.2631072998047,13.23886489868164,256.052978515625,95.03507995605469
2018-08-29,114.19999694824219,177.28533935546875,13.261409759521484,257.4307556152344,95.1608657836914
2018-08-30,113.63999938964844,176.9720001220703,13.191256523132324,256.3885803222656,95.3653335571289
2018-08-31,113.51000213623047,177.19984436035156,13.206289291381836,256.3973693847656,95.14517211914062
2018-09-04,112.93000030517578,176.44033813476562,13.201282501220703,255.95584106445312,94.59512329101562
2018-09-05,113.31999969482422,174.161865234375,13.301496505737305,255.26698303222656,94.34281921386719
2018-09-06,113.54000091552734,172.60488891601562,13.304006576538086,254.4985809326172,94.68963623046875
2018-09-07,113.2300033569336,171.94033813476562,13.268927574157715,254.0041046142578,93.88577270507812
2018-09-10,113.1500015258789,172.51951599121094,13.319037437438965,254.44561767578125,94.23253631591797
2018-09-11,113.22000122070312,173.8485565185547,13.298991203308105,255.28463745117188,93.51538848876953
2018-09-12,114.16999816894531,173.33590698242188,13.329061508178711,255.3465576171875,93.7360610961914
2018-09-13,113.76000213623047,175.1871795654297,13.379165649414062,256.8565979003906,93.87791442871094
2018-09-14,113.0199966430664,174.67453002929688,13.394200325012207,256.9007873535156,93.42871856689453
2018-09-17,113.61000061035156,172.15872192382812,13.384181022644043,255.54061889648438,93.42871856689453
2018-09-18,113.44000244140625,173.582763671875,13.451827049255371,256.9273681640625,92.45146179199219
2018-09-19,113.87999725341797,173.4498291015625,13.439298629760742,257.2011413574219,91.8998031616211
2018-09-20,114.2699966430664,175.36753845214844,13.539518356323242,259.285400390625,92.3253402709961
2018-09-21,113.48999786376953,174.40870666503906,13.56707763671875,259.0485534667969,92.28598022460938
2018-09-24,113.47000122070312,174.89373779296875,13.456832885742188,258.18798828125,92.04952239990234
2018-09-25,113.6500015258789,175.13153076171875,13.37031078338623,257.948486328125,91.95494842529297
2018-09-26,113.05000305175781,175.25518798828125,13.35265064239502,257.1766357421875,92.60121154785156
2018-09-27,112.05000305175781,176.73887634277344,13.347604751586914,257.8951721191406,92.66423034667969
2018-09-28,112.76000213623047,176.70079040527344,13.37031078338623,257.921875,92.41991424560547
2018-10-01,112.56999969482422,177.0622100830078,13.408148765563965,258.81793212890625,91.7414779663086
2018-10-02,113.87000274658203,176.66278076171875,13.448512077331543,258.6671142578125,92.30220794677734
2018-10-03,113.41999816894531,176.85296630859375,13.440946578979492,258.80902099609375,90.69888305664062
2018-10-04,113.4800033569336,173.45761108398438,13.375353813171387,256.7862243652344,90.0590591430664
2018-10-05,113.80000305175781,171.3367156982422,13.292106628417969,255.34898376464844,89.28498840332031
2018-10-08,112.54000091552734,170.29055786132812,13.35769271850586,255.34898376464844,88.98486328125
2018-10-09,112.5999984741211,170.84214782714844,13.309762001037598,254.976318359375,89.88529968261719
2018-10-10,112.87999725341797,163.32859802246094,12.976768493652344,246.90306091308594,89.64044189453125
2018-10-11,115.77999877929688,161.30284118652344,12.646293640136719,241.46458435058594,90.73040771484375
2018-10-12,115.2300033569336,165.7919464111328,12.739631652832031,244.81814575195312,90.41447448730469
2018-10-15,116.0,163.78514099121094,12.724499702453613,243.44300842285156,90.37500762939453
2018-10-16,115.80000305175781,168.55007934570312,12.926313400268555,248.76608276367188,90.58036041259766
2018-10-17,115.79000091552734,168.61663818359375,12.863249778747559,248.81045532226562,90.04331970214844
2018-10-18,115.91999816894531,164.70765686035156,12.724499702453613,245.21731567382812,90.01171112060547
2018-10-19,116.01000213623047,164.55555725097656,12.754770278930664,245.0842742919922,89.8142318725586
2018-10-22,115.70999908447266,165.40199279785156,12.71692943572998,243.9841766357422,89.69576263427734
2018-10-23,116.38999938964844,164.79327392578125,12.663954734802246,242.74212646484375,89.98007202148438
2018-10-24,116.66000366210938,157.25120544433594,12.373842239379883,235.38742065429688,90.65937805175781
2018-10-25,116.4000015258789,162.69143676757812,12.502500534057617,239.6103973388672,90.28020477294922
2018-10-26,116.7699966430664,158.50669860839844,12.353662490844727,235.3962860107422,90.8251724243164
2018-10-29,116.30999755859375,155.24447631835938,12.386455535888672,234.09205627441406,90.61988830566406
2018-10-30,115.80000305175781,157.80287170410156,12.631158828735352,237.56094360351562,90.1696548461914
2018-10-31,115.1500015258789,161.5121307373047,12.580704689025879,240.0983123779297,89.71151733398438
2018-11-01,116.62999725341797,163.64254760742188,12.727021217346191,242.65347290039062,89.79469299316406
2018-11-02,116.6500015258789,161.0935821533203,12.68665599822998,241.21627807617188,88.6782455444336
2018-11-05,116.37000274658203,160.69415283203125,12.830448150634766,242.54698181152344,89.02666473388672
2018-11-06,116.04000091552734,161.9115447998047,12.916221618652344,244.08175659179688,88.97119140625
2018-11-07,116.02999877929688,166.9903106689453,13.077675819396973,249.307373046875,89.0899887084961
2018-11-08,115.77999877929688,165.92506408691406,13.072627067565918,248.85482788085938,89.08206939697266
2018-11-09,114.4800033569336,163.12892150878906,12.9969482421875,246.4239501953125,89.74715423583984
2018-11-12,113.66000366210938,158.1927947998047,12.817835807800293,241.8195037841797,90.33308410644531
2018-11-13,113.69999694824219,158.32598876953125,12.807744979858398,241.36703491210938,90.27763366699219
2018-11-14,114.63999938964844,157.11810302734375,12.747200012207031,239.7168731689453,90.33308410644531
2018-11-15,114.7699966430664,159.86671447753906,12.838018417358398,242.21873474121094,90.29347229003906
2018-11-16,115.62000274658203,159.3055419921875,12.873336791992188,242.84861755371094,90.81604766845703
2018-11-19,115.66999816894531,154.1316680908203,12.764862060546875,238.74095153808594,91.06940460205078
2018-11-20,115.66999816894531,151.37359619140625,12.507543563842773,234.32278442382812,91.10112762451172
2018-11-21,115.86000061035156,152.52435302734375,12.52268123626709,235.12118530273438,91.06940460205078
2018-11-23,115.7699966430664,151.4211883544922,12.4646577835083,233.5509033203125,91.16439056396484
2018-11-26,115.63999938964844,154.92111206054688,12.598362922668457,237.32142639160156,90.95858001708984
2018-11-27,114.94999694824219,155.44422912597656,12.69170093536377,238.11985778808594,91.06149291992188
2018-11-28,115.37999725341797,160.44683837890625,12.890995025634766,243.6026611328125,90.61809539794922
2018-11-29,115.73999786376953,159.9237823486328,12.865766525268555,243.07040405273438,90.9743881225586
2018-11-30,115.54000091552734,161.08413696289062,13.004518508911133,244.55206298828125,91.31485748291016
2018-12-03,116.41000366210938,163.89927673339844,13.067586898803711,247.79014587402344,91.9632339477539
2018-12-04,117.12000274658203,157.61265563964844,12.719451904296875,239.76121520996094,93.50286102294922
2018-12-06,117.13999938964844,158.7253875732422,12.671523094177246,239.3974609375,93.79649353027344
2018-12-07,118.08999633789062,153.4849395751953,12.42177677154541,233.8347625732422,93.9710693359375
2018-12-10,117.68000030517578,155.09230041503906,12.441956520080566,234.2784423828125,94.35991668701172
2018-12-11,117.54000091552734,155.6058807373047,12.462137222290039,234.33168029785156,94.34405517578125
2018-12-12,117.79000091552734,156.97540283203125,12.473583221435547,235.51161193847656,93.92346954345703
2018-12-13,117.52999877929688,157.02296447753906,12.491387367248535,235.43177795410156,93.70121765136719
2018-12-14,117.05999755859375,153.1996612548828,12.328601837158203,231.08457946777344,94.02659606933594
2018-12-17,117.87000274658203,149.72825622558594,12.069158554077148,226.55105590820312,94.57421112060547
2018-12-18,118.1500015258789,150.66976928710938,12.05135440826416,226.3026123046875,95.14060974121094
2018-12-19,117.43000030517578,146.97010803222656,11.868215560913086,222.9136199951172,96.39752197265625
2018-12-20,119.23999786376953,144.8397216796875,11.710515975952148,219.28501892089844,96.0474624633789
2018-12-21,118.72000122070312,140.35060119628906,11.575709342956543,214.79196166992188,96.03154754638672
2018-12-24,120.0199966430664,136.87014770507812,11.250133514404297,209.11651611328125,96.50885009765625
2018-12-26,119.66000366210938,145.41619873046875,11.733410835266113,219.68209838867188,95.4747085571289
2018-12-27,120.56999969482422,145.9789276123047,11.875844955444336,221.36871337890625,95.49059295654297
2018-12-28,121.05999755859375,145.90264892578125,11.847867012023926,221.0831298828125,96.29403686523438
2018-12-31,121.25,147.13308715820312,11.94706916809082,223.0195770263672,96.6600112915039
2019-01-02,121.33000183105469,147.7244110107422,11.94706916809082,223.25155639648438,97.16909790039062
2019-01-03,122.43000030517578,142.89822387695312,11.713059425354004,217.92417907714844,98.27484130859375
2019-01-04,121.44000244140625,149.01202392578125,12.036091804504395,225.22373962402344,97.13728332519531
2019-01-07,121.86000061035156,150.78611755371094,12.117483139038086,226.99952697753906,96.85093688964844
2019-01-08,121.52999877929688,152.15005493164062,12.23194694519043,229.13218688964844,96.59635162353516
2019-01-09,122.30999755859375,153.38998413085938,12.242118835449219,230.20310974121094,96.44522857666016
2019-01-10,121.58999633789062,153.82872009277344,12.295534133911133,231.0151824951172,95.82470703125
2019-01-11,121.80000305175781,153.26597595214844,12.310795783996582,231.1043701171875,96.19862365722656
2019-01-14,122.08999633789062,151.91159057617188,12.254837036132812,229.6944122314453,95.84062194824219
2019-01-15,121.87999725341797,154.8778533935547,12.277729988098145,232.32688903808594,95.49059295654297
2019-01-16,122.2699966430664,154.84930419921875,12.234490394592285,232.88914489746094,95.58606719970703
2019-01-17,122.11000061035156,156.07015991210938,12.320969581604004,234.65594482421875,95.60991668701172
2019-01-18,121.0199966430664,157.61529541015625,12.524454116821289,237.77928161621094,95.10874938964844
2019-01-22,121.44999694824219,154.45823669433594,12.356576919555664,234.56674194335938,95.75310516357422
2019-01-23,121.27999877929688,154.65850830078125,12.4049072265625,235.05751037597656,95.7133560180664
2019-01-24,121.08999633789062,155.6599884033203,12.443060874938965,235.18246459960938,96.34178924560547
2019-01-25,122.86000061035156,157.51988220214844,12.488842964172363,237.17245483398438,95.88040161132812
2019-01-28,123.29000091552734,155.5741729736328,12.417623519897461,235.36988830566406,95.78494262695312
2019-01-29,123.9800033569336,154.10533142089844,12.43288516998291,235.05751037597656,96.27019500732422
2019-01-30,124.69000244140625,158.02542114257812,12.549890518188477,238.77867126464844,96.19862365722656
2019-01-31,124.75,160.39088439941406,12.669434547424316,240.8758087158203,97.0259017944336
2019-02-01,124.5,159.71365356445312,12.699958801269531,240.9918212890625,96.43991088867188
2019-02-04,123.95999908447266,161.69760131835938,12.773720741271973,242.68719482421875,96.00936126708984
2019-02-05,124.27999877929688,163.1282958984375,12.806790351867676,243.70452880859375,96.44784545898438
2019-02-06,123.44000244140625,162.641845703125,12.852571487426758,243.38333129882812,96.49574279785156
2019-02-07,123.73999786376953,160.45762634277344,12.7635498046875,241.0631866455078,97.13355255126953
2019-02-08,124.20999908447266,160.77236938476562,12.7635498046875,241.35765075683594,97.54813385009766
2019-02-11,123.5999984741211,160.61976623535156,12.788981437683105,241.49148559570312,97.16542053222656
2019-02-12,123.86000061035156,162.9947052001953,12.972118377685547,244.596923828125,96.91828155517578
2019-02-13,123.37000274658203,163.1092071533203,13.045883178710938,245.39109802246094,96.55152893066406
2019-02-14,124.05999755859375,163.30946350097656,13.0051851272583,244.8467559814453,97.10164642333984
2019-02-15,124.80000305175781,163.9962158203125,13.155255317687988,247.51490783691406,97.253173828125
2019-02-19,126.69999694824219,164.3204803466797,13.20612621307373,247.94332885742188,97.50028991699219
2019-02-20,126.4800033569336,164.2919158935547,13.203580856323242,248.44296264648438,97.22126007080078
2019-02-21,125.05000305175781,163.69097900390625,13.155255317687988,247.55960083007812,96.35218048095703
2019-02-22,125.5,164.90231323242188,13.249368667602539,249.09445190429688,96.9262466430664
2019-02-25,125.37000274658203,165.5032501220703,13.249368667602539,249.43356323242188,96.63924407958984
2019-02-26,125.58000183105469,165.67489624023438,13.218843460083008,249.25502014160156,97.11756134033203
2019-02-27,124.69000244140625,165.5700225830078,13.18577766418457,249.14801025390625,96.017333984375
2019-02-28,123.98999786376953,165.18844604492188,13.183235168457031,248.68386840820312,95.6904525756836
2019-03-01,121.87999725341797,166.33303833007812,13.236648559570312,250.23666381835938,94.80601501464844
2019-03-04,121.55999755859375,166.3616180419922,13.18577766418457,249.32644653320312,95.54901885986328
2019-03-05,121.72000122070312,166.48565673828125,13.155255317687988,248.98728942871094,95.74877166748047
2019-03-06,121.61000061035156,165.54135131835938,13.10438346862793,247.4792022705078,96.1003189086914
2019-03-07,121.51000213623047,163.50978088378906,13.015360832214355,245.40896606445312,96.72350311279297
2019-03-08,122.83999633789062,163.2617645263672,12.977205276489258,244.9181365966797,97.13101196289062
2019-03-11,122.23999786376953,166.65731811523438,13.160343170166016,248.46983337402344,96.84336853027344
2019-03-12,122.9800033569336,167.572998046875,13.17814826965332,249.4067840576172,97.52250671386719
2019-03-13,123.83999633789062,168.8319854736328,13.262083053588867,251.05764770507812,97.33875274658203
2019-03-14,122.41000366210938,168.54586791992188,13.223931312561035,250.89703369140625,96.63558959960938
2019-03-15,122.97000122070312,170.11007690429688,13.295151710510254,252.13665771484375,97.27483367919922
2019-03-18,123.04000091552734,170.51522827148438,13.361281394958496,253.05076599121094,97.2188949584961
2019-03-19,123.37999725341797,171.0885467529297,13.346019744873047,253.11354064941406,97.003173828125
2019-03-20,124.18000030517578,171.7669677734375,13.26202392578125,252.35171508789062,98.01789093017578
2019-03-21,123.68000030517578,174.45201110839844,13.407991409301758,255.20196533203125,98.23358917236328
2019-03-22,123.97000122070312,170.62030029296875,13.215934753417969,250.29019165039062,99.75959777832031
2019-03-25,124.91999816894531,170.29544067382812,13.18776798248291,250.10195922851562,99.91940307617188
2019-03-26,124.30000305175781,171.0885467529297,13.338851928710938,251.9663543701172,99.8475341796875
2019-03-27,123.6500015258789,169.98968505859375,13.287635803222656,250.64871215820312,100.76634979248047
2019-03-28,121.9000015258789,170.38140869140625,13.315805435180664,251.59877014160156,101.11788940429688
2019-03-29,122.01000213623047,171.67141723632812,13.387504577636719,253.1852569580078,101.02197265625
2019-04-01,121.52999877929688,173.94557189941406,13.541150093078613,256.1878662109375,99.58709716796875
2019-04-02,121.9800033569336,174.60488891601562,13.500176429748535,256.3133239746094,99.77123260498047
2019-04-03,121.80000305175781,175.60818481445312,13.523221969604492,256.7167053222656,98.90644836425781
2019-04-04,122.11000061035156,175.54135131835938,13.597485542297363,257.3978271484375,99.18667602539062
2019-04-05,121.9800033569336,176.4490966796875,13.648700714111328,258.6436462402344,99.31486511230469
2019-04-08,122.51000213623047,176.89820861816406,13.69735336303711,258.8408203125,98.96253204345703
2019-04-09,123.1500015258789,176.27713012695312,13.579556465148926,257.5143127441406,99.2748031616211
2019-04-10,123.52999877929688,177.22305297851562,13.597485542297363,258.3927307128906,99.51498413085938
2019-04-11,121.94999694824219,176.8026123046875,13.638453483581543,258.321044921875,98.93050384521484
2019-04-12,121.83000183105469,177.56707763671875,13.725519180297852,260.0688171386719,98.22584533691406
2019-04-15,121.5999984741211,177.59576416015625,13.738323211669922,259.8984680175781,98.47407531738281
2019-04-16,120.51000213623047,178.20724487304688,13.845873832702637,260.0688171386719,97.8575210571289
2019-04-17,120.27999877929688,178.82835388183594,13.88428783416748,259.4324035644531,97.89754486083984
2019-04-18,120.37000274658203,179.05770874023438,13.88172435760498,259.9432067871094,98.41001892089844
2019-04-22,120.37000274658203,179.5641326904297,13.886845588684082,260.1673583984375,97.93757629394531
2019-04-23,120.12000274658203,181.84786987304688,13.981595993041992,262.5067138671875,98.14576721191406
2019-04-24,120.47000122070312,181.2745361328125,13.968791007995605,261.92425537109375,98.94647979736328
2019-04-25,120.56999969482422,182.01031494140625,13.756250381469727,261.7627258300781,98.80239868164062
2019-04-26,121.37000274658203,182.17274475097656,13.761371612548828,262.9818115234375,99.13870239257812
2019-04-29,120.83000183105469,182.52630615234375,13.738323211669922,263.39404296875,98.50607299804688
2019-04-30,121.19999694824219,181.1121063232422,13.817708969116211,263.5284118652344,99.01055908203125
2019-05-01,120.4000015258789,180.5292205810547,13.69735336303711,261.54766845703125,99.41900634765625
2019-05-02,119.94000244140625,179.74566650390625,13.71271800994873,260.98297119140625,98.94556427001953
2019-05-03,120.6500015258789,182.61228942871094,13.82538890838623,263.53741455078125,99.22637939453125
2019-05-06,120.80999755859375,181.49427795410156,13.740884780883789,262.45294189453125,99.49922180175781
2019-05-07,121.20999908447266,177.9589080810547,13.512979507446289,258.07000732421875,100.26152801513672
2019-05-08,120.91000366210938,177.5097198486328,13.48481273651123,257.71160888671875,99.8282241821289
2019-05-09,121.19999694824219,176.55419921875,13.415671348571777,256.93182373046875,100.23746490478516
2019-05-10,121.43000030517578,176.77394104003906,13.487374305725098,258.22247314453125,100.10104370117188
2019-05-13,122.66999816894531,170.6394500732422,13.20057201385498,251.73324584960938,100.88741302490234
2019-05-14,122.45999908447266,172.51223754882812,13.292754173278809,254.0098419189453,100.59051513671875
2019-05-15,122.38999938964844,174.9488983154297,13.361895561218262,255.49761962890625,101.2083740234375
2019-05-16,121.51000213623047,176.7070770263672,13.400307655334473,257.8639831542969,100.87138366699219
2019-05-17,120.6500015258789,174.90109252929688,13.32604694366455,256.1968994140625,101.09603118896484
2019-05-20,120.63999938964844,171.9485321044922,13.251789093017578,254.5029296875,100.88741302490234
2019-05-21,120.36000061035156,173.74493408203125,13.349096298217773,256.7973327636719,100.72692108154297
2019-05-22,120.23999786376953,172.9709014892578,13.297879219055176,256.0086364746094,101.30463409423828
2019-05-23,121.16999816894531,170.3241424560547,13.169842720031738,252.8805694580078,102.44406127929688
2019-05-24,121.30000305175781,170.2381134033203,13.162158966064453,253.45408630371094,102.53235626220703
2019-05-28,120.83000183105469,169.59793090820312,12.957304000854492,251.09690856933594,103.27059936523438
2019-05-29,120.87000274658203,168.20278930664062,12.9265718460083,249.41183471679688,103.58348846435547
2019-05-30,121.69000244140625,168.90992736816406,12.954741477966309,250.0929718017578,104.47415924072266
2019-05-31,123.33000183105469,166.21533203125,12.767807960510254,246.722900390625,105.78211212158203
2019-06-03,125.11000061035156,162.55560302734375,12.916332244873047,246.09552001953125,106.48970031738281
2019-06-04,125.1500015258789,167.13262939453125,13.180085182189941,251.43751525878906,105.27555084228516
2019-06-05,125.47000122070312,168.37481689453125,13.231302261352539,253.61546325683594,104.6805648803711
2019-06-06,125.87999725341797,169.71258544921875,13.328609466552734,255.2646484375,105.01826477050781
2019-06-07,126.58999633789062,172.99009704589844,13.415671348571777,257.819091796875,105.92681884765625
2019-06-10,125.33000183105469,175.0062255859375,13.466888427734375,259.00225830078125,104.92984008789062
2019-06-11,125.18000030517578,175.24513244628906,13.495058059692383,258.939453125,104.99411010742188
2019-06-12,125.83000183105469,174.2322235107422,13.456644058227539,258.4823303222656,105.0745620727539
2019-06-13,126.5999984741211,175.2642059326172,13.546269416809082,259.54888916015625,105.43633270263672
2019-06-14,126.55999755859375,174.51893615722656,13.500176429748535,259.26214599609375,105.70172882080078
2019-06-17,126.4800033569336,175.5700225830078,13.464325904846191,259.3607482910156,105.8866195678711
2019-06-18,127.12000274658203,178.12127685546875,13.587240219116211,262.0764465332031,106.4173355102539
2019-06-19,127.88999938964844,178.79017639160156,13.615411758422852,262.6680603027344,106.57012176513672
2019-06-20,131.11000061035156,180.45272827148438,13.751126289367676,265.1777038574219,106.85150909423828
2019-06-21,131.97999572753906,180.18519592285156,13.73576545715332,264.7922668457031,105.6776123046875
2019-06-24,133.94000244140625,180.19102478027344,13.687113761901855,264.4679870605469,106.46556091308594
2019-06-25,134.1999969482422,177.09774780273438,13.6102876663208,261.8741455078125,106.79523468017578
2019-06-26,132.97000122070312,177.9213409423828,13.610550880432129,261.6128845214844,106.11177825927734
2019-06-27,132.83999633789062,178.60128784179688,13.646682739257812,262.5405578613281,106.85954284667969
2019-06-28,133.1999969482422,178.8311004638672,13.698305130004883,263.8915100097656,106.78723907470703
2019-07-01,130.6199951171875,181.24435424804688,13.81187915802002,266.2872009277344,106.53744506835938
2019-07-02,133.41000366210938,181.9626007080078,13.806715965270996,266.98089599609375,107.35919189453125
2019-07-03,133.6300048828125,183.33206176757812,13.915122032165527,269.1153564453125,108.12455749511719
2019-07-05,132.13999938964844,182.95858764648438,13.87382698059082,268.8091125488281,106.69046783447266
2019-07-08,131.2899932861328,181.67532348632812,13.819623947143555,267.3320007324219,106.83552551269531
2019-07-09,131.75,182.58506774902344,13.760255813598633,267.665283203125,106.79525756835938
2019-07-10,133.8300018310547,184.4046173095703,13.79897403717041,268.9441833496094,106.20710754394531
2019-07-11,132.6999969482422,184.27056884765625,13.840270042419434,269.5747375488281,104.7892074584961
2019-07-12,133.52999877929688,185.3335418701172,13.95642375946045,270.7815246582031,104.9100570678711
2019-07-15,133.52999877929688,185.92726135253906,13.977070808410645,270.8716125488281,105.51429748535156
2019-07-16,132.39999389648438,184.9696044921875,13.96933364868164,269.9979553222656,105.20006561279297
2019-07-17,134.5800018310547,184.05984497070312,13.8583402633667,268.1606140136719,106.3360366821289
2019-07-18,136.47999572753906,184.27056884765625,13.904804229736328,269.14239501953125,106.34408569335938
2019-07-19,134.47000122070312,182.9202880859375,13.87382698059082,267.64727783203125,106.0943603515625
2019-07-22,134.4499969482422,184.37591552734375,13.866083145141602,268.30474853515625,106.29573822021484
2019-07-23,133.69000244140625,185.58253479003906,14.015792846679688,270.22308349609375,105.71571350097656
2019-07-24,134.3699951171875,186.88494873046875,14.155174255371094,271.4930725097656,106.17485809326172
2019-07-25,133.4199981689453,185.11328125,14.139688491821289,270.1961364746094,105.6673583984375
2019-07-26,133.63999938964844,187.01901245117188,14.206798553466797,272.0064392089844,105.9170913696289
2019-07-29,134.52999877929688,186.37738037109375,14.201630592346191,271.5111083984375,105.94928741455078
2019-07-30,134.97999572753906,185.57301330566406,14.147430419921875,270.8445739746094,106.20710754394531
2019-07-31,133.2100067138672,183.00645446777344,13.925450325012207,267.8814697265625,107.06108856201172
2019-08-01,136.41000366210938,182.09666442871094,13.726699829101562,265.5487365722656,109.18739318847656
2019-08-02,135.88999938964844,179.41522216796875,13.654427528381348,263.54931640625,110.1964111328125
2019-08-05,137.7899932861328,173.07568359375,13.269830703735352,255.62350463867188,112.10151672363281
2019-08-06,138.91000366210938,175.4984893798828,13.383400917053223,259.2081298828125,112.99758911132812
2019-08-07,141.02000427246094,176.44656372070312,13.424701690673828,259.3612060546875,113.03792572021484
2019-08-08,141.72999572753906,180.28675842285156,13.657007217407227,264.45001220703125,113.28004455566406
2019-08-09,141.25999450683594,178.59169006347656,13.499555587768555,262.6487121582031,113.0541000366211
2019-08-12,142.6300048828125,176.54234313964844,13.35759162902832,259.4512939453125,115.41120147705078
2019-08-13,141.77999877929688,180.41127014160156,13.540854454040527,263.4862365722656,115.015625
2019-08-14,142.75,175.01968383789062,13.19756031036377,255.6956329345703,117.60688018798828
2019-08-15,143.6999969482422,174.818603515625,13.2259521484375,256.37109375,118.91462707519531
2019-08-16,142.77999877929688,177.6244659423828,13.458256721496582,260.15380859375,117.96206665039062
2019-08-19,141.11000061035156,180.44955444335938,13.63377571105957,263.2881164550781,116.27489471435547
2019-08-20,142.2100067138672,179.0513458251953,13.551180839538574,261.2705993652344,117.4777603149414
2019-08-21,141.75999450683594,180.6410675048828,13.672497749328613,263.3962097167969,116.69471740722656
2019-08-22,141.39999389648438,180.056884765625,13.713796615600586,263.31512451171875,115.91976165771484
2019-08-23,144.1699981689453,174.35894775390625,13.347265243530273,256.5512390136719,117.82491302490234
2019-08-26,144.19000244140625,176.99246215820312,13.476325988769531,259.38824462890625,117.34861755371094
2019-08-27,145.57000732421875,176.6189727783203,13.435026168823242,258.3705139160156,119.15682220458984
2019-08-28,145.16000366210938,177.25100708007812,13.576991081237793,260.18994140625,119.3101806640625
2019-08-29,144.1199951171875,179.96112060546875,13.713796615600586,263.5132141113281,118.85807800292969
2019-08-30,143.75,179.53018188476562,13.744767189025879,263.3962097167969,118.89044952392578
2019-09-03,145.75,177.78726196289062,13.669914245605469,261.8561096191406,119.0440444946289
2019-09-04,146.66000366210938,180.353759765625,13.835110664367676,264.82818603515625,119.22193908691406
2019-09-05,143.13999938964844,183.65765380859375,14.010628700256348,268.2326965332031,117.06282806396484
2019-09-06,141.9199981689453,183.47569274902344,14.059671401977539,268.4397888183594,117.895751953125
2019-09-09,141.38999938964844,183.09266662597656,14.152593612670898,268.574951171875,115.80130004882812
2019-09-10,140.17999267578125,182.56594848632812,14.237771987915039,268.5118713378906,113.7715072631836
2019-09-11,141.02999877929688,184.2801055908203,14.335854530334473,270.4212646484375,113.56936645507812
2019-09-12,141.32000732421875,185.04624938964844,14.392644882202148,271.3580627441406,112.82544708251953
2019-09-13,140.14999389648438,184.38546752929688,14.36424732208252,271.1777648925781,110.41555786132812
2019-09-16,141.32000732421875,183.56190490722656,14.2764892578125,270.34027099609375,111.82270050048828
2019-09-17,141.60000610351562,184.44293212890625,14.281652450561523,271.0247497558594,112.42918395996094
2019-09-18,140.7100067138672,184.3663330078125,14.273906707763672,271.1867980957031,112.90628051757812
2019-09-19,141.27999877929688,184.67279052734375,14.232608795166016,271.1687316894531,113.24590301513672
2019-09-20,142.9499969482422,182.71913146972656,14.162917137145996,269.88763427734375,114.74195861816406
2019-09-23,143.75,182.79974365234375,14.199056625366211,269.8242492675781,114.71768951416016
2019-09-24,144.50999450683594,180.3720245361328,14.09839153289795,267.7070007324219,116.1004867553711
2019-09-25,141.8300018310547,182.39674377441406,14.165060997009277,269.29046630859375,114.40225982666016
2019-09-26,141.7899932861328,181.72506713867188,14.175477981567383,268.7294616699219,115.13817596435547
2019-09-27,141.05999755859375,179.46998596191406,14.196313858032227,267.28167724609375,115.42123413085938
2019-09-30,138.8699951171875,181.17808532714844,14.266629219055176,268.52130126953125,115.70428466796875
2019-10-01,139.6300048828125,179.70030212402344,14.081720352172852,265.32733154296875,116.05259704589844
2019-10-02,141.25999450683594,176.61050415039062,13.795242309570312,260.640380859375,116.33615112304688
2019-10-03,141.89999389648438,178.54884338378906,13.904623031616211,262.77581787109375,117.39738464355469
2019-10-04,141.89999389648438,181.17808532714844,14.097346305847168,266.33172607421875,118.26407623291016
2019-10-07,140.69000244140625,180.63113403320312,13.993172645568848,265.18255615234375,117.283935546875
2019-10-08,141.9199981689453,177.9250946044922,13.769198417663574,261.0657043457031,117.59983825683594
2019-10-09,142.0500030517578,179.66197204589844,13.889001846313477,263.5449523925781,116.93560028076172
2019-10-10,140.80999755859375,181.05331420898438,14.000988006591797,265.32733154296875,115.19390869140625
2019-10-11,140.02999877929688,183.38510131835938,14.185896873474121,268.07794189453125,113.76811218261719
2019-10-14,140.58999633789062,183.3659210205078,14.154641151428223,267.7793884277344,114.59446716308594
2019-10-15,139.61000061035156,185.69772338867188,14.258817672729492,270.4305725097656,113.2091293334961
2019-10-16,140.41000366210938,185.23712158203125,14.224961280822754,269.9961853027344,113.34687805175781
2019-10-17,140.61000061035156,185.7264404296875,14.261422157287598,270.79241943359375,113.07147979736328
2019-10-18,140.4600067138672,183.94168090820312,14.25621509552002,269.6070861816406,113.07147979736328
2019-10-21,139.7899932861328,185.57296752929688,14.355173110961914,271.434814453125,112.22093200683594
2019-10-22,140.1999969482422,184.09521484375,14.378616333007812,270.5481262207031,112.87708282470703
2019-10-23,140.52999877929688,184.4502410888672,14.357784271240234,271.3352966308594,112.990478515625
2019-10-24,141.52999877929688,186.24464416503906,14.344759941101074,271.7786560058594,112.76366424560547
2019-10-25,141.86000061035156,187.7320098876953,14.454146385192871,272.8916320800781,112.21277618408203
2019-10-28,140.63999938964844,189.58395385742188,14.527066230773926,274.42974853515625,111.19207000732422
2019-10-29,140.25,188.1158447265625,14.529668807983398,274.3482971191406,111.26497650146484
2019-10-30,141.02000427246094,189.0274200439453,14.553104400634766,275.18988037109375,112.89326477050781
2019-10-31,142.42999267578125,189.11376953125,14.459349632263184,274.4569091796875,114.4162368774414
2019-11-01,142.55999755859375,190.83148193359375,14.607799530029297,276.9994201660156,114.06401824951172
2019-11-04,142.14999389648438,192.01171875,14.688533782958984,278.1123352050781,112.56278228759766
2019-11-05,139.85000610351562,192.1172637939453,14.683326721191406,277.8046569824219,111.296875
2019-11-06,140.4499969482422,191.6855010986328,14.730204582214355,277.86810302734375,111.97039794921875
2019-11-07,138.27000427246094,192.32838439941406,14.803126335144043,278.84527587890625,109.94163513183594
2019-11-08,137.38999938964844,193.0960693359375,14.831769943237305,279.53289794921875,109.47904205322266
2019-11-11,137.05999755859375,192.8369598388672,14.753645896911621,278.9991149902344,109.5521011352539
2019-11-12,137.42999267578125,193.3935089111328,14.756253242492676,279.587158203125,110.05521392822266
2019-11-13,137.97999572753906,193.44149780273438,14.738018035888672,279.67767333984375,110.76934814453125
2019-11-14,138.55999755859375,193.28797912597656,14.761459350585938,280.0848693847656,111.91361236572266
2019-11-15,138.2100067138672,194.70819091796875,14.847396850585938,282.1116027832031,111.79185485839844
2019-11-18,138.6199951171875,194.8616943359375,14.847396850585938,282.3197021484375,111.99472045898438
2019-11-19,138.69000244140625,195.14952087402344,14.756253242492676,282.23828125,112.92792510986328
2019-11-20,138.75999450683594,193.97886657714844,14.706765174865723,281.188720703125,114.09656524658203
2019-11-21,138.0,193.5470733642578,14.709370613098145,280.73638916015625,113.38239288330078
2019-11-22,137.74000549316406,193.67176818847656,14.743223190307617,281.3606262207031,113.5284423828125
2019-11-25,137.0800018310547,195.9652099609375,14.831769943237305,283.5411682128906,113.86115264892578
2019-11-26,137.74000549316406,196.33946228027344,14.876046180725098,284.1836853027344,114.526611328125
2019-11-27,137.00999450683594,197.7116241455078,14.930740356445312,285.4504089355469,114.19392395019531
2019-11-29,137.86000061035156,196.80963134765625,14.868234634399414,284.3917541503906,113.95040893554688
2019-12-02,137.7899932861328,194.7945098876953,14.800525665283203,281.9759521484375,112.43114471435547
2019-12-03,139.11000061035156,193.26878356933594,14.657282829284668,280.0848693847656,114.78849029541016
2019-12-04,138.9199981689453,194.24752807617188,14.777081489562988,281.8130798339844,113.64234924316406
2019-12-05,139.0,194.6313934326172,14.79531478881836,282.3197021484375,113.08955383300781
2019-12-06,137.6199951171875,196.71360778808594,14.933343887329102,284.8984069824219,112.46365356445312
2019-12-09,137.5800018310547,195.82125854492188,14.954177856445312,284.002685546875,112.70751953125
2019-12-10,137.97000122070312,195.65814208984375,14.904699325561523,283.68597412109375,112.71563720703125
2019-12-11,138.9199981689453,196.6944580078125,14.951580047607422,284.4913024902344,113.60166931152344
2019-12-12,138.42999267578125,198.16261291503906,15.100181579589844,286.9433898925781,111.73199462890625
2019-12-13,139.0500030517578,198.81515502929688,15.066054344177246,287.11529541015625,113.02455139160156
2019-12-16,139.0399932861328,200.81109619140625,15.118563652038574,289.0877380371094,112.00838470458984
2019-12-17,139.00999450683594,200.92620849609375,15.121190071105957,289.1510925292969,111.8539810180664
2019-12-18,139.02000427246094,201.0797576904297,15.092304229736328,289.1692199707031,110.9354019165039
2019-12-19,139.3800048828125,202.33677673339844,15.115944862365723,290.3544616699219,111.1129150390625
2019-12-20,139.52000427246094,203.15245056152344,15.244599342346191,291.6274108886719,111.25946044921875
2019-12-23,139.9499969482422,203.68907165527344,15.23146915435791,292.07293701171875,111.09658813476562
2019-12-24,141.27000427246094,203.79486083984375,15.22097110748291,292.0821228027344,111.41416931152344
2019-12-26,142.3800048828125,205.59310913085938,15.249852180480957,293.63690185546875,111.68284606933594
2019-12-27,142.3300018310547,205.42005920410156,15.268227577209473,293.5641784667969,111.80496215820312
2019-12-30,142.6300048828125,204.07374572753906,15.173704147338867,291.9456481933594,111.39784240722656
2019-12-31,142.89999389648438,204.45840454101562,15.207839012145996,292.65484619140625,110.3068618774414
2020-01-02,143.9499969482422,207.87225341796875,15.247222900390625,295.39178466796875,111.55258178710938
2020-01-03,145.86000061035156,205.9681854248047,15.136946678161621,293.15496826171875,113.27047729492188
2020-01-06,147.38999938964844,207.29525756835938,15.134317398071289,294.2733459472656,112.62730407714844
2020-01-07,147.97000122070312,207.26641845703125,15.113316535949707,293.4458923339844,112.07363891601562
2020-01-08,146.86000061035156,208.82431030273438,15.1710786819458,295.0099182128906,111.33271026611328
2020-01-09,146.02999877929688,210.59375,15.268227577209473,297.01019287109375,111.72354125976562
2020-01-10,146.91000366210938,210.0552215576172,15.226222038269043,296.155517578125,112.71688842773438
2020-01-13,145.82000732421875,212.47862243652344,15.339122772216797,298.1922912597656,112.37495422363281
2020-01-14,145.69000244140625,211.64198303222656,15.33387565612793,297.7376708984375,112.95298767089844
2020-01-15,146.5399932861328,211.72850036621094,15.360125541687012,298.4105529785156,113.70201873779297
2020-01-16,146.30999755859375,213.75759887695312,15.47303295135498,300.892822265625,113.34382629394531
2020-01-17,146.5800018310547,214.81544494628906,15.530794143676758,301.82940673828125,112.37495422363281
2020-01-21,146.74000549316406,214.71929931640625,15.488783836364746,301.2384033203125,113.55546569824219
2020-01-22,146.7899932861328,215.28663635253906,15.546548843383789,301.2746887207031,113.95442199707031
2020-01-23,147.1199951171875,215.97900390625,15.56492805480957,301.6202392578125,114.7522964477539
2020-01-24,147.97999572753906,214.16151428222656,15.4493989944458,298.9378662109375,115.6805191040039
2020-01-27,148.99000549316406,209.7378692626953,15.23146915435791,294.14599609375,117.47989654541016
2020-01-28,147.66000366210938,212.9593963623047,15.3128662109375,297.22845458984375,116.55987548828125
2020-01-29,148.4600067138672,213.3056182861328,15.205215454101562,296.98297119140625,117.69966888427734
2020-01-30,148.47000122070312,214.06536865234375,15.213089942932129,297.94677734375,117.71598052978516
2020-01-31,149.3300018310547,210.6707000732422,14.940022468566895,292.5367126464844,118.79071044921875
2020-02-03,148.36000061035156,213.85382080078125,14.982029914855957,294.7098388671875,118.69445037841797
2020-02-04,146.42999267578125,218.7486114501953,15.163199424743652,299.2016296386719,117.09602355957031
2020-02-05,146.61000061035156,219.46983337402344,15.459904670715332,302.65673828125,115.81563568115234
2020-02-06,147.39999389648438,221.3643341064453,15.486159324645996,303.6751708984375,116.33760833740234
2020-02-07,147.7899932861328,220.4123077392578,15.354872703552246,302.056640625,117.7892837524414
2020-02-10,148.1699981689453,223.07611083984375,15.425764083862305,304.3116760253906,118.11550903320312
2020-02-11,147.66000366210938,223.11456298828125,15.48090648651123,304.8389587402344,117.52015686035156
2020-02-12,147.5399932861328,225.28787231445312,15.522917747497559,306.8030090332031,116.9248046875
2020-02-13,148.3800048828125,224.9993896484375,15.47303295135498,306.4757385253906,117.37334442138672
2020-02-14,149.0,225.6437225341797,15.452021598815918,306.9666748046875,117.88710021972656
2020-02-18,150.91000366210938,225.73028564453125,15.360125541687012,306.1756286621094,118.69445037841797
2020-02-19,151.7899932861328,227.89401245117188,15.425764083862305,307.63958740234375,118.68634796142578
2020-02-20,152.41000366210938,225.77838134765625,15.391636848449707,306.3756408691406,119.61613464355469
2020-02-21,154.6999969482422,221.4412841796875,15.281359672546387,303.2205505371094,120.73336029052734
2020-02-24,156.08999633789062,212.9016876220703,14.808736801147461,293.1640625,122.53572082519531
2020-02-25,153.3000030517578,207.11253356933594,14.391257286071777,284.28057861328125,123.18816375732422
2020-02-26,153.97000122070312,208.18003845214844,14.31773567199707,283.2349548339844,122.53572082519531
2020-02-27,154.0,197.75558471679688,13.703336715698242,270.514404296875,123.8651123046875
2020-02-28,148.3800048828125,197.90948486328125,13.54316520690918,269.37786865234375,126.66246032714844
2020-03-02,149.1999969482422,208.122314453125,14.128690719604492,281.0436706542969,125.73043823242188
2020-03-03,153.88999938964844,201.4483642578125,13.774227142333984,272.9967041015625,127.68253326416016
2020-03-04,154.16000366210938,209.85328674316406,14.39650821685791,284.4715270996094,126.32674407958984
2020-03-05,157.49000549316406,203.47747802734375,13.944892883300781,275.01513671875,129.47116088867188
2020-03-06,157.5500030517578,200.04437255859375,13.711210250854492,270.46893310546875,136.20947265625
2020-03-09,157.80999755859375,186.1483917236328,12.72396183013916,249.3467254638672,139.9010772705078
2020-03-10,154.47999572753906,196.28427124023438,13.309484481811523,262.2491455078125,132.73007202148438
2020-03-11,153.92999267578125,187.735107421875,12.69770622253418,249.46502685546875,127.84586334228516
2020-03-12,147.7899932861328,170.52142333984375,11.434762954711914,225.5968475341797,128.63804626464844
2020-03-13,143.27999877929688,184.9655303955078,12.440388679504395,244.88230895996094,125.73043823242188
2020-03-16,141.63999938964844,162.80894470214844,11.20370101928711,218.0863494873047,133.87350463867188
2020-03-17,143.55999755859375,175.15663146972656,12.093803405761719,229.8612823486328,124.9463882446289
2020-03-18,140.6999969482422,169.8290557861328,11.513530731201172,218.2227325439453,117.8978500366211
2020-03-19,138.0399932861328,170.84837341308594,11.274595260620117,218.6864776611328,121.10771179199219
2020-03-20,140.11000061035156,164.1552276611328,10.64443588256836,209.26231384277344,130.21444702148438
2020-03-23,146.3000030517578,164.27378845214844,10.371369361877441,203.91188049316406,135.58047485351562
2020-03-24,153.39999389648438,176.99473571777344,11.20370101928711,222.38697814941406,133.0566864013672
2020-03-25,151.3000030517578,175.68405151367188,11.307705879211426,225.71612548828125,132.75453186035156
2020-03-26,153.24000549316406,184.93568420410156,12.063852310180664,238.89564514160156,133.40797424316406
2020-03-27,152.25,178.5751953125,11.782620429992676,231.77996826171875,136.96896362304688
2020-03-30,152.9199981689453,185.0706329345703,12.135488510131836,239.30718994140625,135.8418426513672
2020-03-31,148.0500030517578,183.49012756347656,11.933847427368164,235.74026489257812,134.73919677734375
2020-04-01,149.4499969482422,175.69366455078125,11.55710220336914,225.1307830810547,136.62704467773438
2020-04-02,151.89999389648438,179.25941467285156,11.880786895751953,230.32582092285156,137.49404907226562
2020-04-03,152.64999389648438,176.7152557373047,11.753432273864746,226.9966278076172,137.8211669921875
2020-04-06,156.8800048828125,189.34947204589844,12.408761978149414,242.24313354492188,137.46128845214844
2020-04-07,156.0399932861328,189.2723846435547,12.416719436645508,242.4901123046875,136.02171325683594
2020-04-08,154.64999389648438,193.291015625,12.801426887512207,250.63009643554688,135.0320587158203
2020-04-09,158.69000244140625,193.57054138183594,12.926124572753906,254.44395446777344,135.27740478515625
2020-04-13,161.41000366210938,195.66175842285156,12.796120643615723,252.12083435058594,134.04237365722656
2020-04-14,162.67999267578125,204.17129516601562,13.15694808959961,259.55657958984375,134.00955200195312
2020-04-15,161.85000610351562,201.82948303222656,12.788163185119629,254.04161071777344,137.55946350097656
2020-04-16,161.7100067138672,205.51084899902344,12.838568687438965,255.2671356201172,139.12168884277344
2020-04-17,158.57000732421875,207.47682189941406,13.2391939163208,262.16326904296875,137.25680541992188
2020-04-20,159.6999969482422,205.0193634033203,12.981841087341309,257.5445556640625,138.36102294921875
2020-04-21,158.61000061035156,197.4542694091797,12.668770790100098,249.724609375,140.10317993164062
2020-04-22,161.72999572753906,203.31358337402344,12.899596214294434,255.2671356201172,138.67190551757812
2020-04-23,163.33999633789062,202.87994384765625,12.907552719116211,255.24884033203125,139.40794372558594
2020-04-24,162.63999938964844,206.07945251464844,13.135719299316406,258.8066101074219,139.73516845703125
2020-04-27,161.55999755859375,207.73703002929688,13.377158164978027,262.5382995605469,137.13412475585938
2020-04-28,160.83999633789062,203.82437133789062,13.477978706359863,261.3310546875,138.7126922607422
2020-04-29,161.72999572753906,211.05213928222656,13.69819164276123,268.17230224609375,137.99293518066406
2020-04-30,158.8000030517578,210.96546936035156,13.438180923461914,265.6754150390625,136.381591796875
2020-05-01,159.77999877929688,205.0193634033203,13.085312843322754,258.64202880859375,137.54946899414062
2020-05-04,160.33999633789062,207.4093475341797,13.109189987182617,259.3553771972656,136.9025115966797
2020-05-05,161.02000427246094,209.7608184814453,13.21796989440918,261.7516784667969,136.02618408203125
2020-05-06,158.9499969482422,211.05213928222656,13.11715316772461,259.9773254394531,133.831298828125
2020-05-07,161.38999938964844,213.76988220214844,13.170214653015137,263.1144714355469,136.0670928955078
2020-05-08,160.4199981689453,216.6995086669922,13.480629920959473,267.4680480957031,134.29808044433594
2020-05-11,159.4199981689453,218.6365509033203,13.472674369812012,267.52288818359375,133.24978637695312
2020-05-12,160.0399932861328,214.05892944335938,13.202051162719727,262.1907653808594,134.61756896972656
2020-05-13,161.5800018310547,211.37986755371094,12.965923309326172,257.5536804199219,135.55941772460938
2020-05-14,163.00999450683594,213.7794647216797,13.122459411621094,260.6358642578125,136.88607788085938
2020-05-15,163.92999267578125,215.16720581054688,13.1489896774292,261.833984375,136.53404235839844
2020-05-18,162.69000244140625,219.1762237548828,13.607982635498047,269.8094177246094,133.53648376464844
2020-05-19,164.25999450683594,218.62693786621094,13.387771606445312,267.03814697265625,134.03604125976562
2020-05-20,164.64999389648438,222.99249267578125,13.552265167236328,271.5745849609375,134.43734741210938
2020-05-21,162.25,220.56396484375,13.438180923461914,269.6996154785156,134.77316284179688
2020-05-22,163.2100067138672,221.3253173828125,13.454099655151367,270.2117614746094,135.58395385742188
2020-05-26,160.88999938964844,220.7278289794922,13.692883491516113,273.5409851074219,133.7658233642578
2020-05-27,161.17999267578125,221.9324493408203,13.992687225341797,277.6110534667969,133.5200653076172
2020-05-28,161.72000122070312,221.6433563232422,13.915745735168457,277.09881591796875,133.02871704101562
2020-05-29,162.91000366210938,224.8910369873047,13.934320449829102,278.3335876464844,133.97874450683594
2020-06-01,163.66000366210938,225.5656280517578,13.918400764465332,279.4585266113281,133.07666015625
2020-06-02,162.60000610351562,227.07861328125,14.125347137451172,281.7724609375,132.59286499023438
2020-06-03,159.60000610351562,228.10020446777344,14.353519439697266,285.5223693847656,130.82974243164062
2020-06-04,161.27999877929688,226.50038146972656,14.395966529846191,284.7724304199219,128.93545532226562
2020-06-05,158.00999450683594,230.9913330078125,14.778021812438965,292.07098388671875,128.01699829101562
2020-06-08,159.72000122070312,232.78382873535156,14.990273475646973,295.60137939453125,128.50901794433594
2020-06-09,161.25999450683594,234.4702606201172,14.796592712402344,293.3971252441406,129.96871948242188
2020-06-10,163.57000732421875,237.2843475341797,14.608216285705566,291.7599182128906,131.8957977294922
2020-06-11,162.38999938964844,225.52708435058594,13.711455345153809,274.94036865234375,134.38870239257812
2020-06-12,162.6199951171875,227.319580078125,13.838807106018066,278.23291015625,133.09307861328125
2020-06-15,162.3300018310547,230.0854034423828,13.93962574005127,280.8304138183594,133.16688537597656
2020-06-16,162.25,234.03662109375,14.22085952758789,286.23577880859375,131.12493896484375
2020-06-17,162.55999755859375,234.7786865234375,14.14657211303711,285.0467834472656,131.6662139892578
2020-06-18,162.24000549316406,235.41470336914062,14.133306503295898,285.1565246582031,133.0602264404297
2020-06-19,164.02999877929688,235.37620544433594,14.045753479003906,283.5268249511719,133.16688537597656
2020-06-22,165.08999633789062,238.198974609375,13.963502883911133,285.3457336425781,133.18328857421875
2020-06-23,166.47999572753906,240.22625732421875,14.005955696105957,286.659423828125,132.27297973632812
2020-06-24,165.89999389648438,235.27389526367188,13.556997299194336,279.34710693359375,133.69174194335938
2020-06-25,165.8000030517578,237.5135498046875,13.736261367797852,282.3418884277344,134.07708740234375
2020-06-26,166.5399932861328,231.90464782714844,13.385763168334961,275.6357727050781,135.51217651367188
2020-06-29,166.6300048828125,234.4339599609375,13.669370651245117,279.6870422363281,135.08575439453125
2020-06-30,167.3699951171875,239.0292510986328,13.845958709716797,283.2696838378906,134.42970275878906
2020-07-01,166.6199951171875,241.8191680908203,13.71485424041748,285.2539367675781,134.1686553955078
2020-07-02,166.97999572753906,243.46031188964844,13.829900741577148,286.82476806640625,134.30825805664062
2020-07-06,167.97999572753906,249.44573974609375,13.969030380249023,291.2525634765625,133.7581024169922
2020-07-07,169.0399932861328,247.72732543945312,13.74696159362793,288.24871826171875,135.6382598876953
2020-07-08,170.08999633789062,250.99026489257812,13.771044731140137,290.453369140625,135.0963897705078
2020-07-09,169.6300048828125,253.1044921875,13.476729393005371,288.79986572265625,137.2474365234375
2020-07-10,169.19000244140625,254.8324737548828,13.776394844055176,291.7486877441406,136.55772399902344
2020-07-13,169.39999389648438,249.59046936035156,13.83258056640625,289.222412109375,137.00929260253906
2020-07-14,170.19000244140625,251.3571014404297,14.001136779785156,292.9704284667969,137.20635986328125
2020-07-15,170.33999633789062,251.86883544921875,14.268696784973145,295.66204833984375,136.56597900390625
2020-07-16,168.72999572753906,250.1504364013672,14.295451164245605,294.6882019042969,137.2146759033203
2020-07-17,170.1199951171875,250.44007873535156,14.274043083190918,295.5426940917969,136.9272003173828
2020-07-20,170.94000244140625,257.5452575683594,14.148292541503906,297.9310302734375,137.2638397216797
2020-07-21,173.0,254.86155700683594,14.362334251403809,298.56494140625,137.34593200683594
2020-07-22,175.6300048828125,255.75929260253906,14.453303337097168,300.2643737792969,137.7564697265625
2020-07-23,177.17999267578125,249.0789337158203,14.469361305236816,296.68170166015625,139.36558532714844
2020-07-24,178.6999969482422,246.71363830566406,14.405146598815918,294.7709045410156,139.35743713378906
2020-07-27,182.22999572753906,251.1157684326172,14.506816864013672,296.92059326171875,138.84011840820312
2020-07-28,183.75,247.92042541503906,14.4212007522583,295.0373229980469,139.8007354736328
2020-07-29,185.1300048828125,250.7779541015625,14.632566452026367,298.6659851074219,139.56268310546875
2020-07-30,183.75999450683594,252.0908660888672,14.624539375305176,297.6003723144531,140.4821319580078
2020-07-31,185.42999267578125,256.5895690917969,14.579054832458496,299.9520263671875,140.39193725585938
2020-08-03,185.63999938964844,260.0552978515625,14.640597343444824,302.037353515625,139.68502807617188
2020-08-04,189.58999633789062,261.0206298828125,14.694107055664062,303.2041015625,141.0165252685547
2020-08-05,191.35000610351562,261.66741943359375,14.854636192321777,305.0871887207031,139.78363037109375
2020-08-06,193.88999938964844,265.1331787109375,14.833231925964355,307.12652587890625,140.56448364257812
2020-08-07,190.80999755859375,262.0729064941406,15.047277450561523,307.3470458984375,139.6275177001953
2020-08-10,190.14999389648438,260.953125,15.239916801452637,308.2657165527344,139.0028533935547
2020-08-11,179.94000244140625,256.0103759765625,15.320182800292969,305.7210693359375,137.350830078125
2020-08-12,179.10000610351562,262.4493713378906,15.408474922180176,309.98345947265625,136.1015167236328
2020-08-13,183.3300018310547,263.04791259765625,15.306805610656738,309.4231262207031,134.6466522216797
2020-08-14,182.5399932861328,262.7390441894531,15.365667343139648,309.432373046875,134.12062072753906
2020-08-17,186.5,265.7895812988281,15.296103477478027,310.4152526855469,134.45761108398438
2020-08-18,188.17999267578125,268.34796142578125,15.229215621948242,311.0858154296875,135.4192657470703
2020-08-19,182.24000549316406,266.5426330566406,15.183731079101562,309.7906188964844,134.57269287109375
2020-08-20,183.5,270.24005126953125,15.090086936950684,310.7551574707031,135.7891387939453
2020-08-21,182.02999877929688,272.1128234863281,15.07670783996582,311.8575439453125,136.6028594970703
2020-08-24,181.0,273.8119812011719,15.389744758605957,315.0176086425781,136.38095092773438
2020-08-25,181.22000122070312,275.96478271484375,15.309480667114258,316.12005615234375,135.33712768554688
2020-08-26,183.36000061035156,281.8536071777344,15.255973815917969,319.2892761230469,134.81927490234375
2020-08-27,181.24000549316406,280.9751892089844,15.349614143371582,319.9874572753906,132.526123046875
2020-08-28,184.38999938964844,282.4039306640625,15.483391761779785,322.0543212890625,132.42745971679688
2020-08-31,184.8300018310547,284.672607421875,15.32553482055664,320.8877258300781,133.30694580078125
2020-09-01,185.0500030517578,289.5382385253906,15.373690605163574,323.9099426269531,134.83172607421875
2020-09-02,182.6199951171875,292.2798156738281,15.662652015686035,328.5950012207031,136.11529541015625
2020-09-03,181.13999938964844,277.4611511230469,15.312161445617676,317.2867126464844,136.50201416015625
2020-09-04,181.63999938964844,273.7637634277344,15.33891487121582,314.6961364746094,133.91009521484375
2020-09-08,181.2899932861328,260.6055908203125,14.967011451721191,306.0976867675781,134.73300170898438
2020-09-09,183.0500030517578,268.26104736328125,15.143598556518555,312.14227294921875,134.37086486816406
2020-09-10,182.4600067138672,262.91278076171875,14.918851852416992,306.7223205566406,135.0538330078125
2020-09-11,182.4499969482422,261.0881652832031,15.023201942443848,306.8785400390625,135.34190368652344
2020-09-14,183.88999938964844,265.63531494140625,15.247943878173828,310.9205322265625,135.33367919921875
2020-09-15,183.4499969482422,269.4001770019531,15.223865509033203,312.4914855957031,135.00442504882812
2020-09-16,183.97000122070312,265.10430908203125,15.320182800292969,311.2511901855469,134.60130310058594
2020-09-17,182.9600067138672,260.9627380371094,15.28272533416748,308.5137023925781,135.0126495361328
2020-09-18,183.1999969482422,257.6322021484375,15.143598556518555,304.9618835449219,134.59303283691406
2020-09-21,179.52000427246094,258.2500305175781,14.75296688079834,301.5677795410156,135.27598571777344
2020-09-22,178.64999389648438,263.04791259765625,14.75296688079834,304.63916015625,135.16900634765625
2020-09-23,174.7899932861328,255.0159149169922,14.464645385742188,297.57421875,135.35003662109375
2020-09-24,175.44000244140625,256.2033996582031,14.513283729553223,298.3673400878906,135.86837768554688
2020-09-25,174.94000244140625,262.1598205566406,14.664607048034668,303.1910400390625,135.86837768554688
2020-09-28,176.6999969482422,267.60455322265625,14.986163139343262,308.2268371582031,135.48171997070312
2020-09-29,178.19000244140625,266.3979187011719,14.84024715423584,306.54827880859375,135.63800048828125
2020-09-30,177.1199951171875,268.2225036621094,14.942926406860352,308.87255859375,134.3380126953125
2020-10-01,178.6999969482422,272.4798889160156,14.934823036193848,310.8554382324219,134.5595703125
2020-10-02,178.5399932861328,264.8146057128906,15.002374649047852,307.9040222167969,134.05711364746094
2020-10-05,179.41000366210938,270.46209716796875,15.329339027404785,313.3641052246094,131.43768310546875
2020-10-06,177.3000030517578,265.63531494140625,15.22935676574707,308.90936279296875,132.14610290527344
2020-10-07,177.22000122070312,270.2304992675781,15.540101051330566,314.2864685058594,131.18235778808594
2020-10-08,177.85000610351562,271.6688232421875,15.772493362426758,317.0718078613281,131.89073181152344
2020-10-09,181.0800018310547,275.820068359375,15.802212715148926,319.9033508300781,131.8660125732422
2020-10-12,180.55999755859375,284.334716796875,15.902189254760742,325.0498352050781,132.28607177734375
2020-10-13,177.72000122070312,284.324951171875,15.769790649414062,322.9284973144531,133.2333984375
2020-10-14,178.27000427246094,281.9501647949219,15.761679649353027,320.8993835449219,133.53817749023438
2020-10-15,178.9199981689453,280.0579833984375,15.842742919921875,320.5028076171875,133.30751037597656
2020-10-16,178.3000030517578,278.52313232421875,15.869771003723145,320.3091125488281,132.9368896484375
2020-10-19,178.38999938964844,273.97607421875,15.667107582092285,315.4393310546875,132.4344024658203
2020-10-20,179.25,274.5650634765625,15.710339546203613,316.702880859375,131.17416381835938
2020-10-21,180.60000610351562,274.3526306152344,15.596853256225586,316.1033935546875,130.72103881835938
2020-10-22,178.8300018310547,274.3429260253906,15.77519416809082,317.8372497558594,129.3620147705078
2020-10-23,178.63999938964844,274.883544921875,15.861666679382324,318.91644287109375,130.1527099609375
2020-10-26,178.5500030517578,270.7614440917969,15.49957275390625,313.0228576660156,131.36361694335938
2020-10-27,179.02000427246094,272.8755798339844,15.277995109558105,311.9437561035156,132.24496459960938
2020-10-28,176.1300048828125,262.237060546875,14.807821273803711,301.2818908691406,132.36851501464844
2020-10-29,175.39999389648438,266.8226013183594,15.002374649047852,304.3439636230469,131.08355712890625
2020-10-30,176.1999969482422,260.0552978515625,14.999674797058105,301.17120361328125,129.79025268554688
2020-11-02,177.91000366210938,260.6344909667969,15.334742546081543,304.5468444824219,130.7625274658203
2020-11-03,178.9199981689453,265.1428527832031,15.607660293579102,309.92388916015625,130.0039520263672
2020-11-04,178.82000732421875,276.9784851074219,15.421205520629883,316.8504333496094,132.82400512695312
2020-11-05,182.92999267578125,284.1995849609375,15.78870964050293,323.02996826171875,133.05482482910156
2020-11-06,183.19000244140625,284.411865234375,15.680609703063965,322.9561767578125,131.44692993164062
2020-11-09,175.0800018310547,278.6003112792969,16.426410675048828,327.01434326171875,128.6845245361328
2020-11-10,175.66000366210938,273.6092224121094,16.599353790283203,326.53472900390625,127.94242095947266
2020-11-11,174.89999389648438,279.72979736328125,16.596649169921875,328.96044921875,128.40419006347656
2020-11-12,175.9600067138672,278.4168701171875,16.310218811035156,325.76910400390625,130.58932495117188
2020-11-13,177.16000366210938,280.8592529296875,16.620969772338867,330.27935791015625,130.4161834716797
2020-11-16,177.14999389648438,283.0506896972656,16.991165161132812,334.40203857421875,130.1028289794922
2020-11-17,176.5,282.15289306640625,16.956035614013672,332.6034240722656,130.95216369628906
2020-11-18,175.49000549316406,280.0677185058594,16.7803955078125,328.60076904296875,131.3314666748047
2020-11-19,175.16000366210938,282.2591247558594,16.831735610961914,329.984130859375,132.00758361816406
2020-11-20,175.69000244140625,280.32830810546875,16.715545654296875,327.7244567871094,133.17849731445312
2020-11-23,172.22999572753906,280.3381042480469,16.983062744140625,329.6889953613281,132.56842041015625
2020-11-24,169.58999633789062,284.2767639160156,17.404592514038086,335.0014953613281,131.24900817871094
2020-11-25,169.50999450683594,286.0241394042969,17.242469787597656,334.485107421875,130.84495544433594
2020-11-27,167.7899932861328,288.6595764160156,17.20733642578125,335.41656494140625,132.11483764648438
2020-11-30,166.6699981689453,289.2485046386719,16.974950790405273,333.9316711425781,131.94989013671875
2020-12-01,170.17999267578125,292.95550537109375,17.196523666381836,337.583984375,130.00433349609375
2020-12-02,171.4600067138672,293.33203125,17.274892807006836,338.2942810058594,128.9726104736328
2020-12-03,172.80999755859375,293.7471923828125,17.312721252441406,338.20196533203125,130.01268005371094
2020-12-04,172.32000732421875,294.9442443847656,17.596446990966797,341.116455078125,128.10595703125
2020-12-07,174.88999938964844,296.6144104003906,17.480253219604492,340.41546630859375,129.26148986816406
2020-12-08,175.5,297.6183776855469,17.591045379638672,341.4116516113281,129.8723602294922
2020-12-09,172.5,290.8800354003906,17.60725212097168,338.3495788574219,129.44313049316406
2020-12-10,172.1699981689453,292.0481262207031,17.52597999572754,338.2388610839844,130.59046936035156
2020-12-11,172.49000549316406,291.40130615234375,17.427793502807617,337.84222412109375,131.05267333984375
2020-12-14,171.5399932861328,293.51556396484375,17.204151153564453,336.32965087890625,130.68948364257812
2020-12-15,173.94000244140625,296.6529235839844,17.433250427246094,340.87664794921875,130.2520294189453
2020-12-16,174.89999389648438,298.28448486328125,17.452346801757812,341.4116516113281,129.9053497314453
2020-12-17,176.74000549316406,300.23455810546875,17.490528106689453,343.32073974609375,129.56163024902344
2020-12-18,176.44000244140625,299.3271179199219,17.438709259033203,341.949951171875,129.17324829101562
2020-12-21,175.8800048828125,298.7671203613281,17.31870460510254,340.72735595703125,129.685546875
2020-12-22,174.49000549316406,299.5795593261719,17.223241806030273,340.1530456542969,130.35484313964844
2020-12-23,175.64999389648438,298.07080078125,17.37870216369629,340.45867919921875,129.45411682128906
2020-12-24,176.35000610351562,299.3860778808594,17.408706665039062,341.783203125,129.96646118164062
2020-12-28,175.7100067138672,302.403564453125,17.416889190673828,344.7194519042969,130.0243682861328
2020-12-29,176.35000610351562,302.6743469238281,17.31597137451172,344.0616760253906,129.8590850830078
2020-12-30,177.6999969482422,302.68402099609375,17.39234161376953,344.552734375,130.1399688720703
2020-12-31,178.36000061035156,303.4286804199219,17.493249893188477,346.30328369140625,130.33004760742188
2021-01-04,182.3300018310547,299.1442565917969,17.245065689086914,341.5886535644531,130.17311096191406
2021-01-05,182.8699951171875,301.6104431152344,17.38416290283203,343.94134521484375,129.20631408691406
2021-01-06,179.89999389648438,297.4324645996094,17.864173889160156,345.9976501464844,126.5539779663086
2021-01-07,179.47999572753906,304.6279602050781,17.98417854309082,351.1382751464844,125.4384536743164
2021-01-08,173.33999633789062,308.5448913574219,17.929630279541016,353.1389465332031,125.03357696533203
2021-01-11,173.0,304.08642578125,18.003273010253906,350.7584533691406,124.82697296142578
2021-01-12,174.1199951171875,303.6028747558594,18.1641788482666,350.8326721191406,124.727783203125
2021-01-13,173.3699951171875,305.6531066894531,18.09599494934082,351.77740478515625,126.13251495361328
2021-01-14,173.27999877929688,304.0186767578125,18.183273315429688,350.5454406738281,124.95091247558594
2021-01-15,171.1300048828125,301.6104431152344,17.965087890625,347.989013671875,125.4467544555664
2021-01-19,172.5800018310547,306.010986328125,18.082361221313477,350.7214660644531,125.85160064697266
2021-01-20,175.38999938964844,313.1290283203125,18.106904983520508,355.5749816894531,125.9755630493164
2021-01-21,175.27999877929688,315.63397216796875,18.05781364440918,355.89910888671875,125.0914077758789
2021-01-22,173.89999389648438,314.724853515625,17.92418098449707,354.6394348144531,125.49620819091797
2021-01-25,174.0500030517578,317.3265075683594,17.956905364990234,356.0380554199219,126.97529602050781
2021-01-26,173.6199951171875,317.79058837890625,17.935083389282227,355.4823303222656,126.7356948852539
2021-01-27,172.52000427246094,308.9317321777344,17.591442108154297,346.79412841796875,127.05793762207031
2021-01-28,172.67999267578125,310.7596130371094,17.72235107421875,349.7767028808594,126.35562896728516
2021-01-29,172.61000061035156,304.2218017578125,17.33506965637207,342.7742919921875,125.59542083740234
2021-02-01,174.22999572753906,311.82342529296875,17.517799377441406,348.47991943359375,125.74102020263672
2021-02-02,172.11000061035156,316.9105224609375,17.705982208251953,353.4075927734375,124.93025207519531
2021-02-03,171.85000610351562,315.6532897949219,17.774168014526367,353.6853942871094,123.82179260253906
2021-02-04,168.14999389648438,319.3864440917969,17.92418098449707,357.7052307128906,123.49085235595703
2021-02-05,169.80999755859375,320.46966552734375,18.008726119995117,359.1131591796875,122.45682525634766
2021-02-08,171.52000427246094,322.6165466308594,18.224184036254883,361.70672607421875,122.99456024169922
2021-02-09,172.0800018310547,322.5490417480469,18.24327850341797,361.4659118652344,123.08556365966797
2021-02-10,172.7100067138672,321.81390380859375,18.256914138793945,361.30841064453125,123.90451049804688
2021-02-11,171.2100067138672,323.58380126953125,18.191455841064453,361.89190673828125,123.22618865966797
2021-02-12,170.69000244140625,325.392333984375,18.278730392456055,363.6795654296875,121.6957778930664
2021-02-16,168.24000549316406,324.51226806640625,18.374187469482422,363.36456298828125,119.84275817871094
2021-02-17,166.3300018310547,322.9551086425781,18.398738861083984,363.4479675292969,120.6038589477539
2021-02-18,166.32000732421875,321.5431213378906,18.33600425720215,361.9012145996094,120.11573791503906
2021-02-19,167.00999450683594,320.1408386230469,18.488739013671875,361.2620544433594,118.51918029785156
2021-02-22,169.50999450683594,311.8427734375,18.644195556640625,358.48333740234375,117.61746215820312
2021-02-23,169.1199951171875,310.9143371582031,18.687833786010742,358.9186706542969,117.27832794189453
2021-02-24,169.0,313.4771728515625,19.00966453552246,362.87371826171875,116.50896453857422
2021-02-25,165.82000732421875,302.5485534667969,18.625102996826172,354.1300354003906,114.60629272460938
2021-02-26,161.80999755859375,303.815673828125,18.385099411010742,352.30523681640625,118.39511108398438
2021-03-01,161.52999877929688,312.9549865722656,18.846023559570312,360.84527587890625,116.83136749267578
2021-03-02,162.41000366210938,307.935546875,18.777841567993164,358.02947998046875,116.83970642089844
2021-03-03,160.6199951171875,298.999267578125,18.82693099975586,353.28704833984375,115.57247161865234
2021-03-04,159.0399932861328,294.1055908203125,18.63873863220215,348.9152526855469,114.8270263671875
2021-03-05,159.13999938964844,298.5350036621094,19.13785171508789,355.33416748046875,115.05065155029297
2021-03-08,157.49000549316406,290.082275390625,19.391494750976562,353.5649719238281,114.15616607666016
2021-03-09,160.83999633789062,301.5235290527344,19.282398223876953,358.6130065917969,115.73812866210938
2021-03-10,161.66000366210938,300.6627502441406,19.601503372192383,360.84527587890625,115.97004699707031
2021-03-11,161.52000427246094,307.5874328613281,19.60422706604004,364.5039367675781,115.1335220336914
2021-03-12,161.49000549316406,305.0921936035156,19.786956787109375,364.9948425292969,112.69019317626953
2021-03-15,162.1999969482422,308.3514709472656,19.808773040771484,367.1715087890625,113.352783203125
2021-03-16,162.35000610351562,310.0439147949219,19.6451358795166,366.70843505859375,112.89727783203125
2021-03-17,163.50999450683594,311.32061767578125,19.73241424560547,367.9587707519531,112.05245208740234
2021-03-18,162.55999755859375,301.78460693359375,19.705141067504883,362.6051330566406,110.91773986816406
2021-03-19,163.24000549316406,302.8484191894531,19.631498336791992,361.9342041015625,111.60517120361328
2021-03-22,163.0,308.52777099609375,19.69968605041504,364.8241882324219,112.85584259033203
2021-03-23,161.80999755859375,307.1819152832031,19.481494903564453,361.9528503417969,113.87459564208984
2021-03-24,162.3699951171875,302.0010986328125,19.52077293395996,360.11273193359375,114.48745727539062
2021-03-25,161.77999877929688,301.4781799316406,19.77621841430664,362.1385803222656,113.58472442626953
2021-03-26,162.24000549316406,306.00042724609375,20.23491668701172,367.9745178222656,113.18711853027344
2021-03-29,160.30999755859375,305.9132080078125,20.199207305908203,367.7886657714844,112.22635650634766
2021-03-30,157.57000732421875,304.37359619140625,20.10582160949707,366.8128967285156,112.81439971923828
2021-03-31,159.9600067138672,309.03143310546875,20.02890968322754,368.29974365234375,112.18495178222656
2021-04-01,161.97999572753906,314.29931640625,20.138784408569336,372.2770080566406,114.04690551757812
2021-04-05,161.9199981689453,320.57427978515625,20.394224166870117,377.620361328125,113.54925537109375
2021-04-06,163.22000122070312,320.3514709472656,20.32006072998047,377.3973388671875,114.32058715820312
2021-04-07,162.75999450683594,321.1261291503906,20.273366928100586,377.8341064453125,113.52434539794922
2021-04-08,164.50999450683594,324.47662353515625,20.281606674194336,379.62762451171875,114.46159362792969
2021-04-09,163.27000427246094,326.4424133300781,20.396968841552734,382.38751220703125,114.04690551757812
2021-04-12,162.27999877929688,326.016357421875,20.451902389526367,382.5268859863281,113.99714660644531
2021-04-13,163.42999267578125,329.8219909667969,20.3365421295166,383.6606140136719,114.8514175415039
2021-04-14,162.72000122070312,325.8614196777344,20.38872718811035,382.35040283203125,114.48643493652344
2021-04-15,165.35000610351562,330.7999572753906,20.48211669921875,386.4577331542969,116.40229034423828
2021-04-16,166.35000610351562,331.18743896484375,20.652416229248047,387.7494812011719,115.49829864501953
2021-04-19,165.88999938964844,328.1563720703125,20.559022903442383,385.8444519042969,115.16658782958984
2021-04-20,166.47999572753906,325.7645568847656,20.435426712036133,383.0195007324219,115.69738006591797
2021-04-21,168.1300048828125,328.5534973144531,20.66614532470703,386.6436462402344,115.92955017089844
2021-04-22,167.0399932861328,324.5929870605469,20.405210494995117,383.11236572265625,116.43548583984375
2021-04-23,166.39999389648438,328.6793518066406,20.589242935180664,387.2662048339844,116.16178131103516
2021-04-26,166.83999633789062,330.8193359375,20.5507869720459,388.0746765136719,115.9959487915039
2021-04-27,166.4199981689453,329.38629150390625,20.526065826416016,387.9911193847656,114.98411560058594
2021-04-28,166.91000366210938,328.2725524902344,20.4024658203125,387.8795166015625,115.0587158203125
2021-04-29,166.22000122070312,329.45404052734375,20.575502395629883,390.3514099121094,114.71865844726562
2021-04-30,165.66000366210938,327.2945251464844,20.47113037109375,387.7865905761719,114.98411560058594
2021-05-03,167.80999755859375,325.5514831542969,20.67987823486328,388.623046875,115.05298614501953
2021-05-04,166.5800018310547,319.6929931640625,20.806228637695312,386.2254638671875,115.83379364013672
2021-05-05,167.27000427246094,318.6181640625,20.90785789489746,386.34625244140625,116.02481079101562
2021-05-06,170.05999755859375,321.0196228027344,21.171533584594727,389.4314270019531,116.21583557128906
2021-05-07,171.58999633789062,323.62451171875,21.262176513671875,392.26568603515625,115.64271545410156
2021-05-10,172.11000061035156,315.4515075683594,21.28415298461914,388.3814392089844,114.47158813476562
2021-05-11,172.13999938964844,315.0157775878906,21.064414978027344,384.9151306152344,113.82376098632812
2021-05-12,170.42999267578125,306.8623352050781,20.690866470336914,376.7375183105469,112.62773132324219
2021-05-13,171.1300048828125,309.2346496582031,21.056177139282227,381.26312255859375,112.80216979980469
2021-05-14,172.69000244140625,316.0616149902344,21.24844741821289,387.1175537109375,113.85700225830078
2021-05-17,174.6999969482422,314.1442565917969,21.262176513671875,386.1324768066406,113.61610412597656
2021-05-18,175.0399932861328,312.0236511230469,21.028709411621094,382.8057556152344,113.3254623413086
2021-05-19,175.16000366210938,312.3819274902344,20.943561553955078,381.8020935058594,113.05130767822266
2021-05-20,175.9600067138672,318.4244079589844,21.067167282104492,385.9095153808594,113.98153686523438
2021-05-21,176.0399932861328,316.66204833984375,21.097373962402344,385.59356689453125,114.34700012207031
2021-05-24,176.35000610351562,321.98797607421875,21.163297653198242,389.5244445800781,114.77063751220703
2021-05-25,177.9499969482422,322.4334716796875,21.014976501464844,388.66009521484375,115.83379364013672
2021-05-26,177.63999938964844,323.55670166015625,21.012229919433594,389.4314270019531,115.63443756103516
2021-05-27,177.7100067138672,322.3462829589844,21.094635009765625,389.63592529296875,115.16929626464844
2021-05-28,178.3800048828125,323.3630065917969,21.13033676147461,390.3327941894531,114.986572265625
2021-06-01,177.89999389648438,322.2882385253906,21.144073486328125,389.989013671875,114.96080780029297
2021-06-02,178.77000427246094,322.9176025390625,21.20724105834961,390.6023254394531,115.22698211669922
2021-06-03,175.27000427246094,319.5574645996094,21.19350814819336,389.15264892578125,114.79439544677734
2021-06-04,177.16000366210938,324.9802551269531,21.328102111816406,392.7117919921875,116.36650848388672
2021-06-07,177.8699951171875,325.9485778808594,21.234710693359375,392.330810546875,116.00881958007812
2021-06-08,177.32000732421875,326.103515625,21.212736129760742,392.41436767578125,116.82400512695312
2021-06-09,176.97999572753906,326.1808776855469,21.146818161010742,391.8290100097656,117.85539245605469
2021-06-10,177.74000549316406,329.5799255371094,21.20724105834961,393.6503601074219,118.56236267089844
2021-06-11,175.74000549316406,330.44171142578125,21.240201950073242,394.3008117675781,118.37110137939453
2021-06-14,174.7100067138672,333.6083068847656,21.135831832885742,395.1837158203125,117.4644546508789
2021-06-15,174.0500030517578,331.42950439453125,21.124845504760742,394.45880126953125,117.32304382324219
2021-06-16,171.11000061035156,330.2190246582031,20.965534210205078,392.25640869140625,117.22328186035156
2021-06-17,165.85000610351562,334.4119873046875,20.688114166259766,392.1263122558594,118.97836303710938
2021-06-18,164.92999267578125,331.7876892089844,20.31731414794922,386.8363952636719,121.2158203125
2021-06-21,166.9499969482422,333.84979248046875,20.685373306274414,392.3743896484375,119.18624877929688
2021-06-22,166.25,336.9619140625,20.712839126586914,394.47210693359375,119.4773178100586
2021-06-23,166.13999938964844,337.1266784667969,20.6187801361084,393.99658203125,119.16960144042969
2021-06-24,166.0399932861328,339.21112060546875,20.75710105895996,396.327392578125,119.36094665527344
2021-06-25,166.58999633789062,338.794189453125,20.89266014099121,397.73516845703125,118.12159729003906
2021-06-28,166.5800018310547,342.9143981933594,20.83180046081543,398.5369567871094,119.33595275878906
2021-06-29,164.8300018310547,344.1553649902344,20.809667587280273,398.7513732910156,119.53559875488281
2021-06-30,165.6300048828125,343.6125183105469,20.920326232910156,399.0869140625,120.06795501708984
2021-07-01,166.1999969482422,343.74822998046875,21.017154693603516,401.29656982421875,120.07460021972656
2021-07-02,167.2899932861328,347.6939392089844,21.044816970825195,404.3639221191406,120.79915618896484
2021-07-06,168.1199951171875,349.1966857910156,20.820735931396484,403.62738037109375,122.21509552001953
2021-07-07,168.75999450683594,349.9335632324219,20.914798736572266,405.0538635253906,123.29779052734375
2021-07-08,168.64999389648438,347.82000732421875,20.726673126220703,401.75347900390625,123.78085327148438
2021-07-09,169.2100067138672,349.99163818359375,21.033750534057617,406.0421142578125,122.04015350341797
2021-07-12,169.0,351.358642578125,21.083547592163086,407.4964904785156,121.88192749023438
2021-07-13,169.22000122070312,351.358642578125,20.970123291015625,406.1073913574219,120.94918823242188
2021-07-14,171.0399932861328,351.98876953125,20.99502182006836,406.7132568359375,122.32334899902344
2021-07-15,171.07000732421875,349.51666259765625,21.036521911621094,405.32421875,123.67266082763672
2021-07-16,169.41000366210938,346.6857604980469,20.87329864501953,402.14508056640625,123.43940734863281
2021-07-19,169.61000061035156,343.8451232910156,20.53577995300293,396.20623779296875,126.14625549316406
2021-07-20,169.38999938964844,347.8395080566406,20.809667587280273,401.8840026855469,124.93022155761719
2021-07-21,168.75999450683594,350.5248718261719,20.970123291015625,405.13775634765625,123.3477783203125
2021-07-22,169.08999633789062,352.8419189453125,20.809667587280273,405.9861755371094,124.51385498046875
2021-07-23,168.55999755859375,356.9622497558594,20.972888946533203,410.1628723144531,123.680908203125
2021-07-26,168.16000366210938,357.2433166503906,21.025455474853516,411.16986083984375,123.31446075439453
2021-07-27,168.44000244140625,353.3072814941406,21.00885009765625,409.2958068847656,124.63042449951172
2021-07-28,169.2899932861328,354.6645202636719,20.981191635131836,409.1280212402344,124.63864135742188
2021-07-29,171.1699981689453,355.294677734375,21.11121940612793,410.824951171875,123.94746398925781
2021-07-30,169.82000732421875,353.44305419921875,21.055885314941406,408.8297424316406,124.53046417236328
2021-08-02,169.61000061035156,353.4720764160156,21.01992416381836,407.97198486328125,125.64125061035156
2021-08-03,169.49000549316406,355.6145935058594,21.266143798828125,411.29107666015625,125.70790100097656
2021-08-04,169.52999877929688,356.1285095214844,20.99778938293457,409.2678527832031,125.96636199951172
2021-08-05,168.86000061035156,358.3873596191406,21.11397933959961,411.85968017578125,125.32431030273438
2021-08-06,164.63999938964844,356.8167419433594,21.18037986755371,412.5403137207031,123.2313232421875
2021-08-09,161.72000122070312,357.4761047363281,21.163782119750977,412.2047119140625,122.7892837524414
2021-08-10,161.77000427246094,355.64373779296875,21.354665756225586,412.71746826171875,122.2222671508789
2021-08-11,164.0,355.0329284667969,21.468093872070312,413.7430114746094,122.1472396850586
2021-08-12,164.0399932861328,356.31268310546875,21.487462997436523,414.9830322265625,121.94713592529297
2021-08-13,166.38999938964844,357.56329345703125,21.53172492980957,415.7381591796875,123.87332916259766
2021-08-16,167.22000122070312,357.71844482421875,21.61472511291504,416.7171630859375,124.17353820800781
2021-08-17,166.97000122070312,354.5675354003906,21.468093872070312,413.9853820800781,124.12356567382812
2021-08-18,167.10000610351562,351.1551208496094,21.161014556884766,409.454345703125,124.5404281616211
2021-08-19,166.61000061035156,352.8515625,21.163782119750977,410.0883483886719,125.45774841308594
2021-08-20,166.6999969482422,356.50653076171875,21.27996826171875,413.3514099121094,125.54113006591797
2021-08-23,168.72999572753906,361.8386535644531,21.412763595581055,416.98748779296875,125.45774841308594
2021-08-24,168.64999389648438,362.94384765625,21.39616584777832,417.6494445800781,124.48210906982422
2021-08-25,167.47999572753906,363.3607482910156,21.437664031982422,418.5257873535156,123.44806671142578
2021-08-26,167.6699981689453,361.05340576171875,21.32976722717285,416.05517578125,123.78998565673828
2021-08-27,170.19000244140625,364.5629577636719,21.506824493408203,419.7751159667969,124.63214874267578
2021-08-30,169.35000610351562,368.65411376953125,21.479156494140625,421.62115478515625,124.95745086669922
2021-08-31,169.69000244140625,368.3536071777344,21.49576187133789,420.9964294433594,124.10686492919922
2021-09-01,169.6999969482422,368.96429443359375,21.39616584777832,421.2201843261719,124.31475067138672
2021-09-02,169.25,368.789794921875,21.53172492980957,422.5162048339844,124.85736846923828
2021-09-03,171.05999755859375,369.9241943359375,21.520660400390625,422.4134826660156,123.7219009399414
2021-09-07,167.7100067138672,370.4476623535156,21.23571014404297,420.90325927734375,122.67826080322266
2021-09-08,167.2899932861328,369.1582336425781,21.24677848815918,420.3903503417969,123.51315307617188
2021-09-09,168.02999877929688,367.8882751464844,21.133352279663086,418.5910339355469,125.00775146484375
2021-09-10,167.17999267578125,365.0960998535156,21.033750534057617,415.2906799316406,123.90557098388672
2021-09-13,167.74000549316406,364.8440246582031,21.136112213134766,416.3533935546875,124.65703582763672
2021-09-14,168.82000732421875,363.8067626953125,20.98948860168457,414.106689453125,126.16822052001953
2021-09-15,167.8300018310547,366.5115661621094,21.177610397338867,417.5655822753906,125.7258071899414
2021-09-16,164.02999877929688,366.763671875,21.036521911621094,416.9035949707031,125.14971923828125
2021-09-17,163.77000427246094,362.42041015625,20.90096092224121,412.8425598144531,124.54850006103516
2021-09-20,164.94000244140625,354.931640625,20.610477447509766,405.95867919921875,126.09323120117188
2021-09-21,166.0399932861328,355.3682861328125,20.53577995300293,405.57513427734375,125.9846420288086
2021-09-22,165.4199981689453,358.6876525878906,20.716201782226562,409.5315246582031,126.73607635498047
2021-09-23,163.50999450683594,361.9971923828125,20.99506187438965,414.5074157714844,123.87226104736328
2021-09-24,163.3000030517578,362.3369140625,21.036884307861328,415.19012451171875,122.66154479980469
2021-09-27,163.63999938964844,359.44464111328125,21.173526763916016,414.00225830078125,122.21063995361328
2021-09-28,162.0500030517578,349.2732849121094,20.922555923461914,405.659423828125,120.3069839477539
2021-09-29,161.32000732421875,348.7006530761719,21.022937774658203,406.342041015625,120.51573181152344
2021-09-30,164.22000122070312,347.41949462890625,20.70225715637207,401.3756408691406,120.49907684326172
2021-10-01,164.58999633789062,349.5740966796875,20.978328704833984,406.145751953125,121.5131607055664
2021-10-04,165.36000061035156,342.23675537109375,20.894670486450195,400.90802001953125,121.20378112792969
2021-10-05,164.58999633789062,346.8565979003906,21.020153045654297,405.0794677734375,120.03338623046875
2021-10-06,165.02999877929688,349.07916259765625,21.053621292114258,406.7629699707031,120.7105712890625
2021-10-07,164.16000366210938,352.2820129394531,21.212566375732422,410.27972412109375,119.44818878173828
2021-10-08,164.22999572753906,350.5252685546875,21.206987380981445,409.5315246582031,118.61221313476562
2021-10-11,163.9199981689453,347.8369140625,21.10381317138672,406.56658935546875,118.31123352050781
2021-10-12,164.66000366210938,346.6236877441406,21.000635147094727,405.5657958984375,120.3343276977539
2021-10-13,167.58999633789062,349.39947509765625,21.053621292114258,407.02490234375,121.50479125976562
2021-10-14,168.0,355.83416748046875,21.377090454101562,413.871337890625,121.9561996459961
2021-10-15,165.3300018310547,358.0761413574219,21.471900939941406,417.0232238769531,121.24555206298828
2021-10-18,164.9199981689453,361.6769104003906,21.402189254760742,418.2579040527344,121.8140869140625
2021-10-19,165.4499969482422,364.4139099121094,21.591808319091797,421.4847106933594,120.13365936279297
2021-10-20,166.89999389648438,363.9383544921875,21.800952911376953,423.14019775390625,119.32280731201172
2021-10-21,166.75,366.1608581542969,21.692197799682617,424.2438049316406,119.18073272705078
2021-10-22,167.77000427246094,363.084228515625,21.750757217407227,423.80419921875,120.4931869506836
2021-10-25,168.92999267578125,366.8014221191406,21.803739547729492,426.0769958496094,120.30928802490234
2021-10-26,167.67999267578125,367.9564208984375,21.745180130004883,426.4605712890625,121.3040771484375
2021-10-27,168.1199951171875,368.8105773925781,21.446805953979492,424.57122802734375,123.51116180419922
2021-10-28,168.0800018310547,372.90618896484375,21.62248420715332,428.66778564453125,123.09319305419922
2021-10-29,166.64999389648438,374.7405700683594,21.614116668701172,429.5375671386719,123.46931457519531
2021-11-01,167.52000427246094,376.02166748046875,21.661521911621094,430.2765808105469,122.58033752441406
2021-11-02,167.16000366210938,377.5939636230469,21.80931854248047,432.0162048339844,123.12452697753906
2021-11-03,165.77000427246094,381.60235595703125,21.937593460083008,434.6537780761719,121.85213470458984
2021-11-04,167.64999389648438,386.4940490722656,21.865087509155273,436.7020568847656,123.13286590576172
2021-11-05,169.83999633789062,386.8628234863281,21.998939514160156,438.2172546386719,124.97437286376953
2021-11-08,170.4499969482422,386.3387145996094,21.982208251953125,438.5913391113281,124.74005889892578
2021-11-09,171.2899932861328,383.6793518066406,21.940380096435547,437.14166259765625,126.3639144897461
2021-11-10,173.14999389648438,378.0404052734375,21.968257904052734,433.6248474121094,124.05364227294922
2021-11-11,174.1199951171875,379.0886535644531,22.007308959960938,433.7652282714844,123.86947631835938
2021-11-12,174.4499969482422,383.0776672363281,22.068653106689453,437.0387268066406,123.32540893554688
2021-11-15,174.17999267578125,382.99029541015625,22.082597732543945,437.1883850097656,121.77680206298828
2021-11-16,172.9199981689453,385.717529296875,22.10769271850586,438.9187927246094,121.4670639038086
2021-11-17,174.5,385.92144775390625,22.021249771118164,437.8525085449219,122.42967987060547
2021-11-18,173.94000244140625,389.9200134277344,21.934804916381836,439.33966064453125,122.89014434814453
2021-11-19,172.61000061035156,392.0941162109375,21.795372009277344,438.55401611328125,124.18759155273438
2021-11-22,168.74000549316406,387.5422668457031,21.89855194091797,437.31939697265625,122.73109436035156
2021-11-23,167.27999877929688,385.77581787109375,22.021249771118164,437.8992919921875,120.95648193359375
2021-11-24,167.1199951171875,387.01806640625,21.954322814941406,439.068359375,122.89852905273438
2021-11-26,166.85000610351562,379.6807556152344,21.552770614624023,429.2757568359375,126.00405883789062
2021-11-29,166.6199951171875,387.92071533203125,21.625274658203125,434.5415954589844,124.99122619628906
2021-11-30,165.5,382.22357177734375,21.17073631286621,426.08636474609375,126.89128112792969
2021-12-01,166.16000366210938,375.72088623046875,21.07314109802246,421.3537902832031,127.67410278320312
2021-12-02,165.24000549316406,378.4287414550781,21.388248443603516,427.807373046875,127.83326721191406
2021-12-03,166.6300048828125,371.84832763671875,21.427284240722656,424.0848693847656,129.35865783691406
2021-12-06,166.22000122070312,374.8279113769531,21.63921356201172,429.1073913574219,127.5819091796875
2021-12-07,166.80999755859375,386.115478515625,21.87066078186035,437.9833984375,126.551025390625
2021-12-08,166.89999389648438,387.84307861328125,21.8200740814209,439.1432189941406,124.36365509033203
2021-12-09,165.8800048828125,382.13616943359375,21.772287368774414,436.1783752441406,125.0592269897461
2021-12-10,166.5800018310547,386.2901916503906,22.002771377563477,440.2843017578125,124.757568359375
2021-12-13,167.0,380.70947265625,21.929691314697266,436.38409423828125,126.60130310058594
2021-12-14,165.44000244140625,376.7690124511719,21.91563606262207,433.38177490234375,126.2996597290039
2021-12-15,166.14999389648438,385.3584289550781,22.20233726501465,440.1533508300781,125.08441162109375
2021-12-16,168.16000366210938,375.4490661621094,22.362550735473633,436.2718505859375,125.13301849365234
2021-12-17,167.8000030517578,373.575927734375,22.09552574157715,431.628662109375,126.551025390625
2021-12-20,167.08999633789062,369.95208740234375,21.949371337890625,427.03900146484375,125.60291290283203
2021-12-21,167.02000427246094,378.2317810058594,22.12363624572754,434.6227111816406,125.12467956542969
2021-12-22,168.58999633789062,382.83807373046875,22.2473087310791,438.9684753417969,125.70359802246094
2021-12-23,168.97000122070312,385.72430419921875,22.373796463012695,441.69964599609375,124.61285400390625
2021-12-27,169.3699951171875,392.09930419921875,22.638004302978516,447.9507141113281,124.9149398803711
2021-12-28,168.63999938964844,390.2819519042969,22.6829833984375,447.5845947265625,124.4198989868164
2021-12-29,168.58999633789062,390.2236633300781,22.727951049804688,448.1571350097656,123.06065368652344
2021-12-30,169.8000030517578,389.0575256347656,22.685792922973633,446.9182434082031,124.09265899658203
2021-12-31,170.9600067138672,386.6280822753906,22.719512939453125,445.7919006347656,124.33599853515625
2022-01-03,168.3300018310547,390.35009765625,22.713895797729492,448.3730163574219,121.07212829589844
2022-01-04,169.57000732421875,385.28704833984375,22.989356994628906,448.2228698730469,120.56873321533203
2022-01-05,169.05999755859375,373.45050048828125,22.84319496154785,439.6160583496094,119.91426086425781
2022-01-06,166.99000549316406,373.18817138671875,22.910654067993164,439.2030334472656,120.22479248046875
2022-01-07,167.75,369.1455078125,22.95000457763672,437.4666748046875,119.36050415039062
2022-01-10,168.25999450683594,369.388427734375,22.95000457763672,436.92236328125,119.65418243408203
2022-01-11,170.2899932861328,374.9374084472656,23.031517028808594,440.9018859863281,120.45124816894531
2022-01-12,170.74000549316406,376.4242248535156,23.02027702331543,442.09393310546875,119.98979949951172
2022-01-13,170.16000366210938,367.0075988769531,22.989356994628906,436.0024719238281,121.05537414550781
2022-01-14,169.6699981689453,369.29132080078125,22.966867446899414,436.18084716796875,119.22625732421875
2022-01-18,169.38999938964844,360.09808349609375,22.699846267700195,428.4562072753906,117.5482406616211
2022-01-19,172.0800018310547,356.1429748535156,22.438444137573242,424.0073547363281,118.36209106445312
2022-01-20,171.64999389648438,351.51715087890625,22.12363624572754,419.31439208984375,119.0920181274414
2022-01-21,171.08999633789062,341.7700500488281,21.828502655029297,411.0829772949219,120.5100326538086
2022-01-24,172.02999877929688,343.33465576171875,21.91844940185547,412.8287658691406,119.51993560791016
2022-01-25,172.5800018310547,335.37567138671875,21.93250274658203,407.7884521484375,119.32698822021484
2022-01-26,169.7899932861328,334.8509521484375,21.75823402404785,406.7654113769531,117.88384246826172
2022-01-27,167.60000610351562,331.4788513183594,21.671096801757812,404.75677490234375,120.04854583740234
2022-01-28,167.10000610351562,341.8769226074219,21.943750381469727,414.8091735839844,120.09049987792969
2022-01-31,168.08999633789062,352.8096923828125,22.09833526611328,422.28033447265625,119.46956634521484
2022-02-01,168.22999572753906,355.2099914550781,22.230440139770508,425.13360595703125,119.07305908203125
2022-02-02,168.83999633789062,358.09613037109375,22.410337448120117,429.263427734375,119.47634887695312
2022-02-03,168.60000610351562,343.57763671875,22.16298484802246,419.1735534667969,118.54371643066406
2022-02-04,168.86000061035156,347.9117431640625,22.07585334777832,421.1446533203125,116.79611206054688
2022-02-07,170.11000061035156,345.1130065917969,22.132068634033203,419.79302978515625,116.8717269897461
2022-02-08,170.6300048828125,348.9905090332031,22.311954498291016,423.2470703125,116.09034729003906
2022-02-09,171.2100067138672,356.3858642578125,22.415956497192383,429.4417419433594,116.30874633789062
2022-02-10,170.55999755859375,348.3199462890625,22.039310455322266,421.72650146484375,114.46035766601562
2022-02-11,173.80999755859375,337.27069091796875,21.887527465820312,413.41058349609375,116.1575698852539
2022-02-14,174.74000549316406,337.6885070800781,21.718887329101562,412.05902099609375,114.71240234375
2022-02-15,173.0800018310547,346.0849304199219,21.935312271118164,418.70428466796875,113.41010284423828
2022-02-16,174.86000061035156,345.9974060058594,21.963415145874023,419.1735534667969,114.08222198486328
2022-02-17,177.25,335.7060546875,21.718887329101562,410.2193603515625,114.93084716796875
2022-02-18,177.1199951171875,331.8771667480469,21.73855972290039,407.563232421875,116.14070129394531
2022-02-22,177.49000549316406,328.5439758300781,21.541805267333984,403.1894226074219,116.44316864013672
2022-02-23,178.2899932861328,320.1282043457031,21.2691593170166,396.0373229980469,114.83843231201172
2022-02-24,177.13999938964844,330.885986328125,21.120189666748047,401.99737548828125,114.91405487060547
2022-02-25,176.5500030517578,336.01708984375,21.76104736328125,410.8670654296875,114.9980697631836
2022-02-28,178.3800048828125,337.0179748535156,21.671096801757812,409.8158264160156,117.51861572265625
2022-03-01,181.6199951171875,331.8576965332031,21.286026000976562,403.5742492675781,118.87734985351562
2022-03-02,179.72999572753906,337.4261474609375,21.783531188964844,410.99847412109375,114.81381225585938
2022-03-03,180.8000030517578,332.6060485839844,21.86504364013672,408.95233154296875,115.98324584960938
2022-03-04,183.67999267578125,327.7860107421875,21.822879791259766,405.6297607421875,117.98558044433594
2022-03-07,186.41000366210938,315.69683837890625,21.43499183654785,393.67218017578125,117.08543395996094
2022-03-08,191.50999450683594,314.22943115234375,21.21575164794922,390.6874084472656,115.90751647949219
2022-03-09,185.82000732421875,325.5411376953125,21.541805267333984,401.16204833984375,114.77178955078125
2022-03-10,186.39999389648438,321.92608642578125,21.398456573486328,399.3505554199219,113.12277221679688
2022-03-11,185.08999633789062,315.2498474121094,21.277589797973633,394.2728271484375,113.50139617919922
2022-03-14,182.3000030517578,309.195556640625,21.398456573486328,391.3913879394531,110.85123443603516
2022-03-15,178.88999938964844,318.89404296875,21.676721572875977,399.9981994628906,110.65776062011719
2022-03-16,180.00999450683594,330.7207946777344,21.895967483520508,408.86785888671875,111.74307250976562
2022-03-17,180.88999938964844,334.724609375,22.089908599853516,413.9831848144531,110.9101333618164
2022-03-18,179.3000030517578,341.5756530761719,22.13768768310547,418.5174560546875,112.2646713256836
2022-03-21,180.6699981689453,340.62603759765625,22.174230575561523,418.39508056640625,109.66500091552734
2022-03-22,179.36000061035156,347.3202819824219,22.328821182250977,423.2908630371094,108.26002502441406
2022-03-23,181.80999755859375,342.328857421875,22.056650161743164,417.8395690917969,110.6325454711914
2022-03-24,183.1300048828125,349.9376220703125,22.26601219177246,424.13818359375,109.76595306396484
2022-03-25,182.3800048828125,349.6458435058594,22.481033325195312,426.20947265625,108.24320220947266
2022-03-28,179.05999755859375,355.0555725097656,22.435766220092773,429.2411804199219,109.16864013671875
2022-03-29,179.13999938964844,361.166015625,22.650787353515625,434.55126953125,109.99309539794922
2022-03-30,180.5800018310547,357.1767578125,22.591373443603516,431.8680114746094,110.85123443603516
2022-03-31,180.64999389648438,352.7496032714844,22.31976890563965,425.2209167480469,111.1204605102539
2022-04-01,179.5,352.0782165527344,22.415964126586914,426.4261474609375,111.54346466064453
2022-04-04,180.3699951171875,359.32696533203125,22.44708251953125,430.0790710449219,110.7682876586914
2022-04-05,179.24000549316406,351.3485107421875,22.314109802246094,424.6466064453125,108.26576232910156
2022-04-06,179.66000366210938,343.72021484375,22.3424015045166,420.40045166015625,107.38941955566406
2022-04-07,180.33999633789062,344.5375061035156,22.432937622070312,422.518798828125,106.58057403564453
2022-04-08,181.47000122070312,339.72119140625,22.481033325195312,421.3890380859375,105.42620086669922
2022-04-11,182.3699951171875,331.68426513671875,22.322593688964844,414.1865234375,103.75785064697266
2022-04-12,183.77000427246094,330.28314208984375,22.257522583007812,412.65191650390625,103.61461639404297
2022-04-13,184.64999389648438,336.996826171875,22.393325805664062,417.37823486328125,103.82524871826172
2022-04-14,184.0399932861328,329.2906188964844,22.26601219177246,412.18115234375,101.7439956665039
2022-04-18,184.61000061035156,329.5436706542969,22.229232788085938,412.35064697265625,101.23847198486328
2022-04-19,181.82000732421875,336.9092712402344,22.472549438476562,419.00701904296875,100.4801025390625
2022-04-20,182.7100067138672,331.9956359863281,22.70171356201172,418.69635009765625,102.50237274169922
2022-04-21,182.05999755859375,325.12628173828125,22.506498336791992,412.4353332519531,101.7439956665039
2022-04-22,180.2899932861328,316.61260986328125,22.000064849853516,401.118408203125,101.1036376953125
2022-04-25,177.0500030517578,320.6797180175781,22.045330047607422,403.444091796875,102.1147689819336
2022-04-26,177.32000732421875,308.57562255859375,21.669044494628906,391.7598876953125,103.14274597167969
2022-04-27,175.97999572753906,308.20587158203125,21.702999114990234,392.8614807128906,101.81983184814453
2022-04-28,176.92999267578125,319.1520690917969,22.01137924194336,402.784912109375,101.9715347290039
2022-04-29,176.91000366210938,304.79071044921875,21.400270462036133,387.8997802734375,100.64865112304688
2022-05-02,173.6300048828125,309.8795166015625,21.482316970825195,390.234619140625,98.90401458740234
2022-05-03,174.08999633789062,310.2102966308594,21.643577575683594,392.0235900878906,99.57080841064453
2022-05-04,175.8000030517578,320.6990966796875,22.297134399414062,403.9618225097656,100.11943817138672
2022-05-05,175.1300048828125,304.5473937988281,21.74260711669922,389.6037902832031,97.37631225585938
2022-05-06,175.4199981689453,300.8987121582031,21.793527603149414,387.2783508300781,95.9414291381836
2022-05-09,172.8800048828125,289.12548828125,21.499292373657227,374.8787536621094,96.78547668457031
2022-05-10,171.4199981689453,292.637939453125,21.391780853271484,375.74493408203125,97.66329193115234
2022-05-11,172.82000732421875,283.9588623046875,21.222028732299805,369.77581787109375,99.54547882080078
2022-05-12,170.1699981689453,283.2874755859375,21.349346160888672,369.3897399902344,99.35982513427734
2022-05-13,168.7899932861328,293.7861022949219,21.58700180053711,378.2210998535156,97.89115905761719
2022-05-16,170.39999389648438,290.38067626953125,21.660558700561523,376.6864318847656,97.78990173339844
2022-05-17,169.3300018310547,297.9019470214844,22.05381965637207,384.43499755859375,96.60826110839844
2022-05-18,169.4199981689453,283.2778015136719,21.36631965637207,368.9378967285156,98.6677017211914
2022-05-19,171.91000366210938,281.7598571777344,21.04944610595703,366.67822265625,98.90401458740234
2022-05-20,172.02999877929688,280.8841552734375,21.142812728881836,366.8382568359375,100.02660369873047
2022-05-23,172.8300018310547,285.55462646484375,21.408756256103516,373.701904296875,98.38069152832031
2022-05-24,174.1300048828125,279.4830322265625,21.533246994018555,370.8491516113281,100.32200622558594
2022-05-25,173.0800018310547,283.3945617675781,21.74826431274414,374.1255187988281,100.71870422363281
2022-05-26,172.75999450683594,291.2465515136719,22.042499542236328,381.60107421875,100.26292419433594
2022-05-27,172.85000610351562,300.7527160644531,22.384843826293945,390.96905517578125,100.50769805908203
2022-05-31,171.13999938964844,299.9548645019531,22.23488998413086,388.7752990722656,98.38069152832031
2022-06-01,172.22999572753906,297.7364196777344,22.04816246032715,385.6307373046875,98.2682876586914
2022-06-02,174.35000610351562,305.8901672363281,22.23488998413086,392.9744567871094,98.31900787353516
2022-06-03,172.5800018310547,297.9310302734375,22.082115173339844,386.5251159667969,98.10763549804688
2022-06-06,171.82000732421875,298.9234619140625,22.104751586914062,387.7020568847656,96.29815673828125
2022-06-07,172.94000244140625,301.5019226074219,22.316936492919922,391.4209289550781,97.33816528320312
2022-06-08,172.77999877929688,299.3322448730469,21.980260848999023,387.1654052734375,96.47572326660156
2022-06-09,172.22999572753906,291.3146667480469,21.578510284423828,377.9574279785156,96.79703521728516
2022-06-10,174.5399932861328,281.0398254394531,21.134319305419922,366.99835205078125,96.19668579101562
2022-06-13,169.92999267578125,267.9725341796875,20.534526824951172,353.0641784667969,93.17813873291016
2022-06-14,168.57000732421875,268.4591064453125,20.412866592407227,352.0001525878906,92.00282287597656
2022-06-15,170.77000427246094,275.1629638671875,20.48076820373535,357.0184020996094,93.71927642822266
2022-06-16,172.69000244140625,264.0611267089844,19.971513748168945,345.2025146484375,94.46334838867188
2022-06-17,171.27000427246094,267.27197265625,19.892292022705078,345.94671630859375,94.76771545410156
2022-06-21,170.6300048828125,274.0151062011719,20.36194610595703,354.6554260253906,93.1612319946289
2022-06-22,171.30999755859375,273.6154479980469,20.257369995117188,354.012451171875,95.72318267822266
2022-06-23,170.25999450683594,277.6903991699219,20.31736946105957,357.482666015625,96.5095443725586
2022-06-24,170.08999633789062,287.2050476074219,20.860233306884766,368.84844970703125,95.17361450195312
2022-06-27,169.89999389648438,285.0993957519531,20.863096237182617,367.4395446777344,94.36187744140625
2022-06-28,169.6199951171875,276.4132995605469,20.645946502685547,359.9316711425781,94.80157470703125
2022-06-29,169.49000549316406,276.6667175292969,20.528804779052734,359.6385498046875,96.28125762939453
2022-06-30,168.4600067138672,273.23529052734375,20.465946197509766,356.7167663574219,97.12678527832031
2022-07-01,168.32000732421875,275.0387878417969,20.6202335357666,360.4895324707031,98.12395477294922
2022-07-05,164.75,279.7473449707031,20.471660614013672,361.1703796386719,98.8948974609375
2022-07-06,162.13999938964844,281.5410461425781,20.525943756103516,362.39013671875,97.2343978881836
2022-07-07,162.22999572753906,287.56573486328125,20.754518508911133,367.8177185058594,96.37871551513672
2022-07-08,162.3000030517578,287.9264831542969,20.714521408081055,367.5152282714844,95.31122589111328
2022-07-11,161.42999267578125,281.7751159667969,20.60022735595703,363.31689453125,96.95479583740234
2022-07-12,160.8300018310547,279.0454406738281,20.51737403869629,360.10186767578125,97.5309066772461
2022-07-13,161.60000610351562,278.47027587890625,20.365943908691406,358.210693359375,98.64923095703125
2022-07-14,159.3300018310547,279.4646911621094,20.225936889648438,357.34088134765625,97.84436798095703
2022-07-15,159.00999450683594,284.53399658203125,20.51737403869629,364.1678466796875,98.39505767822266
2022-07-18,159.16000366210938,282.1259765625,20.357372283935547,361.1609802246094,97.36992645263672
2022-07-19,159.5399932861328,290.8023681640625,20.74308967590332,370.9192199707031,96.84466552734375
2022-07-20,158.0399932861328,295.4134521484375,20.694515228271484,373.28314208984375,97.09882354736328
2022-07-21,160.27000427246094,299.6541748046875,20.711660385131836,377.0843811035156,98.77630615234375
2022-07-22,160.6699981689453,294.3995666503906,20.623088836669922,373.5857238769531,100.43682861328125
2022-07-25,160.22999572753906,292.72283935546875,20.72023582458496,374.03955078125,99.45405578613281
2022-07-26,160.0399932861328,286.9711608886719,20.66023063659668,369.6143493652344,99.5302963256836
2022-07-27,161.6699981689453,299.09844970703125,20.95452308654785,379.21185302734375,98.97116088867188
2022-07-28,163.63999938964844,302.02301025390625,21.09452247619629,383.9681701660156,99.75907135009766
2022-07-29,164.10000610351562,307.5310363769531,21.265953063964844,389.56591796875,99.48794555664062
2022-08-01,165.02999877929688,307.3457336425781,21.285951614379883,388.41229248046875,101.88397979736328
2022-08-02,164.0500030517578,306.429443359375,21.09452247619629,385.8497314453125,99.72818756103516
2022-08-03,164.4499969482422,314.7742614746094,21.314523696899414,391.89202880859375,101.29832458496094
2022-08-04,167.1699981689453,316.246337890625,21.257381439208984,391.6272277832031,101.2643814086914
2022-08-05,165.2899932861328,313.66290283203125,21.3173828125,390.9653625488281,98.85396575927734
2022-08-08,166.69000244140625,312.6490478515625,21.340240478515625,390.5115051269531,100.44959259033203
2022-08-09,167.1999969482422,309.1103210449219,21.3316707611084,388.9607238769531,100.05912780761719
2022-08-10,166.77999877929688,317.73785400390625,21.700244903564453,397.1304931640625,99.40562438964844
2022-08-11,166.33999633789062,315.9343566894531,21.74024200439453,397.1304931640625,97.08853149414062
2022-08-12,167.8699951171875,322.0857238769531,22.06882095336914,403.853515625,98.0730972290039
2022-08-15,165.7100067138672,324.68865966796875,22.114534378051758,405.5177001953125,97.98820495605469
2022-08-16,165.4199981689453,323.9281921386719,22.248821258544922,406.3119812011719,98.39562225341797
2022-08-17,164.35000610351562,320.2334899902344,22.10596466064453,403.4279479980469,97.3686294555664
2022-08-18,163.9199981689453,321.0036315917969,22.240249633789062,404.6004943847656,97.5129165649414
2022-08-19,162.72000122070312,314.7449951171875,22.065963745117188,399.1634216308594,95.9427490234375
2022-08-22,161.63999938964844,306.45867919921875,21.657384872436523,390.85186767578125,95.62020111083984
2022-08-23,162.77000427246094,306.2052001953125,21.61452865600586,389.9063415527344,95.09398651123047
2022-08-24,163.25,307.0923156738281,21.623098373413086,391.1544494628906,94.39801788330078
2022-08-25,163.75,312.522216796875,21.863100051879883,396.6766357421875,95.71355438232422
2022-08-26,161.75999450683594,299.712646484375,21.22024154663086,383.24945068359375,96.43502044677734
2022-08-29,161.86000061035156,296.7586975097656,21.083093643188477,380.7153015136719,95.63715362548828
2022-08-30,160.50999450683594,293.4539489746094,20.860233306884766,376.53594970703125,95.87480926513672
2022-08-31,159.27000427246094,291.7479553222656,20.685949325561523,373.6708068847656,94.95816040039062
2022-09-01,157.8699951171875,291.8746032714844,20.768802642822266,374.8433837890625,93.21967315673828
2022-09-02,159.25999450683594,287.7509765625,20.580232620239258,370.8908386230469,93.74701690673828
2022-09-06,158.3300018310547,285.68426513671875,20.508800506591797,369.49139404296875,91.42501831054688
2022-09-07,159.94000244140625,291.4555358886719,20.808807373046875,376.1293029785156,92.87093353271484
2022-09-08,158.97999572753906,292.9665222167969,20.97452163696289,378.5877990722656,91.91832733154297
2022-09-09,159.82000732421875,299.37139892578125,21.22024154663086,384.4692687988281,92.12249755859375
2022-09-12,160.6300048828125,302.9296569824219,21.30595588684082,388.6014709472656,91.36548614501953
2022-09-13,158.5399932861328,286.31793212890625,20.485944747924805,371.7040710449219,91.57811737060547
2022-09-14,157.92999267578125,288.58935546875,20.50308609008789,373.1224060058594,91.89282989501953
2022-09-15,154.97999572753906,283.7832946777344,20.34023094177246,368.8862609863281,91.8332748413086
2022-09-16,155.83999633789062,282.0480041503906,20.34023094177246,366.0721130371094,91.06781768798828
2022-09-19,155.9600067138672,284.2444152832031,20.50308609008789,368.9108581542969,91.28042602539062
2022-09-20,155.07000732421875,281.97869873046875,20.288799285888672,364.6763916015625,90.37033081054688
2022-09-21,155.7899932861328,276.9295959472656,20.01116371154785,358.3150329589844,91.88433074951172
2022-09-22,155.6999969482422,273.52117919921875,19.944849014282227,355.3052978515625,89.53684997558594
2022-09-23,153.00999450683594,269.06781005859375,19.62483787536621,349.3521423339844,89.90257263183594
2022-09-26,151.22999572753906,267.95452880859375,19.408613204956055,345.8960876464844,88.1844253540039
2022-09-27,151.5399932861328,268.0618896484375,19.319231033325195,345.0132141113281,85.86245727539062
2022-09-28,154.69000244140625,273.3941955566406,19.682497024536133,351.8017272949219,88.7373046875
2022-09-29,154.66000366210938,265.512939453125,19.382661819458008,344.4529724121094,88.27803039550781
2022-09-30,154.6699981689453,261.0107116699219,19.15201759338379,339.12652587890625,87.1382827758789
2022-10-03,158.42999267578125,267.1341552734375,19.665203094482422,348.0798645019531,88.5228500366211
2022-10-04,160.6999969482422,275.5330810546875,20.17837905883789,358.8656921386719,88.27560424804688
2022-10-05,159.80999755859375,275.3865661621094,20.143781661987305,358.0301513671875,87.43157196044922
2022-10-06,159.6300048828125,273.2184143066406,19.884307861328125,354.3367614746094,86.94557189941406
2022-10-07,157.8800048828125,262.8077087402344,19.486448287963867,344.4529724121094,86.10155487060547
2022-10-10,155.47999572753906,260.18060302734375,19.42302131652832,341.82293701171875,84.76297760009766
2022-10-11,155.16000366210938,256.606201171875,19.379779815673828,339.65814208984375,85.13813018798828
2022-10-12,155.99000549316406,256.518310546875,19.36248016357422,338.5378723144531,85.55589294433594
2022-10-13,154.91000366210938,262.5342712402344,19.930437088012695,347.4721984863281,84.73741912841797
2022-10-14,152.97999572753906,254.64312744140625,19.587356567382812,339.55377197265625,84.03831481933594
2022-10-17,153.4199981689453,263.0518798828125,19.910253524780273,348.279296875,83.62908935546875
2022-10-18,153.75,265.13201904296875,20.17837905883789,352.37152099609375,83.82516479492188
2022-10-19,151.69000244140625,264.1650695800781,19.95638084411621,349.8743591308594,82.29906463623047
2022-10-20,151.4499969482422,262.8174133300781,19.75745391845703,346.9405212402344,80.89234161376953
2022-10-21,154.14999389648438,268.97991943359375,20.2100887298584,355.3717346191406,79.43440246582031
2022-10-24,153.64999389648438,271.9390563964844,20.57047462463379,359.72021484375,78.77792358398438
2022-10-25,154.0,277.5643615722656,20.775171279907227,365.46441650390625,81.07133483886719
2022-10-26,154.97999572753906,271.4311828613281,20.867422103881836,362.7109375,82.23936462402344
2022-10-27,154.74000549316406,266.4895324707031,20.90778923034668,360.7740783691406,83.10047912597656
2022-10-28,153.16000366210938,274.644287109375,21.39213752746582,369.357177734375,82.52925872802734
2022-10-31,151.91000366210938,271.45074462890625,21.29987907409668,366.68914794921875,81.94098663330078
2022-11-01,153.4600067138672,268.6771240234375,21.354660034179688,365.0846862792969,82.7067642211914
2022-11-02,152.38999938964844,259.4676208496094,20.9654483795166,355.92236328125,82.34780883789062
2022-11-03,151.80999755859375,254.39903259277344,20.798234939575195,352.2574462890625,81.90339660644531
2022-11-04,156.47000122070312,258.49102783203125,21.181678771972656,357.32763671875,80.52733612060547
2022-11-07,155.85000610351562,261.3329772949219,21.403669357299805,360.7455749511719,79.72393798828125
2022-11-08,159.4499969482422,263.23736572265625,21.637195587158203,362.6919860839844,80.59574127197266
2022-11-09,158.64999389648438,257.1628723144531,21.268165588378906,355.2197570800781,80.86065673828125
2022-11-10,163.47999572753906,276.13848876953125,22.118669509887695,374.74053955078125,83.97166442871094
2022-11-11,164.55999755859375,281.2266845703125,22.176321029663086,378.36749267578125,83.66400909423828
2022-11-14,164.9199981689453,278.7655944824219,22.046586990356445,375.14886474609375,83.45886993408203
2022-11-15,165.5,282.623291015625,22.121545791625977,378.3485107421875,84.80923461914062
2022-11-16,165.1199951171875,278.7655944824219,21.960092544555664,375.46221923828125,86.66389465332031
2022-11-17,163.9199981689453,278.15032958984375,22.03793716430664,374.3133544921875,85.74940490722656
2022-11-18,162.7899932861328,278.16015625,22.182090759277344,376.0128479003906,85.15970611572266
2022-11-21,161.8800048828125,275.2986145019531,22.24263572692871,374.6456298828125,85.51864624023438
2022-11-22,162.07000732421875,279.263671875,22.57130241394043,379.6872253417969,86.73225402832031
2022-11-23,163.0800018310547,282.0666198730469,22.562652587890625,382.0799255371094,88.24506378173828
2022-11-25,163.22000122070312,280.2109680175781,22.614547729492188,381.9944152832031,87.94593811035156
2022-11-28,161.92999267578125,276.09942626953125,22.291643142700195,375.8988952636719,88.19375610351562
2022-11-29,162.72999572753906,274.009521484375,22.357955932617188,375.25335693359375,87.15959167480469
2022-11-30,164.80999755859375,286.5004577636719,22.755813598632812,387.073974609375,87.8006362915039
2022-12-01,167.83999633789062,286.85198974609375,22.793292999267578,386.7891845703125,90.60546875
2022-12-02,167.25999450683594,285.7093505859375,22.778879165649414,386.3428955078125,91.744873046875
2022-12-05,164.38999938964844,280.9142150878906,22.386783599853516,379.39288330078125,90.4598617553711
2022-12-06,164.83999633789062,275.09356689453125,22.118669509887695,373.92401123046875,91.62499237060547
2022-12-07,166.3300018310547,273.9704284667969,22.1224422454834,373.28790283203125,93.78388977050781
2022-12-08,166.47000122070312,277.2127685546875,22.256296157836914,376.2121887207031,93.5268325805664
2022-12-09,167.05999755859375,275.4452209472656,22.116628646850586,373.4018859863281,91.09381103515625
2022-12-12,165.67999267578125,278.90234375,22.39595603942871,378.7852478027344,91.38508605957031
2022-12-13,168.50999450683594,281.9006042480469,22.506526947021484,381.6526794433594,92.26750946044922
2022-12-14,168.10000610351562,279.8106384277344,22.41341209411621,379.21246337890625,92.66160583496094
2022-12-15,165.35000610351562,270.41552734375,21.96241569519043,369.93634033203125,93.02313232421875
2022-12-16,166.7899932861328,267.8373107910156,21.77328109741211,365.5687561035156,91.98401641845703
2022-12-19,166.32000732421875,264.0732116699219,21.70054054260254,362.4688720703125,90.4382095336914
2022-12-20,169.0800018310547,263.86761474609375,21.732547760009766,362.96490478515625,88.832275390625
2022-12-21,168.8000030517578,267.6954040527344,22.038063049316406,368.3920593261719,89.05558776855469
2022-12-22,166.75999450683594,261.1461181640625,21.84893226623535,363.1365966796875,89.03839111328125
2022-12-23,167.25999450683594,261.7335205078125,21.994417190551758,365.2254943847656,87.73303985595703
2022-12-27,168.6699981689453,258.0330505371094,22.070068359375,363.7851867675781,85.99832153320312
2022-12-28,167.91000366210938,254.62625122070312,21.799467086791992,359.2640686035156,85.49163055419922
2022-12-29,168.85000610351562,260.8328857421875,22.046794891357422,365.73095703125,86.46207427978516
2022-12-30,169.63999938964844,260.67620849609375,21.979875564575195,364.7676696777344,85.50019836425781
2023-01-03,171.05999755859375,258.9140625,21.950773239135742,363.23199462890625,87.13188934326172
2023-01-04,172.6699981689453,260.14752197265625,22.169002532958984,366.03619384765625,88.32559204101562
2023-01-05,170.52000427246094,256.07513427734375,22.038063049316406,361.85845947265625,88.69486236572266
2023-01-06,173.7100067138672,263.1431884765625,22.587997436523438,370.1567077636719,90.32656860351562
2023-01-09,174.10000610351562,264.8465576171875,22.4250545501709,369.9468078613281,90.8074951171875
2023-01-10,174.74000549316406,267.08837890625,22.53853416442871,372.5411682128906,89.30459594726562
2023-01-11,174.6199951171875,271.7090148925781,22.62291717529297,377.2530212402344,90.75596618652344
2023-01-12,176.63999938964844,273.177490234375,22.660737991333008,378.6265563964844,92.54222106933594
2023-01-13,178.75999450683594,275.05706787109375,22.68111228942871,380.0954284667969,91.67484283447266
2023-01-17,177.58999633789062,275.6150817871094,22.45414924621582,379.3991394042969,91.08226013183594
2023-01-18,177.0800018310547,272.0321044921875,22.02351951599121,373.4091491699219,93.28933715820312
2023-01-19,179.88999938964844,269.3595886230469,21.83438491821289,370.69085693359375,92.70537567138672
2023-01-20,179.2899932861328,276.7310791015625,22.09625816345215,377.5964660644531,91.2025146484375
2023-01-23,179.6300048828125,282.8789367675781,22.270841598510742,382.1270751953125,90.77312469482422
2023-01-24,180.27999877929688,282.3013916015625,22.253389358520508,381.7168884277344,92.07847595214844
2023-01-25,181.11000061035156,281.6748352050781,22.256296157836914,381.8600158691406,92.30178833007812
2023-01-26,179.47000122070312,287.1667785644531,22.253389358520508,386.0567626953125,91.87236785888672
2023-01-27,179.22000122070312,290.0252990722656,22.21846580505371,386.9438171386719,91.6405029296875
2023-01-30,178.75999450683594,284.16131591796875,22.128263473510742,382.08892822265625,91.3055648803711
2023-01-31,179.41000366210938,288.4197998046875,22.43669319152832,387.7069091796875,92.0355224609375
2023-02-01,181.6699981689453,294.5872497558594,22.54144287109375,391.8273010253906,93.14191436767578
2023-02-02,177.89999389648438,305.1599426269531,22.70438575744629,397.53125,93.26246643066406
2023-02-03,173.4600067138672,299.73651123046875,22.523984909057617,393.3057861328125,91.86763000488281
2023-02-06,173.82000732421875,297.2010498046875,22.407596588134766,390.90216064453125,91.18746185302734
2023-02-07,173.97999572753906,303.3586730957031,22.523984909057617,396.0146484375,90.45559692382812
2023-02-08,174.41000366210938,297.96466064453125,22.33485221862793,391.6843566894531,90.88611602783203
2023-02-09,173.02999877929688,295.33123779296875,22.142812728881836,388.2886657714844,90.02513885498047
2023-02-10,173.36000061035156,293.3929138183594,22.34649085998535,389.19482421875,89.01776885986328
2023-02-13,172.47999572753906,298.0918884277344,22.59381675720215,393.7635803222656,89.7668228149414
2023-02-14,172.61000061035156,300.2945556640625,22.44542121887207,393.5824279785156,89.5601806640625
2023-02-15,170.88999938964844,302.5950622558594,22.48906898498535,394.86053466796875,88.72501373291016
2023-02-16,170.75,296.9170837402344,22.331941604614258,389.4237365722656,87.4679946899414
2023-02-17,171.25999450683594,294.82220458984375,22.378498077392578,388.450927734375,88.14816284179688
2023-02-21,170.6199951171875,287.8423156738281,21.953683853149414,380.658203125,86.43478393554688
2023-02-22,169.66000366210938,288.0575866699219,21.863481521606445,380.13360595703125,87.22691345214844
2023-02-23,169.57000732421875,290.57354736328125,21.930400848388672,382.1556396484375,88.07931518554688
2023-02-24,168.35000610351562,285.7081298828125,21.782011032104492,378.0733642578125,86.9341812133789
2023-02-27,169.00999450683594,287.7541198730469,21.784921646118164,379.3609924316406,87.17525482177734
2023-02-28,169.77999877929688,287.3821105957031,21.69181251525879,377.9588623046875,87.5712890625
2023-03-01,170.75999450683594,285.07183837890625,21.68308448791504,376.509033203125,86.63050842285156
2023-03-02,170.66000366210938,287.43109130859375,21.761642456054688,379.437255859375,85.86235809326172
2023-03-03,172.49000549316406,293.37335205078125,21.98859977722168,385.5226135253906,87.94243621826172
2023-03-06,171.6199951171875,293.70623779296875,21.979875564575195,385.78973388671875,87.26058197021484
2023-03-07,168.6199951171875,290.10357666015625,21.630704879760742,379.87603759765625,87.79570770263672
2023-03-08,168.5399932861328,291.5525207519531,21.601608276367188,380.4960632324219,87.88203430175781
2023-03-09,170.1999969482422,286.5011291503906,21.19425392150879,373.4759826660156,88.0978012084961
2023-03-10,173.8699951171875,282.4775390625,20.93819808959961,368.0870056152344,91.13595581054688
2023-03-13,177.86000061035156,284.572509765625,20.638500213623047,367.56231689453125,91.34309387207031
2023-03-14,176.8300018310547,291.1119689941406,20.821809768676758,373.63812255859375,89.84127044677734
2023-03-15,178.2100067138672,292.6391296386719,20.650136947631836,371.30126953125,91.57616424560547
2023-03-16,178.57000732421875,300.3533020019531,20.847997665405273,377.81585693359375,90.85977935791016
2023-03-17,183.77000427246094,298.93377685546875,20.51629066467285,373.39813232421875,92.22347259521484
2023-03-20,183.83999633789062,299.99468994140625,20.82472038269043,376.9885559082031,91.41213989257812
2023-03-21,180.3699951171875,304.2793884277344,21.045860290527344,381.93865966796875,90.626708984375
2023-03-22,183.44000244140625,300.1417541503906,20.637165069580078,375.42791748046875,91.83506774902344
2023-03-23,185.74000549316406,303.70086669921875,20.61956024169922,376.44287109375,91.83506774902344
2023-03-24,183.64999389648438,304.8185729980469,20.783855438232422,378.9131164550781,92.22347259521484
2023-03-27,181.9499969482422,302.7301940917969,20.871871948242188,379.6215515136719,90.05706024169922
2023-03-28,183.44000244140625,301.1221923828125,20.90414810180664,378.76947021484375,90.2210693359375
2023-03-29,182.52999877929688,306.61279296875,21.150596618652344,384.27484130859375,90.039794921875
2023-03-30,184.17999267578125,309.5150146484375,21.212209701538086,386.5248107910156,90.45410919189453
2023-03-31,183.22000122070312,314.6625061035156,21.464523315429688,391.9727783203125,91.8092041015625
2023-04-03,184.5399932861328,313.89776611328125,21.581884384155273,393.46636962890625,92.240966796875
2023-04-04,187.97999572753906,312.8388977050781,21.37357521057129,391.283447265625,92.69957733154297
2023-04-05,187.8300018310547,309.7503967285156,21.423452377319336,390.2589111328125,93.66868591308594
2023-04-06,186.49000549316406,311.8387756347656,21.40584945678711,391.7812805175781,93.9110107421875
2023-04-10,185.11000061035156,311.6623229980469,21.485063552856445,392.183349609375,92.39673614501953
2023-04-11,186.27999877929688,309.6620788574219,21.576017379760742,392.2887878417969,92.58707427978516
2023-04-12,187.19000244140625,306.9266662597656,21.485063552856445,390.6897888183594,92.4919204711914
2023-04-13,189.72000122070312,312.9369201660156,21.634693145751953,395.8792419433594,91.7650375366211
2023-04-14,186.36000061035156,312.3486022949219,21.587751388549805,394.912109375,90.92570495605469
2023-04-17,185.52999877929688,312.61328125,21.687501907348633,396.3291931152344,89.8440933227539
2023-04-18,186.25,312.6329040527344,21.693374633789062,396.5876770019531,90.16423034667969
2023-04-19,185.36000061035156,312.4858703613281,21.643497467041016,396.5206604003906,90.07768249511719
2023-04-20,186.08999633789062,310.10333251953125,21.508535385131836,394.3567810058594,90.84783935546875
2023-04-21,184.25,310.4269104003906,21.464523315429688,394.66326904296875,90.33732604980469
2023-04-24,184.80999755859375,309.77978515625,21.508535385131836,395.074951171875,91.21125030517578
2023-04-25,185.75,303.93621826171875,21.171133041381836,388.8036193847656,92.55248260498047
2023-04-26,184.74000549316406,305.77947998046875,20.857208251953125,387.15667724609375,91.5660171508789
2023-04-27,184.75,314.09381103515625,21.071382522583008,394.8642578125,90.65747833251953
2023-04-28,184.8000030517578,316.26068115234375,21.291427612304688,398.2344970703125,92.11981964111328
2023-05-01,183.97000122070312,315.89794921875,21.30902671813965,397.8323669433594,89.46358489990234
2023-05-02,187.52000427246094,313.142822265625,20.863075256347656,393.3611145019531,91.6930160522461
2023-05-03,189.11000061035156,311.0936279296875,20.678239822387695,390.66107177734375,92.20481872558594
2023-05-04,190.44000244140625,309.99554443359375,20.48459815979004,387.8940124511719,91.29399108886719
2023-05-05,187.4600067138672,316.5843200683594,20.82786750793457,395.074951171875,90.99037170410156
2023-05-08,187.69000244140625,317.36865234375,20.719316482543945,395.18023681640625,89.71515655517578
2023-05-09,189.02000427246094,315.35858154296875,20.64302635192871,393.44732666015625,89.39417266845703
2023-05-10,188.75,318.79034423828125,20.601957321166992,395.2855529785156,90.26168823242188
2023-05-11,187.1300048828125,319.8296203613281,20.511005401611328,394.5961608886719,91.21591186523438
2023-05-12,186.80999755859375,318.6824645996094,20.552080154418945,394.0791931152344,90.4524917602539
2023-05-15,187.2100067138672,320.4081115722656,20.596088409423828,395.43878173828125,89.5156478881836
2023-05-16,184.8699951171875,320.77081298828125,20.296825408935547,392.7961730957031,89.2467269897461
2023-05-17,184.22999572753906,324.65350341796875,20.5872859954834,397.56427001953125,88.9864730834961
2023-05-18,181.83999633789062,330.6833801269531,20.689971923828125,401.3941345214844,88.32720184326172
2023-05-19,183.63999938964844,329.938232421875,20.710514068603516,400.81005859375,87.70259094238281
2023-05-22,183.2100067138672,331.04620361328125,20.71343994140625,400.9728698730469,87.39031982421875
2023-05-23,183.42999267578125,326.8496398925781,20.70757484436035,396.47283935546875,87.6418685913086
2023-05-24,181.9499969482422,325.1731872558594,20.511005401611328,393.6004333496094,87.20813751220703
2023-05-25,180.1999969482422,333.0855712890625,20.431785583496094,397.00897216796875,86.99125671386719
2023-05-26,180.9199981689453,341.5960388183594,20.6635684967041,402.1504821777344,87.69391632080078
2023-05-30,182.0399932861328,343.1451721191406,20.5872859954834,402.3037109375,88.57008361816406
2023-05-31,182.32000732421875,341.1940612792969,20.417118072509766,400.0728759765625,89.3421401977539
2023-06-01,183.75999450683594,345.13555908203125,20.499267578125,403.8739929199219,89.69268035888672
2023-06-02,181.0500030517578,347.7239990234375,20.901212692260742,409.71441650390625,88.70980072021484
2023-06-05,182.13999938964844,347.9691162109375,20.769184112548828,408.92938232421875,88.5445327758789
2023-06-06,182.33999633789062,347.9103088378906,20.82786750793457,409.8197021484375,89.06644439697266
2023-06-07,180.14999389648438,342.00787353515625,21.065513610839844,408.40264892578125,87.74431610107422
2023-06-08,182.52999877929688,346.2532958984375,21.097787857055664,410.8729553222656,88.77069854736328
2023-06-09,182.0399932861328,347.5769348144531,21.04497528076172,411.61016845703125,88.64891052246094
2023-06-12,181.8800048828125,353.44989013671875,21.162334442138672,415.3442687988281,88.90983581542969
2023-06-13,180.5399932861328,356.16583251953125,21.29435920715332,418.0826110839844,88.03136444091797
2023-06-14,180.63999938964844,358.75433349609375,21.247417449951172,418.5804748535156,88.73589324951172
2023-06-15,181.91000366210938,363.0290832519531,21.52320671081543,423.7698669433594,89.58830261230469
2023-06-16,181.6300048828125,360.7446594238281,21.517337799072266,422.3263854980469,89.24040222167969
2023-06-20,179.75,360.22821044921875,21.311962127685547,420.1353454589844,89.8579330444336
2023-06-21,179.49000549316406,355.31915283203125,21.239418029785156,417.98260498046875,90.07537841796875
2023-06-22,177.7100067138672,359.5115051269531,21.147628784179688,419.491455078125,88.9881362915039
2023-06-23,178.1999969482422,355.9474792480469,20.937393188476562,416.320068359375,89.87533569335938
2023-06-26,178.50999450683594,351.1759033203125,21.043989181518555,414.6191101074219,89.97099304199219
2023-06-27,177.69000244140625,357.2139892578125,21.224611282348633,419.1647033691406,89.73616790771484
2023-06-28,177.27999877929688,357.9111633300781,21.17723846435547,419.37615966796875,90.11886596679688
2023-06-29,177.08999633789062,357.1944274902344,21.322322845458984,421.02899169921875,88.49237060546875
2023-06-30,178.27000427246094,362.702392578125,21.502944946289062,425.99749755859375,89.53610229492188
2023-07-03,178.47000122070312,363.55657958984375,21.63027572631836,426.48760986328125,89.02853393554688
2023-07-05,177.83999633789062,363.54669189453125,21.5355224609375,425.8533020019531,88.18254852294922
2023-07-06,177.30999755859375,360.7779846191406,21.30160140991211,422.51861572265625,86.93537139892578
2023-07-07,178.63999938964844,359.5801696777344,21.263103485107422,421.451904296875,86.41209411621094
2023-07-10,178.77999877929688,359.697998046875,21.431882858276367,422.51861572265625,86.52547454833984
2023-07-11,179.4499969482422,361.4751281738281,21.68060874938965,425.2094421386719,86.97026062011719
2023-07-12,181.8800048828125,366.04058837890625,21.745750427246094,428.63067626953125,87.93833923339844
2023-07-13,182.00999450683594,372.25537109375,21.84642791748047,432.03271484375,88.86283111572266
2023-07-14,181.42999267578125,372.1769714355469,21.727985382080078,431.7635498046875,88.33953094482422
2023-07-17,181.55999755859375,375.65252685546875,21.671728134155273,433.2627258300781,88.38312530517578
2023-07-18,183.63999938964844,378.7256164550781,21.84642791748047,436.4820861816406,88.78431701660156
2023-07-19,183.6699981689453,378.63720703125,22.059621810913086,437.4527893066406,89.78726959228516
2023-07-20,182.74000549316406,369.90887451171875,22.148448944091797,434.55047607421875,88.69711303710938
2023-07-21,182.17999267578125,368.79949951171875,22.19878578186035,434.55047607421875,88.7232894897461
2023-07-24,181.39999389648438,369.3885498046875,22.329078674316406,436.4917297363281,88.40058135986328
2023-07-25,182.41000366210938,371.8922424316406,22.305389404296875,437.68341064453125,88.23484802246094
2023-07-26,183.3000030517578,370.6550598144531,22.346837997436523,437.750732421875,88.32209777832031
2023-07-27,180.4199981689453,369.771484375,22.255050659179688,434.84844970703125,86.6039810180664
2023-07-28,181.86000061035156,376.5067138671875,22.394214630126953,439.1056823730469,87.04874420166016
2023-07-31,182.35000610351562,376.7030334472656,22.403099060058594,439.9417724609375,87.2580795288086
2023-08-01,180.4600067138672,375.8293151855469,22.302425384521484,438.6828918457031,85.82816314697266
2023-08-02,179.60000610351562,367.5820007324219,22.071468353271484,432.5804443359375,84.9098892211914
2023-08-03,179.5399932861328,366.9929504394531,22.04777717590332,431.3407287597656,82.95089721679688
2023-08-04,180.19000244140625,365.2747497558594,21.95894432067871,429.3898620605469,84.4201431274414
2023-08-07,179.77999877929688,368.3675537109375,22.151412963867188,433.1377868652344,83.58934020996094
2023-08-08,178.63999938964844,365.2354431152344,22.071468353271484,431.2542419433594,84.56008911132812
2023-08-09,177.7899932861328,361.2198486328125,22.01520538330078,428.3712463378906,84.99736022949219
2023-08-10,177.60000610351562,361.887451171875,22.01816749572754,428.52496337890625,83.59809112548828
2023-08-11,177.60000610351562,359.5801696777344,22.080350875854492,428.2750549316406,83.40569305419922
2023-08-14,177.05999755859375,363.6155090332031,22.04481315612793,430.63916015625,83.22200775146484
2023-08-15,176.58999633789062,359.7569274902344,21.784244537353516,425.62274169921875,82.71478271484375
2023-08-16,175.57000732421875,355.9474792480469,21.695415496826172,422.49945068359375,82.067626953125
2023-08-17,175.3000030517578,352.05950927734375,21.727985382080078,419.2800598144531,81.71781158447266
2023-08-18,175.3300018310547,351.61773681640625,21.781286239624023,419.4818420410156,82.00639343261719
2023-08-21,175.80999755859375,357.2827453613281,21.76944351196289,422.2111511230469,80.91319274902344
2023-08-22,176.10000610351562,356.77215576171875,21.60362434387207,421.0674743652344,81.53412628173828
2023-08-23,177.88999938964844,362.3980712890625,21.787206649780273,425.7572326660156,83.55435943603516
2023-08-24,177.85000610351562,354.6514892578125,21.618427276611328,419.8565979003906,83.00338745117188
2023-08-25,177.6199951171875,357.4005432128906,21.716142654418945,422.8165283203125,83.2745132446289
2023-08-28,178.1300048828125,360.0907897949219,21.840505599975586,425.497802734375,83.3619613647461
2023-08-29,179.8699951171875,367.95513916015625,22.04777717590332,431.64825439453125,84.22776794433594
2023-08-30,180.32000732421875,370.0071105957031,22.086267471313477,433.4261169433594,84.14030456542969
2023-08-31,180.02000427246094,371.1164855957031,22.068504333496094,432.7918701171875,84.516357421875
2023-09-01,180.11000061035156,370.7238464355469,22.10995864868164,433.59912109375,83.19971466064453
2023-09-05,178.63999938964844,371.1950988769531,21.914531707763672,431.72509765625,82.03308868408203
2023-09-06,177.8300018310547,367.9256286621094,21.7427921295166,428.8228759765625,82.23483276367188
2023-09-07,178.02000427246094,365.2943420410156,21.727985382080078,427.5063171386719,82.46289825439453
2023-09-08,178.0800018310547,365.804931640625,21.81385612487793,428.150146484375,82.7786865234375
2023-09-11,178.41000366210938,370.1150817871094,21.84642791748047,430.9659423828125,82.18218994140625
2023-09-12,177.49000549316406,366.0111389160156,21.840505599975586,428.6018371582031,82.65584564208984
2023-09-13,177.0800018310547,367.40533447265625,21.778324127197266,429.1015930175781,82.63833618164062
2023-09-14,177.1699981689453,370.40966796875,22.01224708557129,432.8014221191406,82.04185485839844
2023-09-15,178.33999633789062,364.06707763671875,21.802013397216797,427.5869140625,81.54186248779297
2023-09-18,179.38999938964844,364.4466247558594,21.799053192138672,427.8377380371094,82.00675201416016
2023-09-19,179.22000122070312,363.66986083984375,21.7427921295166,426.9504089355469,81.4015121459961
2023-09-20,179.35000610351562,358.4292907714844,21.6546573638916,423.02532958984375,81.6559066772461
2023-09-21,178.0500030517578,351.86114501953125,21.34095001220703,416.03338623046875,79.5594253540039
2023-09-22,178.6199951171875,351.9103698730469,21.299121856689453,415.0979309082031,80.19979095458984
2023-09-25,177.6999969482422,353.5818176269531,21.35589027404785,416.8434753417969,78.2261734008789
2023-09-26,176.27999877929688,348.2723083496094,21.101938247680664,410.71954345703125,77.95423889160156
2023-09-27,174.10000610351562,349.08843994140625,21.10492515563965,410.8835144042969,77.55075073242188
2023-09-28,173.22999572753906,352.0086669921875,21.21546745300293,413.2655944824219,77.78755950927734
2023-09-29,171.4499969482422,352.2643127441406,21.14077377319336,412.2625732421875,77.79634857177734
2023-10-02,169.64999389648438,355.2042541503906,20.967491149902344,412.0986633300781,76.49403381347656
2023-10-03,169.16000366210938,348.9704895019531,20.740427017211914,406.5822448730469,74.8485107421875
2023-10-04,169.13999938964844,353.7194519042969,20.749391555786133,409.5429382324219,75.90445709228516
2023-10-05,168.8300018310547,352.67730712890625,20.67768669128418,409.388671875,75.52606964111328
2023-10-06,169.6999969482422,358.5865783691406,20.803171157836914,414.249267578125,74.61093139648438
2023-10-09,172.82000732421875,360.41534423828125,21.03322410583496,416.90142822265625,76.3620376586914
2023-10-10,172.52999877929688,362.41131591796875,21.13779067993164,419.0712585449219,76.25641632080078
2023-10-11,173.7899932861328,364.9972229003906,21.170656204223633,420.787841796875,77.8491439819336
2023-10-12,173.25999450683594,363.7288818359375,21.054134368896484,418.22259521484375,75.73726654052734
2023-10-13,178.8300018310547,359.15679931640625,21.009315490722656,416.1394348144531,77.0923843383789
2023-10-16,177.9600067138672,363.21759033203125,21.25729751586914,420.51788330078125,75.8516616821289
2023-10-17,178.2899932861328,362.02789306640625,21.34095001220703,420.49853515625,75.01570892333984
2023-10-18,180.8699951171875,357.2788391113281,21.098947525024414,414.8954162597656,74.35575866699219
2023-10-19,183.08999633789062,353.9358215332031,20.907737731933594,411.24993896484375,72.83344268798828
2023-10-20,183.58999633789062,348.6558532714844,20.70158576965332,406.19647216796875,73.24700927734375
2023-10-23,182.97000122070312,349.70794677734375,20.540254592895508,405.4924621582031,74.126953125
2023-10-24,182.9499969482422,353.1099548339844,20.69860076904297,408.5495910644531,75.10369873046875
2023-10-25,183.72000122070312,344.46722412109375,20.477510452270508,402.6860656738281,73.4317855834961
2023-10-26,184.00999450683594,337.89923095703125,20.369956970214844,397.86407470703125,74.5581283569336
2023-10-27,186.14999389648438,339.5215759277344,19.98753547668457,396.060546875,74.2413558959961
2023-10-30,185.10000610351562,343.3464050292969,20.223562240600586,400.7958068847656,73.90696716308594
2023-10-31,184.08999633789062,344.9883728027344,20.334102630615234,403.31292724609375,73.54621887207031
2023-11-01,183.50999450683594,350.97625732421875,20.360992431640625,407.6141052246094,75.14083099365234
2023-11-02,184.1199951171875,357.3476867675781,20.815120697021484,415.4258117675781,76.85379791259766
2023-11-03,184.7899932861328,361.54608154296875,20.988405227661133,419.2159118652344,77.37474822998047
2023-11-06,183.35000610351562,363.0209655761719,20.895788192749023,420.1803283691406,76.62422180175781
2023-11-07,182.58999633789062,366.45245361328125,20.824085235595703,421.37615966796875,77.75442504882812
2023-11-08,180.77000427246094,366.6883544921875,20.785245895385742,421.684814453125,79.07888793945312
2023-11-09,181.49000549316406,363.86651611328125,20.546226501464844,418.39617919921875,77.25997161865234
2023-11-10,179.50999450683594,372.047119140625,20.74640464782715,424.9252014160156,77.69261169433594
2023-11-13,180.50999450683594,370.8868103027344,20.69561195373535,424.5201416015625,77.51604461669922
2023-11-14,182.1199951171875,378.8707275390625,21.152727127075195,432.7561340332031,79.27312469482422
2023-11-15,181.63999938964844,379.1559143066406,21.314062118530273,433.6723327636719,78.16060638427734
2023-11-16,183.69000244140625,379.4803161621094,21.143768310546875,434.2027587890625,79.13186645507812
2023-11-17,183.6699981689453,379.5688781738281,21.254308700561523,434.7428283691406,79.502685546875
2023-11-20,183.3699951171875,384.19000244140625,21.358875274658203,438.08929443359375,79.98833465576172
2023-11-21,185.35000610351562,381.9580993652344,21.302108764648438,437.1344909667969,79.95304107666016
2023-11-22,184.55999755859375,383.5213928222656,21.370824813842773,438.8221740722656,80.23558044433594
2023-11-24,185.52000427246094,382.98065185546875,21.451494216918945,439.09222412109375,79.29081726074219
2023-11-27,186.77000427246094,382.6463928222656,21.343936920166016,438.3014831542969,80.6152572631836
2023-11-28,189.25999450683594,383.6492919921875,21.37381362915039,438.7354431152344,80.77418518066406
2023-11-29,189.5399932861328,383.27557373046875,21.4604549407959,438.4267883300781,81.78960418701172
2023-11-30,188.75,382.3119812011719,21.615819931030273,440.153076171875,80.84481811523438
2023-12-01,192.00999450683594,383.40350341796875,21.85483169555664,442.7569885253906,82.36746215820312
2023-12-04,187.86000061035156,379.8441162109375,21.94147300720215,440.4327087402344,82.03971862792969
2023-12-05,187.14999389648438,380.7978820800781,21.812999725341797,440.34600830078125,83.80241394042969
2023-12-06,187.83999633789062,378.59539794921875,21.771347045898438,438.5715026855469,84.91847229003906
2023-12-07,188.14999389648438,383.88525390625,21.85284423828125,441.91796875,84.4312973022461
2023-12-08,185.63999938964844,385.5960693359375,21.889062881469727,443.81781005859375,83.74039459228516
2023-12-11,183.58999633789062,388.8899230957031,22.10034942626953,445.5440979003906,83.56324768066406
2023-12-12,183.49000549316406,391.9870910644531,22.112422943115234,447.5790100097656,83.81127166748047
2023-12-13,187.6300048828125,396.9721374511719,22.47764015197754,453.7512512207031,85.77767181396484
2023-12-14,188.72999572753906,396.6280212402344,22.845884323120117,455.2074279785156,88.00897979736328
2023-12-15,187.0,398.5452880859375,22.773439407348633,454.4579162597656,88.10672760009766
2023-12-18,187.85000610351562,401.05560302734375,22.80362319946289,457.0143127441406,87.40470886230469
2023-12-19,189.1300048828125,403.1048889160156,22.930395126342773,459.7933044433594,87.87569427490234
2023-12-20,188.10000610351562,397.1147766113281,22.586301803588867,453.4219055175781,88.47108459472656
2023-12-21,189.42999267578125,401.7353820800781,22.75532341003418,457.72113037109375,87.91124725341797
2023-12-22,190.27000427246094,402.33636474609375,22.89417266845703,458.6410217285156,87.5113754272461
2023-12-26,191.72000122070312,404.79937744140625,23.0058536529541,460.57763671875,87.76014709472656
2023-12-27,192.58999633789062,405.62347412109375,23.023962020874023,461.4104309082031,89.31527709960938
2023-12-28,191.47000122070312,405.4262390136719,23.036035537719727,461.584716796875,88.66657257080078
2023-12-29,191.1699981689453,403.6716613769531,22.978689193725586,460.2484436035156,87.86682891845703
2024-01-02,190.72000122070312,396.84063720703125,23.14771842956543,457.6726989746094,87.36029052734375
2024-01-03,189.1300048828125,392.64154052734375,23.002832412719727,453.9350280761719,87.72463989257812
2024-01-04,189.32000732421875,390.6207580566406,22.97566795349121,452.472900390625,86.3917007446289
2024-01-05,189.35000610351562,391.08404541015625,23.051132202148438,453.0926208496094,85.56529235839844
2024-01-08,187.8699951171875,399.1670227050781,23.186952590942383,459.5609436035156,86.40947723388672
2024-01-09,187.92999267578125,399.9555969238281,23.06319808959961,458.86376953125,85.85852813720703
2024-01-10,187.5,402.66632080078125,23.051132202148438,461.4587707519531,85.45865631103516
2024-01-11,187.8699951171875,403.50408935546875,22.95755958557129,461.2555236816406,85.93850708007812
2024-01-12,189.7100067138672,403.71112060546875,23.020944595336914,461.5749816894531,85.76966857910156
2024-01-16,187.91000366210938,403.6716613769531,22.851917266845703,459.88037109375,84.25901794433594
2024-01-17,185.83999633789062,401.3946533203125,22.71307373046875,457.3241882324219,84.1257095336914
2024-01-18,187.3699951171875,407.0921936035156,22.848894119262695,461.3910217285156,83.34374237060547
2024-01-19,187.92999267578125,415.1651306152344,23.117530822753906,467.1428527832031,83.6103286743164
2024-01-22,187.22000122070312,415.7073669433594,23.21713638305664,468.13055419921875,84.10796356201172
2024-01-23,187.9499969482422,417.4323425292969,23.223175048828125,469.4957580566406,83.44149017333984
2024-01-24,186.39999389648438,419.748779296875,23.060184478759766,470.009033203125,82.9527359008789
2024-01-25,187.13999938964844,420.2613525390625,23.262413024902344,472.5653991699219,83.49481201171875
2024-01-26,187.00999450683594,417.7576599121094,23.247323989868164,471.96502685546875,83.33483123779297
2024-01-29,188.3300018310547,422.0356140136719,23.34088897705078,475.70269775390625,84.29456329345703
2024-01-30,188.58999633789062,419.22637939453125,23.29863166809082,475.3346862792969,85.05876922607422
2024-01-31,188.4499969482422,411.0152893066406,23.01188850402832,467.57855224609375,85.89409637451172
2024-02-01,190.41000366210938,415.855224609375,23.25335693359375,473.6983337402344,87.5789566040039
2024-02-02,188.61000061035156,422.8833312988281,23.24128532409668,478.6850891113281,85.64447784423828
2024-02-05,187.57000732421875,422.33135986328125,23.05414581298828,476.942138671875,83.91497802734375
2024-02-06,188.5500030517578,421.4836120605469,23.165821075439453,478.3268127441406,84.73516082763672
2024-02-07,188.5,425.8208312988281,23.202043533325195,482.31634521484375,84.3250732421875
2024-02-08,188.3300018310547,426.6094055175781,23.262413024902344,482.5292663574219,83.83478546142578
2024-02-09,187.60000610351562,430.80853271484375,23.17789649963379,485.3180847167969,83.66537475585938
2024-02-12,187.11000061035156,429.12298583984375,23.319759368896484,485.10504150390625,83.76345825195312
2024-02-13,184.52999877929688,422.42999267578125,22.96359634399414,478.42364501953125,82.3281478881836
2024-02-14,184.4199981689453,427.0332946777344,23.05414581298828,482.7713623046875,82.74714660644531
2024-02-15,185.66000366210938,428.3048400878906,23.3137264251709,486.1023864746094,83.17506408691406
2024-02-16,186.33999633789062,424.4210510253906,23.235248565673828,483.68157958984375,82.69366455078125
2024-02-20,187.47000122070312,421.2174987792969,23.232227325439453,481.01873779296875,82.76497650146484
2024-02-21,187.47999572753906,419.53192138671875,23.32579803466797,481.4544372558594,82.17658996582031
2024-02-22,187.55999755859375,431.81396484375,23.482749938964844,491.41839599609375,82.57777404785156
2024-02-23,188.6199951171875,430.54241943359375,23.509916305541992,491.7572937011719,83.68321228027344
2024-02-26,188.1999969482422,430.315673828125,23.38314437866211,489.9562683105469,83.43359375
2024-02-27,188.0,431.35076904296875,23.40427589416504,490.86639404296875,82.84520721435547
2024-02-28,188.33999633789062,429.0539245605469,23.371070861816406,490.21771240234375,83.37118530273438
2024-02-29,189.30999755859375,432.7306823730469,23.43445587158203,491.9800109863281,83.9595718383789
2024-03-01,192.88999938964844,439.24627685546875,23.58839225769043,496.598876953125,84.48273468017578
2024-03-04,196.00999450683594,437.67901611328125,23.660831451416016,496.0662841796875,84.14290618896484
2024-03-05,197.19000244140625,429.8227844238281,23.5793399810791,491.1085510253906,85.34124755859375
2024-03-06,198.80999755859375,432.5237121582031,23.65781593322754,493.59710693359375,85.84202575683594
2024-03-07,199.94000244140625,439.088623046875,23.772510528564453,498.49676513671875,85.76155090332031
2024-03-08,201.6300048828125,432.7503967285156,23.67290687561035,495.50469970703125,85.60950469970703
2024-03-11,202.0,431.14373779296875,23.80873680114746,495.0785827636719,85.56478881835938
2024-03-12,199.7899932861328,437.3241882324219,23.850994110107422,500.40435791015625,84.849365234375
2024-03-13,201.19000244140625,433.9629211425781,23.923429489135742,499.6200256347656,84.43800354003906
2024-03-14,200.35000610351562,432.86871337890625,23.793642044067383,498.63232421875,83.1412582397461
2024-03-15,199.7100067138672,427.7232360839844,23.712146759033203,495.2084045410156,83.11449432373047
2024-03-18,200.02999877929688,431.8026428222656,23.760438919067383,498.1515197753906,82.86405944824219
2024-03-19,199.8000030517578,432.8785095214844,23.86608123779297,500.91986083984375,83.09658813476562
2024-03-20,202.17999267578125,438.0109558105469,24.103652954101562,505.5530090332031,83.06975555419922
2024-03-21,201.97000122070312,440.0837707519531,24.295284271240234,507.2236633300781,83.24859619140625
2024-03-22,200.35000610351562,440.5871276855469,24.146238327026367,506.26202392578125,84.0445327758789
2024-03-25,200.99000549316406,438.9881286621094,24.152318954467773,504.8634033203125,83.62420654296875
2024-03-26,201.63999938964844,437.56689453125,23.99110221862793,503.9308776855469,83.85673522949219
2024-03-27,203.10000610351562,439.0572204589844,24.40479278564453,508.16583251953125,84.68840789794922
2024-03-28,205.72000122070312,438.2478942871094,24.52646827697754,508.0687255859375,84.61685943603516
2024-04-01,207.82000732421875,439.1756896972656,24.37742042541504,507.18487548828125,83.03952026367188
2024-04-02,210.88999938964844,435.3855285644531,24.252702713012695,503.96002197265625,82.58191680908203
2024-04-03,212.74000549316406,436.3627014160156,24.191864013671875,504.5135498046875,82.56397247314453
2024-04-04,211.52000427246094,429.6903991699219,23.948518753051758,498.35552978515625,83.15616607666016
2024-04-05,215.13999938964844,434.7538146972656,24.033687591552734,503.56182861328125,81.99871063232422
2024-04-08,216.47999572753906,434.88214111328125,24.061067581176758,503.84344482421875,81.98974609375
2024-04-09,217.6699981689453,436.4909973144531,24.19794464111328,504.4262390136719,82.75240325927734
2024-04-10,215.61000061035156,432.68109130859375,23.76600456237793,499.3753662109375,80.94894409179688
2024-04-11,219.8000030517578,439.5901794433594,23.70516586303711,503.1440734863281,80.58109283447266
2024-04-12,216.88999938964844,432.5823669433594,23.36448097229004,496.1991882324219,81.0117416381836
2024-04-15,220.9499969482422,425.4659423828125,23.245849609375,489.9827880859375,79.75559997558594
2024-04-16,221.22000122070312,425.50543212890625,23.09679412841797,489.0891418457031,79.22624969482422
2024-04-17,219.58999633789062,420.313720703125,23.06029510498047,486.194580078125,80.10552978515625
2024-04-18,220.33999633789062,417.9152526855469,23.06029510498047,485.194091796875,79.70178985595703
2024-04-19,221.02999877929688,409.2689208984375,23.315811157226562,480.95916748046875,79.98889923095703
2024-04-22,215.57000732421875,413.38482666015625,23.495281219482422,485.3883972167969,79.85432434082031
2024-04-23,215.0399932861328,419.55364990234375,23.656497955322266,491.1482849121094,79.88124084472656
2024-04-24,214.63999938964844,420.97503662109375,23.76600456237793,490.9151916503906,79.31598663330078
2024-04-25,215.9199981689453,418.9417419433594,23.59261703491211,489.0502624511719,78.75967407226562
2024-04-26,216.6199951171875,425.40673828125,23.568286895751953,493.6835021972656,79.17241668701172
2024-04-29,216.17999267578125,427.134033203125,23.702125549316406,495.4318542480469,79.83638000488281
2024-04-30,211.8699951171875,419.0799560546875,23.419231414794922,487.58355712890625,79.15447235107422
2024-05-01,213.7899932861328,416.0497741699219,23.38881492614746,486.0003356933594,79.73790740966797
2024-05-02,213.1300048828125,421.3598937988281,23.504405975341797,490.5461120605469,80.080078125
2024-05-03,212.9600067138672,429.8285827636719,23.717334747314453,496.62652587890625,80.8904037475586
2024-05-06,215.1999969482422,434.5367126464844,23.76600456237793,501.7550964355469,81.20553588867188
2024-05-07,214.2100067138672,434.60577392578125,23.802507400512695,502.3088073730469,81.70076751708984
2024-05-08,213.5800018310547,434.34918212890625,23.881595611572266,502.3572692871094,81.20553588867188
2024-05-09,216.9499969482422,435.29669189453125,24.079315185546875,505.2518310546875,81.60169982910156
2024-05-10,218.7100067138672,436.3232116699219,24.12190055847168,505.9028015136719,81.14250946044922
2024-05-13,216.25999450683594,437.3299560546875,24.200992584228516,505.9706115722656,81.3495864868164
2024-05-14,218.08999633789062,440.1429748535156,24.24053192138672,508.2921447753906,81.80878448486328
2024-05-15,220.88999938964844,447.0224914550781,24.38045883178711,514.5863037109375,82.92527770996094
2024-05-16,220.02999877929688,446.114501953125,24.334835052490234,513.5275268554688,82.84424591064453
2024-05-17,223.66000366210938,445.8973388671875,24.359169006347656,514.2657470703125,82.28599548339844
2024-05-20,224.55999755859375,449.00640869140625,24.237491607666016,514.8582763671875,82.04290771484375
2024-05-21,224.22999572753906,449.8849182128906,24.17057228088379,516.1209716796875,82.466064453125
2024-05-22,220.11000061035156,449.7960510253906,24.09148597717285,514.6348266601562,82.56510925292969
2024-05-23,215.72000122070312,447.7726745605469,23.72037696838379,510.87579345703125,82.03388214111328
2024-05-24,215.9199981689453,452.00701904296875,23.756877899169922,514.2560424804688,82.2770004272461
2024-05-28,218.19000244140625,453.71453857421875,23.556116104125977,514.6154174804688,81.09748840332031
2024-05-29,216.16000366210938,450.5166015625,23.245849609375,511.0118103027344,80.1160888671875
2024-05-30,216.57000732421875,445.69000244140625,23.4679012298584,507.6219177246094,80.8904037475586
2024-05-31,215.3000030517578,444.8609619140625,23.899845123291016,512.245361328125,81.43965148925781
2024-06-03,217.22000122070312,447.2495422363281,23.769046783447266,512.6630249023438,82.75688934326172
2024-06-04,215.27000427246094,448.4734191894531,23.78121566772461,513.2362060546875,83.72357177734375
2024-06-05,217.82000732421875,457.5146179199219,23.77208709716797,519.3359985351562,84.33794403076172
2024-06-06,219.42999267578125,457.35662841796875,23.75079917907715,519.3262939453125,84.21145629882812
2024-06-07,211.60000610351562,456.9519348144531,23.6929988861084,518.6949462890625,82.66655731201172
2024-06-10,213.5399932861328,458.7976989746094,23.656497955322266,520.2976684570312,82.11541748046875
2024-06-11,214.14999389648438,461.9462585449219,23.57436752319336,521.5507202148438,82.9646987915039
2024-06-12,214.72000122070312,467.9967956542969,23.556116104125977,525.8340454101562,83.58805847167969
2024-06-13,212.97000122070312,470.53338623046875,23.45573616027832,526.8930053710938,84.81676483154297
2024-06-14,215.72999572753906,472.9713439941406,23.358394622802734,527.2135009765625,85.53050994873047
2024-06-17,214.61000061035156,478.76519775390625,23.513530731201172,531.4094848632812,84.68125915527344
2024-06-18,215.47000122070312,478.9132080078125,23.61695098876953,532.7597045898438,85.45821380615234
2024-06-20,218.16000366210938,475.22174072265625,23.744712829589844,531.3124389648438,84.88903045654297
2024-06-21,214.77999877929688,473.9485168457031,23.762964248657227,530.6000366210938,84.88903045654297
2024-06-24,215.6300048828125,468.552734375,24.094526290893555,528.8753051757812,85.23239135742188
2024-06-25,214.55999755859375,473.9109191894531,23.90288543701172,530.9119873046875,85.37692260742188
2024-06-26,212.5800018310547,474.8896789550781,23.802669525146484,531.5745239257812,84.15726470947266
2024-06-27,214.99000549316406,476.11541748046875,23.753488540649414,532.4126586914062,84.49153900146484
2024-06-28,215.00999450683594,473.6440124511719,23.904115676879883,530.3174438476562,82.91949462890625
2024-07-01,215.57000732421875,476.42193603515625,23.79652214050293,531.408935546875,81.48841857910156
2024-07-02,215.55999755859375,481.4242248535156,23.808820724487305,534.985107421875,82.12283325195312
2024-07-03,217.99000549316406,485.43798828125,23.7258243560791,537.3726196289062,83.2013931274414
2024-07-05,220.92999267578125,490.49951171875,23.6766357421875,540.4713134765625,83.89018249511719
2024-07-08,218.19000244140625,491.6660461425781,23.698152542114258,541.0950317382812,84.07146453857422
2024-07-09,218.55999755859375,492.09112548828125,23.704303741455078,541.6211547851562,83.69986724853516
2024-07-10,219.36000061035156,497.221923828125,23.93793296813965,546.9806518554688,83.96269226074219
2024-07-11,223.25,486.31768798828125,24.229969024658203,542.2643432617188,84.77838897705078
2024-07-12,223.11000061035156,489.1747131347656,24.482046127319336,545.6846923828125,85.14095306396484
2024-07-15,223.8300018310547,490.4895935058594,24.57119369506836,547.1853637695312,84.16210174560547
2024-07-16,228.2899932861328,490.67742919921875,24.980051040649414,550.4302368164062,85.34938049316406
2024-07-17,227.22999572753906,476.27362060546875,25.305904388427734,542.7125854492188,85.36751556396484
2024-07-18,225.77999877929688,474.0196533203125,25.087644577026367,538.5419311523438,84.71495056152344
2024-07-19,221.72999572753906,469.8181457519531,24.933935165405273,534.965576171875,84.21646118164062
2024-07-22,221.8000030517578,476.8173522949219,24.955455780029297,540.4811401367188,83.97175598144531
2024-07-23,222.5800018310547,475.13677978515625,24.740270614624023,539.6333618164062,83.85394287109375
2024-07-24,221.8000030517578,458.09344482421875,24.807899475097656,527.4039306640625,82.94761657714844
2024-07-25,218.3300018310547,453.0417175292969,24.955455780029297,524.6559448242188,83.62734985351562
2024-07-26,220.6300048828125,457.6881103515625,25.352012634277344,530.5318603515625,84.27989959716797
2024-07-29,220.32000732421875,458.60748291015625,25.253643035888672,530.84375,84.73306274414062
2024-07-30,222.52000427246094,452.31024169921875,25.453458786010742,528.154296875,85.0593490600586
2024-07-31,226.5500030517578,465.69573974609375,25.38582992553711,536.7391967773438,85.92942810058594
2024-08-01,225.77000427246094,454.41595458984375,25.133752822875977,529.1384887695312,86.67057800292969
2024-08-02,225.33999633789062,443.6303405761719,24.838640213012695,519.2866821289062,89.37134552001953
2024-08-05,222.47999572753906,430.40301513671875,24.279157638549805,504.1631164550781,89.84420776367188
2024-08-06,220.6999969482422,434.515625,24.402122497558594,508.81134033203125,87.83454132080078
2024-08-07,220.5500030517578,429.8098449707031,24.25149154663086,505.4105224609375,87.21617126464844
2024-08-08,224.00999450683594,442.9581298828125,24.660343170166016,517.0941772460938,86.6796646118164
2024-08-09,224.55999755859375,445.27142333984375,24.644973754882812,519.3743286132812,87.53446960449219
2024-08-12,228.41000366210938,446.23040771484375,24.528160095214844,519.6472778320312,87.85272216796875
2024-08-13,228.05999755859375,457.3026123046875,24.78945541381836,528.1932983398438,88.46199035644531
2024-08-14,226.1999969482422,457.45086669921875,24.820194244384766,529.8595581054688,89.01669311523438
2024-08-15,226.91000366210938,469.00750732421875,25.081493377685547,538.9413452148438,88.29830169677734
2024-08-16,231.99000549316406,469.6105651855469,25.19523811340332,540.1497802734375,88.60748291015625
2024-08-19,231.61000061035156,475.77935791015625,25.342792510986328,545.3142700195312,89.01669311523438
2024-08-20,232.4600067138672,474.7808837890625,25.275161743164062,544.4276123046875,89.72601318359375
2024-08-21,232.14999389648438,476.995361328125,25.382755279541016,546.2984619140625,89.78056335449219
2024-08-22,229.3699951171875,469.4326171875,25.312047958374023,542.010986328125,88.88939666748047
2024-08-23,232.02000427246094,474.52386474609375,25.67479133605957,547.7699584960938,89.47138214111328
2024-08-26,232.75999450683594,469.91705322265625,25.705533981323242,546.4641723632812,89.2440185546875
2024-08-27,233.38999938964844,471.32080078125,25.662498474121094,547.2144775390625,89.08943939208984
2024-08-28,231.75,465.9725646972656,25.66864585876465,544.037841796875,88.9803237915039
2024-08-29,232.9499969482422,465.2904357910156,25.779314041137695,544.0865478515625,88.6893310546875
2024-08-30,231.2899932861328,470.83642578125,25.985273361206055,549.2803955078125,87.74359893798828
2024-09-03,230.2899932861328,456.5413818359375,25.75472068786621,537.9767456054688,89.1786880493164
2024-09-04,230.42999267578125,455.35504150390625,25.66864585876465,536.8755493164062,90.32819366455078
2024-09-05,232.35000610351562,455.7801513671875,25.425792694091797,535.56982421875,90.83908081054688
2024-09-06,230.6300048828125,443.571044921875,25.207529067993164,526.5560302734375,90.8299331665039
2024-09-09,231.60000610351562,449.27520751953125,25.511869430541992,532.4515991210938,91.22225952148438
2024-09-10,232.6199951171875,453.42724609375,25.533384323120117,534.7706909179688,91.86085510253906
2024-09-11,232.25,463.273681640625,25.37660789489746,540.2568969726562,91.78788757324219
2024-09-12,236.3300018310547,467.8211975097656,25.401199340820312,544.8076782226562,91.35910034179688
2024-09-13,238.67999267578125,469.91705322265625,25.625608444213867,547.6530151367188,91.60543060302734
2024-09-16,238.66000366210938,467.8409423828125,25.86846160888672,548.4618530273438,92.44475555419922
2024-09-17,237.33999633789062,468.0881042480469,25.850017547607422,548.6859741210938,91.99771118164062
2024-09-18,235.50999450683594,466.0614929199219,25.865388870239258,547.0586547851562,90.8573226928711
2024-09-19,239.1699981689453,477.8455810546875,26.08979606628418,556.3939208984375,90.55626678466797
2024-09-20,242.2100067138672,476.9360046386719,25.969907760620117,555.4320678710938,90.20957946777344
2024-09-23,242.67999267578125,478.2002258300781,26.108240127563477,556.820068359375,90.01799011230469
2024-09-24,246.07000732421875,480.50689697265625,26.148202896118164,558.413330078125,89.99974822998047
2024-09-25,245.72999572753906,480.9523620605469,25.858203887939453,557.1817016601562,89.25164031982422
2024-09-26,246.97999572753906,484.5657958984375,25.972959518432617,559.3906860351562,89.46148681640625
2024-09-27,245.02000427246094,481.873046875,26.134244918823242,558.5794067382812,89.92675018310547
2024-09-30,243.05999755859375,483.1797790527344,26.217988967895508,560.8178100585938,89.49797821044922
2024-10-01,245.61000061035156,476.44793701171875,26.202482223510742,555.7936401367188,90.14414978027344
2024-10-02,245.66000366210938,477.1211242675781,26.22109031677246,556.0283203125,89.3844985961914
2024-10-03,245.49000549316406,476.7647399902344,26.152856826782227,555.0118408203125,88.5424575805664
2024-10-04,245.0,482.4373474121094,26.25520896911621,560.055419921875,87.45331573486328
2024-10-07,244.1699981689453,477.2696838378906,26.146652221679688,554.9921875,86.79429626464844
2024-10-08,242.3699951171875,484.3974609375,26.103229522705078,560.2410278320312,86.94075012207031
2024-10-09,241.0500030517578,488.20892333984375,26.3482608795166,564.1216430664062,86.44646453857422
2024-10-10,242.82000732421875,487.65447998046875,26.245906829833984,563.13427734375,86.10785675048828
2024-10-11,245.47000122070312,488.41680908203125,26.556068420410156,566.5065307617188,85.76004028320312
2024-10-14,245.07000732421875,492.5152893066406,26.695640563964844,571.1396484375,85.8241195678711
2024-10-15,245.9199981689453,485.9320068359375,26.583980560302734,566.7020263671875,86.86751556396484
2024-10-16,247.14999389648438,485.9913635253906,26.797990798950195,569.1652221679688,87.23362731933594
2024-10-17,248.6300048828125,486.32794189453125,26.807294845581055,569.2140502929688,85.8515853881836
2024-10-18,251.27000427246094,489.51568603515625,26.807294845581055,571.4035034179688,85.91566467285156
2024-10-21,251.22000122070312,490.4561767578125,26.49093246459961,570.4651489257812,84.41461944580078
2024-10-22,253.92999267578125,490.99072265625,26.36066436767578,570.162109375,84.49696350097656
2024-10-23,250.8699951171875,483.4669189453125,26.314138412475586,564.9523315429688,84.26817321777344
2024-10-24,252.8000030517578,487.3872375488281,26.36066436767578,566.1741943359375,84.80817413330078
2024-10-25,253.32000732421875,490.357177734375,26.19317626953125,565.9786376953125,84.33224487304688
2024-10-28,253.3300018310547,490.4364013671875,26.351360321044922,567.7283935546875,84.10343170166016
2024-10-29,256.0899963378906,495.1487121582031,26.137348175048828,568.6471557617188,84.23155212402344
2024-10-30,257.5,491.4065246582031,26.22109031677246,566.9268188476562,84.47867584228516
2024-10-31,253.50999450683594,479.00213623046875,26.267614364624023,555.8133544921875,84.61598205566406
2024-11-01,252.47000122070312,482.54620361328125,26.146652221679688,558.1590576171875,83.42303466796875
2024-11-04,252.8300018310547,481.14044189453125,26.1745662689209,556.9569702148438,84.71791076660156
2024-11-05,253.39999389648438,487.2783203125,26.40718650817871,563.6914672851562,85.16789245605469
2024-11-06,245.6999969482422,500.51434326171875,27.02130889892578,577.7080078125,82.83528137207031
2024-11-07,249.64999389648438,508.3946533203125,26.900346755981445,582.1749267578125,83.87300872802734
2024-11-08,247.9600067138672,508.9886779785156,27.058528900146484,584.69677734375,84.93830108642578
2024-11-11,242.13999938964844,508.6916198730469,27.132966995239258,585.25390625,84.52506256103516
2024-11-12,240.0500030517578,507.77093505859375,26.900346755981445,583.4359741210938,83.25772857666016
2024-11-13,237.6300048828125,507.1175231933594,26.993396759033203,583.7193603515625,82.46796417236328
2024-11-14,237.00999450683594,503.5932312011719,26.8724308013916,579.9658813476562,82.94547271728516
2024-11-15,236.58999633789062,491.59466552734375,26.639808654785156,572.537353515625,82.72509002685547
2024-11-18,241.08999633789062,495.01007080078125,26.78868865966797,574.8832397460938,82.87202453613281
2024-11-19,243.25,498.41558837890625,26.649112701416016,576.9846801757812,83.29444122314453
2024-11-20,244.6199951171875,498.1285095214844,26.714248657226562,577.1802368164062,83.02814483642578
2024-11-21,246.66000366210938,499.9203796386719,26.965478897094727,580.2787475585938,82.96385192871094
2024-11-22,249.83999633789062,500.7223205566406,27.30976104736328,582.0772094726562,83.0097885131836
2024-11-25,242.47999572753906,501.5142517089844,27.458635330200195,584.0516357421875,85.15872192382812
2024-11-26,242.9499969482422,504.2070007324219,27.40281105041504,587.101318359375,84.82811737060547
2024-11-27,243.49000549316406,500.2371826171875,27.393505096435547,585.322265625,85.41584777832031
2024-11-29,245.58999633789062,504.6326904296875,27.47724723815918,588.9583129882812,86.29747009277344
2024-12-02,243.44000244140625,510.1271057128906,27.300457000732422,590.0140380859375,86.50483703613281
2024-12-03,243.92999267578125,511.69122314453125,27.151575088500977,590.2877807617188,85.75837707519531
2024-12-04,244.6699981689453,518.0172119140625,26.92826271057129,593.953125,86.67992401123047
2024-12-05,242.86000061035156,516.5817260742188,26.93756675720215,592.9756469726562,86.85499572753906
2024-12-06,242.9499969482422,521.2049560546875,26.816600799560547,594.099853515625,86.98402404785156
2024-12-09,245.36000061035156,517.1460571289062,26.78868865966797,591.0404052734375,86.18228149414062
2024-12-10,248.58999633789062,515.3839721679688,26.68633460998535,589.2026977539062,85.77679443359375
2024-12-11,250.9600067138672,524.6104736328125,26.531370162963867,593.7576904296875,84.9658432006836
2024-12-12,247.27999877929688,521.2247314453125,26.48441505432129,590.6983032226562,83.93372344970703
2024-12-13,244.2899932861328,525.2144165039062,26.418672561645508,590.5808715820312,83.07669067382812
2024-12-16,244.8800048828125,532.7777709960938,26.174489974975586,593.102783203125,83.32550811767578
2024-12-17,243.94000244140625,530.4315185546875,26.118141174316406,590.6591796875,83.52823638916016
2024-12-18,239.25999450683594,511.29522705078125,25.43255043029785,573.0553588867188,82.4837875366211
2024-12-19,239.60000610351562,509.0182800292969,25.29167938232422,572.87939453125,81.23487091064453
2024-12-20,242.10000610351562,513.4633178710938,25.629777908325195,579.7601928710938,81.69743347167969
2024-12-23,240.9600067138672,518.4658203125,25.70490837097168,583.2321166992188,80.94808959960938
2024-12-24,241.44000244140625,525.49609375,25.902132034301758,589.7147216796875,81.29039764404297
2024-12-26,243.07000732421875,525.1390991210938,25.911521911621094,589.7539672851562,81.24412536621094
2024-12-27,241.39999389648438,518.158447265625,25.798824310302734,583.5458374023438,80.57801818847656
2024-12-30,240.6300048828125,511.2669372558594,25.57342529296875,576.8866577148438,81.22562408447266
2024-12-31,242.1300048828125,506.92388916015625,25.6579532623291,574.7879638671875,80.79082489013672
2025-01-02,245.4199981689453,505.9323425292969,25.60160255432129,573.375732421875,81.01284790039062
2025-01-03,243.49000549316406,514.2119750976562,25.770652770996094,580.544921875,80.75382232666016
2025-01-06,243.19000244140625,520.1217651367188,25.610994338989258,583.88916015625,80.39302825927734
2025-01-07,244.55999755859375,510.84063720703125,25.60160255432129,577.2888793945312,79.48640441894531
2025-01-08,245.86000061035156,510.9298095703125,25.6579532623291,578.1322021484375,79.58816528320312
2025-01-10,248.2100067138672,502.91796875,25.366809844970703,569.3056640625,79.06083679199219
2025-01-13,245.74000549316406,501.3016052246094,25.63916778564453,570.1884155273438,79.03309631347656
2025-01-14,247.02999877929688,500.82568359375,25.845783233642578,570.972900390625,78.90354919433594
2025-01-15,248.8800048828125,512.3478393554688,26.127532958984375,581.3588256835938,80.26349639892578
2025-01-16,250.60000610351562,508.7583312988281,26.136924743652344,580.2408447265625,80.52252960205078
2025-01-17,249.27000427246094,517.3453369140625,26.287187576293945,586.06640625,80.66131591796875
2025-01-21,253.1300048828125,520.3795776367188,26.503198623657227,591.4309692382812,81.38288879394531
2025-01-22,254.42999267578125,527.0330810546875,26.22144889831543,594.7557373046875,80.95733642578125
2025-01-23,254.07000732421875,528.1535034179688,26.381105422973633,598.0020141601562,80.32826232910156
2025-01-24,255.64999389648438,525.1688842773438,26.362323760986328,596.2561645507812,80.6890640258789
2025-01-27,252.99000549316406,509.87872314453125,26.71920394897461,587.8218383789062,81.64192962646484
2025-01-28,255.17999267578125,517.4147338867188,26.362323760986328,592.8726806640625,81.58641815185547
2025-01-29,254.1999969482422,516.4430541992188,26.30597496032715,590.21484375,81.4198989868164
2025-01-30,258.04998779296875,518.6443481445312,26.277795791625977,593.3826293945312,81.72516632080078
2025-01-31,258.55999755859375,517.8906860351562,26.136924743652344,590.2246704101562,81.18862915039062
2025-02-03,259.94000244140625,513.7459106445312,26.033615112304688,586.2528686523438,81.84965515136719
2025-02-04,262.5,520.0523071289062,26.07118034362793,590.1854858398438,82.10031127929688
2025-02-05,264.1300048828125,522.4122924804688,26.249624252319336,592.5784301757812,83.4558334350586
2025-02-06,263.42999267578125,525.1390991210938,26.061792373657227,594.6380004882812,83.41869354248047
2025-02-07,263.8999938964844,518.515380859375,25.88334846496582,589.1950073242188,82.88019561767578
2025-02-10,268.3699951171875,524.7920532226562,25.996051788330078,593.1963500976562,82.6295394897461
2025-02-11,267.3900146484375,523.5426025390625,26.174489974975586,593.6473999023438,82.10031127929688
2025-02-12,267.6700134277344,523.85009765625,25.967876434326172,591.7349853515625,80.9862289428711
2025-02-13,270.30999755859375,531.3861083984375,26.15570640563965,597.9823608398438,82.3324203491211
2025-02-14,266.2900085449219,533.6171875,26.099361419677734,597.952880859375,82.76880645751953
2025-02-18,270.70001220703125,534.8267822265625,26.287187576293945,599.7083740234375,81.79395294189453
2025-02-19,270.8500061035156,534.9756469726562,26.465633392333984,601.12060546875,81.89608764648438
2025-02-20,270.989990234375,532.7048950195312,26.59711265563965,598.6198120117188,82.20246887207031
2025-02-21,270.739990234375,521.6488037109375,26.493804931640625,588.3809204101562,83.19586944580078
2025-02-24,272.2099914550781,515.4911499023438,26.5407657623291,585.70361328125,83.43724822998047
2025-02-25,268.6199951171875,508.99627685546875,26.71920394897461,582.7908325195312,84.87632751464844
2025-02-26,269.0299987792969,510.225830078125,26.437458038330078,583.0849609375,85.37767028808594
2025-02-27,264.92999267578125,496.05621337890625,26.456239700317383,573.7777099609375,84.774169921875
2025-02-28,263.2699890136719,503.8896484375,26.80373191833496,582.7318725585938,85.81401824951172
2025-03-03,266.739990234375,492.8633117675781,26.6722469329834,572.5224609375,86.21449279785156
2025-03-04,269.05999755859375,491.37591552734375,26.22144889831543,565.74560546875,85.15277099609375
2025-03-05,269.6199951171875,497.7815246582031,26.343538284301758,571.826171875,84.47288513183594
2025-03-06,268.25,484.0879211425781,26.362323760986328,561.6755981445312,84.1934814453125
2025-03-07,268.3900146484375,487.6476135253906,26.728593826293945,564.82373046875,83.92340087890625
2025-03-10,266.0400085449219,468.7481994628906,26.653461456298828,549.779296875,84.79885864257812
2025-03-11,269.1600036621094,467.627685546875,26.052398681640625,545.208984375,84.1934814453125
2025-03-12,270.3299865722656,472.90289306640625,25.770652770996094,548.1022338867188,83.69056701660156
2025-03-13,275.1300048828125,464.3951416015625,25.629777908325195,540.795654296875,84.42633056640625
2025-03-14,275.239990234375,475.61981201171875,25.95848274230957,551.96630859375,83.9792709350586
2025-03-17,276.7300109863281,478.70361328125,26.259014129638672,556.22265625,84.39837646484375
2025-03-18,279.9599914550781,470.5429382324219,26.22144889831543,550.2108764648438,84.48221588134766
2025-03-19,281.1099853515625,476.8394775390625,26.324756622314453,556.2030029296875,84.91993713378906
2025-03-20,280.75,475.2231750488281,26.249624252319336,554.5946044921875,84.9758071899414
2025-03-21,278.489990234375,476.7898864746094,26.07118034362793,554.777587890625,84.47288513183594
2025-03-24,277.25,487.252685546875,26.381105422973633,564.712890625,83.60671997070312
2025-03-25,278.4700012207031,490.03326416015625,26.14631462097168,566.0703125,83.59742736816406
2025-03-26,278.239990234375,481.0163269042969,26.34437370300293,559.3125,83.04793548583984
2025-03-27,281.9700012207031,478.27545166015625,26.2969913482666,557.8270874023438,82.80577850341797
2025-03-28,284.05999755859375,465.6835632324219,26.13589096069336,546.5934448242188,83.95133972167969
2025-03-31,288.1400146484375,465.66363525390625,26.49599266052246,550.2625732421875,84.78022766113281
2025-04-01,287.57000732421875,469.4174499511719,26.410709381103516,551.8167724609375,85.514892578125
2025-04-02,288.1600036621094,472.8434753417969,26.410709381103516,555.308837890625,85.45881652832031
2025-04-03,286.4200134277344,447.53045654296875,25.33039665222168,527.9428100585938,85.85137176513672
2025-04-04,279.7200012207031,419.73486328125,23.956321716308594,497.03546142578125,86.78607177734375
2025-04-07,273.7099914550781,420.747802734375,23.634122848510742,496.1501159667969,84.1689682006836
2025-04-08,275.20001220703125,413.17071533203125,23.046588897705078,488.3790588378906,82.57996368408203
2025-04-09,285.3800048828125,462.7639465332031,24.515430450439453,539.6682739257812,83.06600952148438
2025-04-10,292.3500061035156,443.08154296875,23.662551879882812,516.0205688476562,80.77600860595703
2025-04-11,297.92999267578125,451.2445373535156,23.97527313232422,525.227783203125,81.21532440185547
2025-04-14,296.2300109863281,454.3031005859375,24.25956916809082,530.3233032226562,81.7948226928711
2025-04-15,297.7799987792969,454.80950927734375,24.098466873168945,528.8378295898438,82.08458709716797
2025-04-16,307.4700012207031,441.095458984375,23.814172744750977,517.0828247070312,82.54257202148438
2025-04-17,306.1199951171875,441.0160217285156,24.088991165161133,517.8206787109375,81.81352233886719
2025-04-21,315.5899963378906,430.1023254394531,23.719411849975586,505.4951171875,80.38343811035156
2025-04-22,311.1099853515625,441.3934020996094,24.107942581176758,518.64697265625,80.83209228515625
2025-04-23,303.6499938964844,451.4033508300781,24.088991165161133,526.68359375,81.61722564697266
2025-04-24,308.07000732421875,464.1045837402344,24.363807678222656,537.769775390625,82.47714233398438
2025-04-25,304.7300109863281,469.2784118652344,24.32590103149414,541.6553344726562,83.08470153808594
2025-04-28,309.07000732421875,469.12945556640625,24.439617156982422,541.86181640625,83.60812377929688
2025-04-29,306.05999755859375,472.2278137207031,24.534381866455078,545.2753295898438,84.30914306640625
2025-04-30,303.7699890136719,472.1681823730469,24.468046188354492,545.49169921875,83.6268081665039
2025-05-01,297.4599914550781,478.33502197265625,24.363807678222656,549.3574829101562,83.20278930664062
2025-05-02,297.9800109863281,485.4353942871094,24.695480346679688,557.5122680664062,82.30218505859375
2025-05-05,306.8800048828125,482.5555114746094,24.4490909576416,554.3153076171875,81.84249877929688
2025-05-06,315.4800109863281,478.0669250488281,24.212181091308594,549.6821899414062,82.11455535888672
2025-05-07,310.75,479.94378662109375,24.29747200012207,551.9938354492188,82.46166229248047
2025-05-08,304.6300048828125,484.8991394042969,24.430143356323242,555.8400268554688,81.54227447509766
2025-05-09,306.8399963378906,484.5813293457031,24.38275909423828,555.1317749023438,81.66425323486328
2025-05-12,298.19000244140625,504.3233337402344,25.046106338500977,573.4774169921875,80.90437316894531
2025-05-13,299.4599914550781,512.0095825195312,24.93238639831543,577.2646484375,80.57601928710938
2025-05-14,293.1600036621094,515.0780029296875,24.638622283935547,578.0023803710938,80.04129028320312
2025-05-15,297.8399963378906,515.6441040039062,25.036630630493164,580.82568359375,80.74488067626953
2025-05-16,294.239990234375,517.8885498046875,25.207204818725586,584.5045166015625,80.96064758300781
2025-05-19,298.0299987792969,518.3849487304688,25.18825340270996,585.1439208984375,80.72610473632812
2025-05-20,303.5799865722656,516.6570434570312,25.093486785888672,583.176513671875,80.14447021484375
2025-05-21,305.82000732421875,509.47723388671875,24.648099899291992,573.3494873046875,78.7748031616211
2025-05-22,303.1099853515625,510.43060302734375,24.6007137298584,573.5758666992188,79.18759155273438
2025-05-23,309.75,505.70367431640625,24.534381866455078,569.6607055664062,79.31892395019531
2025-05-27,304.5,517.6004638671875,24.89448356628418,581.5042724609375,80.42591094970703
2025-05-28,303.80999755859375,515.306396484375,24.676528930664062,578.1401977539062,80.07881164550781
2025-05-29,305.6099853515625,516.3193969726562,24.818674087524414,580.4221801757812,80.81993103027344
2025-05-30,303.6000061035156,515.5050659179688,24.799718856811523,579.7730712890625,80.94189453125
2025-06-02,311.6700134277344,519.57666015625,24.875532150268555,583.038818359375,80.18859100341797
2025-06-03,308.9100036621094,523.63818359375,25.055583953857422,586.3637084960938,80.04734802246094
2025-06-04,310.8999938964844,525.0980224609375,24.91343879699707,586.206298828125,81.3468017578125
2025-06-05,309.3299865722656,521.1456909179688,24.856578826904297,583.3732299804688,81.40328979492188
2025-06-06,305.17999267578125,526.239990234375,25.150346755981445,589.364013671875,80.36750030517578
2025-06-09,306.6199951171875,527.0145874023438,25.254589080810547,589.8951416015625,80.4522476196289
2025-06-10,306.7099914550781,530.500244140625,25.53887939453125,593.2396850585938,80.86656188964844
2025-06-11,308.3699951171875,528.7127685546875,25.45359230041504,591.5476684570312,81.11137390136719
2025-06-12,312.20001220703125,529.9539794921875,25.605213165283203,593.8988037109375,82.08124542236328
2025-06-13,316.2900085449219,523.3006591796875,25.491498947143555,587.2589721679688,81.29027557373047
2025-06-16,311.7799987792969,530.5797119140625,25.51045036315918,592.84619140625,80.4710693359375
2025-06-17,311.94000244140625,525.4059448242188,25.320920944213867,587.7802124023438,81.45037078857422
2025-06-18,310.260009765625,525.3165893554688,25.2451114654541,587.691650390625,81.59162139892578
2025-06-20,310.1300048828125,523.1714477539062,25.30196762084961,586.3114624023438,81.4409408569336
2025-06-23,311.0799865722656,528.5509643554688,25.30196762084961,592.1027221679688,81.7046127319336
2025-06-24,306.19000244140625,536.6336059570312,25.339874267578125,598.6439208984375,82.2978286743164
2025-06-25,307.1199951171875,538.0054931640625,25.071929931640625,598.979248046875,82.40140533447266
2025-06-26,306.7799987792969,543.0361328125,25.253751754760742,603.6654663085938,82.81571197509766
2025-06-27,301.2200012207031,544.8951416015625,25.253751754760742,606.664794921875,82.28839874267578
2025-06-30,304.8299865722656,548.4243774414062,25.3590145111084,609.5653076171875,83.09820556640625
2025-07-01,307.54998779296875,543.801513671875,25.885332107543945,609.3681030273438,83.30425262451172
2025-07-02,309.25,547.5892944335938,26.134138107299805,612.1305541992188,82.77497863769531
2025-07-03,307.1400146484375,552.9777221679688,26.172414779663086,616.9550170898438,82.19843292236328
2025-07-07,307.3699951171875,548.8121948242188,25.894901275634766,612.357421875,81.4139633178711
2025-07-08,304.1600036621094,549.1204223632812,26.143707275390625,612.0220947265625,81.31001281738281
2025-07-09,305.5199890136719,553.0076293945312,26.115001678466797,615.692138671875,82.16062927246094
2025-07-10,306.20001220703125,552.2122802734375,26.32552719116211,617.4285888671875,82.21733856201172
2025-07-11,309.1400146484375,550.9695434570312,26.153276443481445,615.258056640625,81.08317565917969
2025-07-14,308.010009765625,552.9678344726562,26.134138107299805,616.4320678710938,80.91305541992188
2025-07-15,306.7300109863281,553.4747924804688,25.713083267211914,613.7978515625,80.3459701538086
2025-07-16,308.260009765625,554.0414428710938,25.7705020904541,615.8499145507812,80.45939636230469
2025-07-17,307.5899963378906,558.5252685546875,25.971458435058594,619.6187744140625,80.44047546386719
2025-07-18,308.3900146484375,557.9884033203125,25.856624603271484,619.1649169921875,80.56334686279297
2025-07-21,313.1300048828125,560.88134765625,25.78963851928711,620.3389282226562,81.28165435791016
2025-07-22,316.1000061035156,557.978515625,26.067150115966797,620.427734375,81.77311706542969
2025-07-23,312.17999267578125,560.5234985351562,26.201122283935547,625.7060546875,81.3194580078125
2025-07-24,310.2699890136719,561.7164916992188,26.105430603027344,625.9132080078125,81.17769622802734
2025-07-25,307.3999938964844,563.0686645507812,26.143707275390625,628.5573120117188,81.68805694580078
2025-07-28,305.4100036621094,564.8282470703125,26.028871536254883,628.3994140625,81.15876770019531
2025-07-29,306.25,563.9534301757812,26.000164031982422,626.741943359375,82.52922821044922
2025-07-30,300.9599914550781,564.7090454101562,25.68437385559082,625.9526977539062,82.10392761230469
2025-07-31,302.9599914550781,561.7164916992188,25.3590145111084,623.6046142578125,82.15116882324219
2025-08-01,309.1099853515625,550.6513671875,25.244178771972656,613.3834838867188,83.31908416748047
2025-08-04,310.9100036621094,560.8118286132812,25.464279174804688,622.706787109375,83.5467758178711
2025-08-05,311.1600036621094,557.004150390625,25.58867835998535,619.5496826171875,83.8029556274414
2025-08-06,310.5,564.0131225585938,25.531261444091797,624.2952270507812,83.31908416748047
2025-08-07,313.1199951171875,565.921875,25.598249435424805,623.7722778320312,83.17676544189453
2025-08-08,313.04998779296875,571.200927734375,25.7226505279541,628.6361694335938,82.81625366210938
2025-08-11,308.54998779296875,569.5108032226562,25.63652801513672,627.39306640625,82.9111328125
2025-08-12,308.2699890136719,576.6688232421875,25.93317985534668,634.0723266601562,82.49366760253906
2025-08-13,309.2099914550781,576.9572143554688,26.277677536010742,636.2428588867188,83.17676544189453
2025-08-14,307.25,576.5098266601562,26.162845611572266,636.3020629882812,82.56008911132812
2025-08-15,307.42999267578125,573.974609375,26.153276443481445,634.812255859375,81.97185516357422
2025-08-18,306.95001220703125,573.7459716796875,26.086292266845703,634.6741333007812,81.73467254638672
2025-08-19,305.2699890136719,565.9616088867188,26.268110275268555,631.2308959960938,82.20905303955078
2025-08-20,308.3599853515625,562.6013793945312,26.32552719116211,629.5537719726562,82.38931274414062
2025-08-21,307.2900085449219,559.99658203125,26.33509635925293,627.0280151367188,81.98135375976562
2025-08-22,310.5799865722656,568.6359252929688,26.746583938598633,636.6571655273438,82.58853149414062
2025-08-25,309.8299865722656,566.99560546875,26.57433319091797,633.855224609375,82.35135650634766
2025-08-26,312.0799865722656,569.2722778320312,26.555192947387695,636.5092163085938,82.3039321899414
2025-08-27,312.7099914550781,570.1470947265625,26.670026779174805,637.9595336914062,82.20905303955078
2025-08-28,315.0299987792969,573.7161865234375,26.62217903137207,640.21875,82.74983978271484
2025-08-29,318.07000732421875,567.0751342773438,26.717872619628906,636.4006958007812,82.16160583496094
2025-09-02,325.5899963378906,562.322998046875,26.64131736755371,631.6847534179688,81.55018615722656
2025-09-03,328.1400146484375,566.7470703125,26.411651611328125,635.108154296875,82.44541931152344
2025-09-04,326.69000244140625,571.876953125,26.497777938842773,640.4160766601562,83.073974609375
2025-09-05,331.04998779296875,572.7021484375,26.44993019104004,638.5612182617188,84.34060668945312
2025-09-08,334.82000732421875,575.4956665039062,26.258543014526367,640.1300048828125,85.4643783569336
2025-09-09,334.05999755859375,577.1261596679688,26.268110275268555,641.60986328125,84.97869110107422
2025-09-10,335.260009765625,577.3150634765625,26.31595802307129,643.4647216796875,85.4643783569336
2025-09-11,334.760009765625,580.6753540039062,26.5264835357666,648.81201171875,86.03580474853516
2025-09-12,335.4200134277344,583.2402954101562,26.296817779541016,648.594970703125,85.66436767578125
2025-09-15,338.9100036621094,588.2310180664062,26.162845611572266,652.0479736328125,85.8643798828125
2025-09-16,339.5899963378906,587.7340087890625,26.239402770996094,651.1502075195312,86.0453109741211
2025-09-17,336.9700012207031,586.5608520507812,26.287248611450195,650.3411865234375,85.82627868652344
2025-09-18,335.6199951171875,591.8497924804688,26.268110275268555,653.3798828125,84.94058227539062
2025-09-19,339.17999267578125,595.8562622070312,26.153276443481445,656.6160278320312,84.77867889404297
2025-09-22,345.04998779296875,599.3837280273438,26.076723098754883,659.7225341796875,84.47391510009766
2025-09-23,346.4599914550781,595.4025268554688,26.22026252746582,656.1312866210938,85.06439208984375
2025-09-24,343.32000732421875,593.3123168945312,26.23958396911621,654.043701171875,84.74059295654297
2025-09-25,344.75,590.75439453125,26.075345993041992,651.0263061523438,84.74059295654297
2025-09-26,346.739990234375,593.1829223632812,26.287887573242188,654.756103515625,84.6644058227539
2025-09-29,352.4599914550781,595.9299926757812,26.18161964416504,656.5962524414062,85.35962677001953
2025-09-30,355.4700012207031,597.5623168945312,26.374841690063477,659.0695190429688,85.11201477050781
2025-10-01,356.0299987792969,600.4288330078125,26.5970458984375,661.3153076171875,85.33181762695312
2025-10-02,354.7900085449219,602.8972778320312,26.413484573364258,662.0769653320312,85.58029174804688
2025-10-03,357.6400146484375,600.3591918945312,26.48111343383789,662.0672607421875,85.4178237915039
2025-10-06,364.3800048828125,604.8679809570312,26.413484573364258,664.4415893554688,84.73929595947266
2025-10-07,366.260009765625,601.6830444335938,26.355520248413086,661.9781494140625,85.22669219970703
2025-10-08,372.29998779296875,608.58056640625,26.258907318115234,665.925537109375,85.29358673095703
2025-10-09,365.42999267578125,607.8440551757812,26.08500862121582,663.996337890625,85.22669219970703
2025-10-10,369.1199951171875,586.7431640625,25.64059829711914,646.0499877929688,86.60286712646484
2025-10-13,378.0899963378906,599.1946411132812,25.72754669189453,655.9630126953125,86.55508422851562
2025-10-14,380.7900085449219,595.2034912109375,25.959415435791016,655.16162109375,86.83220672607422
2025-10-15,387.3900146484375,599.4036865234375,25.872465133666992,658.0702514648438,86.64109802246094
2025-10-16,396.45001220703125,597.1841430664062,25.669578552246094,653.588623046875,87.29093933105469
2025-10-17,388.989990234375,601.105712890625,25.882123947143555,657.2986450195312,87.15714263916016
2025-10-20,403.1499938964844,608.6799926757812,26.075345993041992,664.1348876953125,87.49163055419922
2025-10-21,377.239990234375,608.5208740234375,26.152633666992188,664.125,87.92168426513672
2025-10-22,377.2799987792969,602.6583862304688,26.075345993041992,660.6722412109375,87.97901916503906
2025-10-23,378.7900085449219,607.7246704101562,26.113990783691406,664.5899658203125,87.37696075439453
2025-10-24,377.5199890136719,614.214111328125,26.113990783691406,670.0213623046875,87.4151840209961
2025-10-27,367.010009765625,625.1527709960938,26.20094108581543,677.9260864257812,87.71143341064453
2025-10-28,364.3800048828125,629.9600830078125,26.08500862121582,679.7266235351562,87.94078826904297
2025-10-29,363.0,632.7968139648438,25.833816528320312,680.05322265625,87.05204010009766
2025-10-30,370.1300048828125,623.1222534179688,25.77585220336914,672.5738525390625,86.54551696777344
2025-10-31,368.1199951171875,626.128173828125,25.84347915649414,674.7799682617188,86.28749084472656
2025-11-03,368.7799987792969,629.1240234375,25.572967529296875,676.04638671875,86.0716781616211
2025-11-04,362.32000732421875,616.3540649414062,25.54398536682129,668.0328369140625,86.26351928710938
2025-11-05,366.510009765625,620.365234375,25.669578552246094,670.3478393554688,85.32355499267578
2025-11-06,366.07000732421875,608.8095092773438,25.621274948120117,663.1554565429688,86.09087371826172
2025-11-07,368.30999755859375,606.8884887695312,25.814495086669922,663.808349609375,85.90864562988281
2025-11-10,378.3800048828125,620.3153686523438,25.862802505493164,674.1666259765625,85.88945007324219
2025-11-11,379.8699951171875,618.6632080078125,26.258907318115234,675.7099609375,86.28268432617188
2025-11-12,385.989990234375,618.1754760742188,26.26856803894043,676.0859985351562,86.43614959716797
2025-11-13,382.8699951171875,605.5548706054688,26.29755210876465,664.8670043945312,85.72640991210938
2025-11-14,375.9599914550781,606.0126342773438,26.316875457763672,664.7581176757812,85.23725128173828
2025-11-17,371.6499938964844,600.8369140625,26.08500862121582,658.56494140625,85.44827270507812
2025-11-18,374.3500061035156,593.5213623046875,26.23958396911621,653.0346069335938,85.41947937011719
2025-11-19,374.9599914550781,597.064697265625,26.017379760742188,655.5574340820312,85.2468490600586
2025-11-20,374.8500061035156,582.9310302734375,25.717885971069336,645.5652465820312,85.58252716064453
2025-11-21,374.2699890136719,587.310546875,26.18161964416504,651.995849609375,85.84149932861328
2025-11-24,380.20001220703125,602.3299560546875,26.03670310974121,661.59228515625,86.33065032958984
2025-11-25,380.0799865722656,606.04248046875,26.394163131713867,667.815185546875,86.5512466430664
2025-11-26,383.1199951171875,611.3973388671875,26.519758224487305,672.4254760742188,86.93489837646484
2025-11-28,387.8800048828125,616.3540649414062,26.655012130737305,676.0958251953125,86.52246856689453
2025-12-01,389.75,614.2837524414062,26.5970458984375,673.0090942382812,85.44536590576172
2025-12-02,387.239990234375,619.0911865234375,26.471452713012695,674.2556762695312,85.48387145996094
2025-12-03,386.8800048828125,620.6040649414062,26.857894897460938,676.5905151367188,85.72452545166016
2025-12-04,387.1300048828125,620.0267944335938,26.80959129333496,677.0851440429688,85.26248931884766
2025-12-05,386.44000244140625,622.554931640625,26.770944595336914,678.371337890625,84.86785888671875
2025-12-08,385.4200134277344,621.3605346679688,26.645349502563477,676.3333129882812,84.5887222290039
2025-12-09,387.3999938964844,622.126953125,26.529417037963867,675.74951171875,84.67534637451172
2025-12-10,389.04998779296875,624.6749877929688,26.90810203552246,680.2312622070312,85.00260925292969
2025-12-11,393.239990234375,622.6544799804688,27.01546287536621,681.8140869140625,84.8871078491211
2025-12-12,395.44000244140625,610.7504272460938,27.01546287536621,674.4832763671875,84.06893157958984
2025-12-15,395.79998779296875,607.6847534179688,27.093542098999023,673.4642333984375,84.12669372558594
2025-12-16,395.8900146484375,608.88916015625,26.810503005981445,671.6240844726562,84.5887222290039
2025-12-17,399.2900085449219,597.6021118164062,26.937381744384766,664.2337646484375,84.51170349121094
2025-12-18,398.57000732421875,606.261474609375,26.820262908935547,669.2496948242188,84.91596984863281
2025-12-19,399.0199890136719,614.1642456054688,26.80074119567871,675.3153686523438,84.59904479980469
2025-12-22,408.2300109863281,617.1082763671875,26.95690155029297,679.5225219726562,84.41544342041016
2025-12-23,413.6400146484375,619.9984741210938,26.87882423400879,682.6282348632812,84.55072784423828
2025-12-24,411.92999267578125,621.812255859375,26.995943069458008,685.0294799804688,85.06285095214844
2025-12-26,416.739990234375,621.7723999023438,26.976423263549805,684.9599609375,84.78263092041016
2025-12-29,398.6000061035156,618.7626342773438,26.95690155029297,682.51904296875,85.10150909423828
2025-12-30,398.8900146484375,617.3275146484375,26.96666145324707,681.6856079101562,84.89859771728516
2025-12-31,396.30999755859375,612.2249145507812,26.771465301513672,676.635009765625,84.22218322753906
2026-01-02,398.2799987792969,611.0390014648438,27.064260482788086,677.8753662109375,84.09654998779297
2026-01-05,408.760009765625,615.8923950195312,27.239940643310547,682.3900756835938,84.51206970214844
2026-01-06,413.17999267578125,621.3040161132812,27.415618896484375,686.4483642578125,84.33812713623047
2026-01-07,409.2300109863281,621.9019775390625,27.230180740356445,684.2356567382812,84.83094024658203
2026-01-08,411.489990234375,618.364013671875,27.737695693969727,684.1661987304688,84.40577697753906
2026-01-09,414.4700012207031,624.5230102539062,27.864574432373047,688.6908569335938,84.96622467041016
2026-01-12,422.2300109863281,625.041259765625,27.815776824951172,689.7723388671875,84.71497344970703
2026-01-13,421.6300048828125,624.1144409179688,27.93289566040039,688.3932495117188,84.85994720458984
2026-01-14,425.94000244140625,617.4470825195312,28.342811584472656,685.0095825195312,85.35275268554688
2026-01-15,423.3299865722656,619.6695556640625,28.333051681518555,686.8750610351562,85.33342742919922
2026-01-16,421.2900085449219,619.1513061523438,28.206172943115234,686.2994995117188,84.84061431884766
2026-01-20,437.2300109863281,605.9961547851562,28.010974884033203,672.3286743164062,83.72936248779297
2026-01-21,443.6000061035156,614.1882934570312,28.45016860961914,680.0880126953125,84.36712646484375
2026-01-22,451.7900085449219,618.6530151367188,28.469690322875977,683.6403198242188,84.73432922363281
2026-01-23,458.0,620.6063232421875,28.44040870666504,683.8883056640625,84.96622467041016
2026-01-26,464.70001220703125,623.337158203125,28.479450225830078,687.3612060546875,85.3720703125
2026-01-27,476.1000061035156,628.9878540039062,28.66489028930664,690.099853515625,84.84061431884766
2026-01-28,494.55999755859375,631.0706787109375,28.596569061279297,690.0303344726562,84.64734649658203
2026-01-29,495.8999938964844,627.2935791015625,28.66489028930664,688.6610717773438,84.66667938232422
2026-01-30,444.95001220703125,619.7592163085938,29.10408592224121,686.6071166992188,84.19319152832031
2026-02-02,427.1300048828125,624.0148315429688,29.27976417541504,690.0204467773438,83.95262908935547
2026-02-03,454.2900085449219,614.427490234375,29.767759323120117,684.18603515625,84.15633392333984
2026-02-04,453.9700012207031,603.6939086914062,30.265518188476562,680.8719482421875,83.94294738769531
2026-02-05,441.8800048828125,595.0036010742188,30.226476669311523,672.3683471679688,84.85472869873047
2026-02-06,455.4599914550781,607.5807495117188,30.7144718170166,685.267578125,84.91292572021484
2026-02-09,467.0299987792969,612.23486328125,30.597352981567383,688.57177734375,84.89350891113281
2026-02-10,462.3999938964844,609.39453125,30.548551559448242,686.7559814453125,85.87320709228516
2026-02-11,467.6300048828125,611.0289916992188,30.880390167236328,686.5972290039062,85.41731262207031
2026-02-12,451.3900146484375,598.6013793945312,30.58759307861328,675.9901123046875,86.55220794677734
2026-02-13,462.6199951171875,599.876953125,30.851112365722656,676.46630859375,87.02750396728516
2026-02-17,448.20001220703125,599.259033203125,30.665672302246094,677.5578002929688,87.17300415039062
2026-02-18,458.2799987792969,603.73388671875,30.802310943603516,680.9711303710938,86.84320831298828
2026-02-19,459.55999755859375,601.421630859375,30.812070846557617,679.1751708984375,86.93051147460938
2026-02-20,468.6199951171875,606.7435302734375,30.851112365722656,684.0867919921875,86.72679901123047
2026-02-23,481.2799987792969,599.36865234375,30.773033142089844,677.1013793945312,87.0468978881836
2026-02-24,474.6099853515625,605.8067626953125,30.880390167236328,682.0228881835938,87.20210266113281
2026-02-25,473.4200134277344,614.5868530273438,30.75351333618164,687.778076171875,87.2117919921875
2026-02-26,477.4800109863281,607.1721801757812,30.75351333618164,683.9578247070312,87.56099700927734
2026-02-27,483.75,605.228759765625,31.00727081298828,680.6734619140625,88.094482421875
2026-03-02,490.0,606.0260620117188,31.095109939575195,681.0604858398438,87.2098388671875
2026-03-03,468.1400146484375,599.5381469726562,30.83159065246582,675.057373046875,87.03466033935547
2026-03-04,471.79998779296875,608.6769409179688,30.782791137695312,679.820068359375,86.76216125488281
2026-03-05,466.1300048828125,606.84326171875,30.50951385498047,676.0297241210938,86.41180419921875
2026-03-06,473.510009765625,597.71435546875,30.38263511657715,667.1688842773438,86.09064483642578
2026-03-09,472.5299987792969,605.6971435546875,30.275278091430664,673.0133666992188,86.84001922607422
2026-03-10,477.8599853515625,605.7071533203125,30.15815544128418,671.9317016601562,85.91546630859375
2026-03-11,476.239990234375,605.6273193359375,30.255756378173828,671.08837890625,84.80599975585938
2026-03-12,466.8800048828125,595.2327880859375,30.080076217651367,660.8978881835938,84.64054107666016
2026-03-13,460.8399963378906,591.7047729492188,30.060556411743164,657.1571655273438,84.22207641601562
2026-03-16,460.42999267578125,598.3422241210938,30.128877639770508,663.844970703125,84.8741226196289
2026-03-17,459.2699890136719,601.2622680664062,30.20695686340332,665.5912475585938,85.1076889038086
2026-03-18,444.739990234375,592.880859375,29.845840454101562,656.3038330078125,84.63082122802734
2026-03-19,426.4100036621094,591.0071411132812,29.855600357055664,654.6864624023438,85.14661407470703
2026-03-20,413.3800048828125,580.0843505859375,29.660398483276367,645.3009643554688,83.53108215332031
2026-03-23,404.0400085449219,586.7431640625,29.806798934936523,652.07666015625,84.07608032226562
2026-03-24,404.1300048828125,582.731689453125,29.904399871826172,649.8877563476562,83.70626831054688
2026-03-25,416.2900085449219,586.5635375976562,30.058927536010742,653.5094604492188,84.51402282714844
2026-03-26,400.6400146484375,572.5634765625,30.137666702270508,641.838623046875,83.8035888671875
2026-03-27,414.70001220703125,561.3775024414062,29.960500717163086,630.89404296875,83.34617614746094
2026-03-30,414.5799865722656,557.086669921875,29.9998722076416,628.78466796875,84.45563507080078
2026-03-31,430.2900085449219,575.9462280273438,30.196720123291016,647.0621337890625,84.36804962158203
2026-04-01,437.82000732421875,583.06103515625,30.02939796447754,651.9373779296875,84.28499603271484
2026-04-02,429.4100036621094,583.7295532226562,30.078609466552734,652.5244750976562,84.8028564453125
2026-04-06,427.6499938964844,587.2420654296875,30.157350540161133,655.6087646484375,84.66606903076172
2026-04-07,431.80999755859375,587.3319091796875,30.078609466552734,655.8972778320312,84.65629577636719
2026-04-08,434.5299987792969,604.7944946289062,30.373886108398438,672.6027221679688,84.92988586425781
2026-04-09,437.9100036621094,608.8857421875,30.452625274658203,676.4830322265625,84.71492004394531
2026-04-10,437.1300048828125,609.7638549804688,30.078609466552734,676.0353393554688,84.50973510742188
2026-04-13,435.3599853515625,616.0703125,30.255775451660156,682.6417846679688,84.76377868652344
2026-04-14,445.0899963378906,627.2562866210938,30.226247787475586,690.959716796875,85.21324157714844
2026-04-15,440.4599914550781,636.0375366210938,30.167192459106445,696.412109375,84.8419418334961
2026-04-16,440.0799865722656,639.1009521484375,30.32467269897461,698.1234130859375,84.30452728271484
2026-04-17,445.92999267578125,647.4630126953125,30.560890197753906,706.5607299804688,85.07645416259766
2026-04-20,442.0899963378906,645.4074096679688,30.541208267211914,705.1477661132812,85.0569076538086
2026-04-21,429.57000732421875,642.9526977539062,30.491994857788086,700.53125,84.58790588378906
2026-04-22,435.260009765625,653.709716796875,30.521522521972656,707.6253051757812,84.7540054321289
2026-04-23,431.0400085449219,650.0275268554688,30.925064086914062,704.8792114257812,84.568359375
2026-04-24,433.25,662.4609375,30.70853042602539,710.3414916992188,84.72469329833984
2026-04-27,429.8900146484375,662.8101806640625,30.639631271362305,711.5653686523438,84.30452728271484
2026-04-28,421.9100036621094,656.1444702148438,30.816795349121094,708.1029052734375,84.3924789428711
2026-04-29,417.4100036621094,660.1558837890625,30.954591751098633,707.993408203125,83.73780822753906
2026-04-30,423.6600036621094,666.3126220703125,31.5648250579834,715.0377197265625,83.65965270996094
2026-05-01,423.17999267578125,672.708984375,31.35813331604004,717.0177001953125,83.95877075195312
2026-05-04,414.7099914550781,671.4417114257812,31.023488998413086,714.3909912109375,83.32129669189453
2026-05-05,418.2699890136719,680.1530151367188,31.190811157226562,720.1220092773438,83.78223419189453
2026-05-06,430.9599914550781,694.2827758789062,31.161283493041992,730.1312866210938,84.41970825195312
2026-05-07,431.67999267578125,693.4545288085938,31.043174743652344,727.8926391601562,83.99800109863281
2026-05-08,433.7699890136719,709.709716796875,31.12191390991211,733.9021606445312,84.41970825195312
2026-05-11,434.6499938964844,711.7652587890625,31.249866485595703,735.5736694335938,83.90972137451172
2026-05-12,432.92999267578125,705.7282104492188,31.259708404541016,734.4593505859375,83.35072326660156
2026-05-13,430.5,713.1823120117188,31.249866485595703,738.5685424804688,83.16439056396484
2026-05-14,427.2099914550781,718.2514038085938,31.2990779876709,744.3989868164062,83.28206634521484
2026-05-15,417.2900085449219,707.4146728515625,31.220338821411133,735.4443969726562,82.04637908935547
2026-05-18,418.42999267578125,704.3711547851562,31.535297393798828,734.927001953125,81.94830322265625
2026-05-19,411.5,700.030517578125,31.594350814819336,730.03173828125,81.41870880126953
2026-05-20,417.3999938964844,711.6256713867188,31.614036560058594,737.5138549804688,82.29155731201172
2026-05-21,416.989990234375,712.9827270507812,31.741989135742188,738.9764404296875,82.59557342529297
2026-05-22,413.82000732421875,716.0062255859375,32.3128547668457,741.8817749023438,83.04670715332031
2026-05-26,414.0,728.7190551757812,32.155372619628906,746.8068237304688,83.45860290527344
2026-05-27,408.489990234375,727.8908081054688,32.03726577758789,746.6774291992188,83.65475463867188
2026-05-28,412.7699890136719,734.027587890625,32.116004943847656,750.7965698242188,84.08625030517578
2026-05-29,417.1199951171875,736.7318115234375,31.98805046081543,752.6671142578125,84.10588073730469
2026-06-01,411.260009765625,741.1524047851562,31.673091888427734,754.7166748046875,84.15116882324219
2026-06-02,411.95001220703125,744.5650024414062,31.86009979248047,755.7415771484375,84.3283920288086
2026-06-03,407.8699951171875,742.6192626953125,31.86009979248047,750.4384155273438,83.9936294555664
2026-06-04,411.2699890136719,739.0269165039062,32.07663345336914,753.2740478515625,84.18069458007812
2026-06-05,396.239990234375,703.5529174804688,31.791202545166016,733.83251953125,83.74748992919922
2026-06-08,397.2699890136719,714.5393676757812,31.78135871887207,735.4940795898438,83.31427764892578
2026-06-09,390.7799987792969,706.3169555664062,31.879783630371094,733.3350830078125,83.80656433105469
2026-06-10,374.5799865722656,692.2072143554688,31.751829147338867,721.7736206054688,83.57026672363281
2026-06-11,386.32000732421875,715.5870971679688,32.017578125,734.04150390625,84.65330505371094
2026-06-12,386.5400085449219,719.798095703125,32.30301284790039,738.0113525390625,84.44652557373047
2026-06-15,396.54998779296875,742.40966796875,32.116004943847656,751.0254516601562,84.39730834960938
2026-06-16,397.6300048828125,728.2998657226562,32.017578125,746.5481567382812,84.86005401611328
2026-06-17,388.6000061035156,720.965576171875,31.427030563354492,737.225341796875,84.99789428710938
2026-06-18,387.1199951171875,739.0369262695312,31.35813331604004,744.8902587890625,85.41141510009766
2026-06-22,384.5899963378906,737.1818237304688,31.38766098022461,742.546142578125,84.76158905029297
2026-06-23,377.32000732421875,712.9071655273438,31.515613555908203,731.7628784179688,84.8698959350586
2026-06-24,365.9200134277344,709.8803100585938,31.468984603881836,731.4237060546875,86.03168487548828
2026-06-25,369.4599914550781,715.63427734375,31.70708465576172,732.4810791015625,86.00215911865234
2026-06-26,373.6300048828125,705.7846069335938,31.836057662963867,727.1842651367188,86.01200103759766
2026-06-29,368.5799865722656,723.3262939453125,31.677322387695312,739.1644897460938,86.1006088256836
2026-06-30,368.3800048828125,735.6334838867188,31.459062576293945,744.9202270507812,85.08650207519531
2026-07-01,370.6000061035156,724.4151000976562,31.59795570373535,743.9127197265625,84.51136779785156
2026-07-02,378.1300048828125,711.8582153320312,32.13368225097656,742.9351806640625,84.5014877319336
2026-07-06,382.1300048828125,722.067626953125,31.98487091064453,749.4190673828125,84.44219207763672
2026-07-07,377.489990234375,708.6915283203125,32.28249740600586,745.85791015625,83.55281066894531
2026-07-08,374.45001220703125,710.699462890625,32.08407974243164,743.5536499023438,83.36505126953125
2026-07-09,378.17999267578125,722.5271606445312,32.00471115112305,749.8480224609375,83.4935073852539
2026-07-10,377.010009765625,724.7548217773438,32.14360427856445,753.0799560546875,83.4737548828125
2026-07-13,367.1300048828125,710.9990844726562,32.302337646484375,747.3142700195312,82.97965240478516
2026-07-14,372.1499938964844,718.9408569335938,31.945186614990234,749.9677124023438,83.0883560180664
2026-07-15,372.3500061035156,716.9928588867188,32.08407974243164,752.9403076171875,83.24646759033203
2026-07-16,364.9599914550781,705.2051391601562,32.778541564941406,748.8604125976562,83.2168197631836
2026-07-17,368.4100036621094,694.606201171875,32.649566650390625,741.4487915039062,83.52316284179688
2026-07-20,367.6000061035156,695.33544921875,32.4908332824707,740.2518310546875,82.90058898925781
2026-07-21,374.80999755859375,708.2319946289062,32.560279846191406,746.426513671875,82.67330932617188
2026-07-22,379.1199951171875,704.61572265625,32.6396484375,745.55859375,82.45589447021484
2026-07-23,371.5199890136719,691.23974609375,32.540435791015625,736.3515014648438,82.18907928466797
2026-07-24,371.8999938964844,683.5177612304688,33.02656173706055,737.099609375,82.26813507080078
2026-07-27,374.6300048828125,681.4099731445312,33.16545486450195,737.25927734375,82.76223754882812
2026-07-28,369.3699951171875,674.786865234375,33.62181091308594,739.0248413085938,83.24646759033203
2026-07-29,371.0799865722656,661.0411376953125,33.56229019165039,727.6531372070312,81.87285614013672
2026-07-30,377.1600036621094,682.8384399414062,33.14561080932617,739.852783203125,81.82344818115234
2026-07-31,371.5400085449219,687.2738647460938,33.20513916015625,745.1796264648438,81.2799301147461
2026-08-03,371.7099914550781,699.34130859375,33.29442596435547,755.793212890625,81.5478286743164
2026-08-04,374.1600036621094,723.0964965820312,33.58212661743164,769.4193725585938,82.17289733886719
2026-08-05,389.6400146484375,716.5533447265625,33.3737907409668,767.8831787109375,82.35150146484375
2026-08-06,389.6700134277344,713.9061279296875,33.43331527709961,766.65625,81.875244140625
2026-08-07,398.4700012207031,722.2774047851562,33.631736755371094,771.3446044921875,82.11337280273438
2026-08-10,402.5400085449219,720.11962890625,33.919437408447266,771.1151733398438,81.41883850097656
2026-08-11,400.9599914550781,717.7021484375,33.99880599975586,768.6513061523438,81.5478286743164
2026-08-12,404.9200134277344,722.9467163085938,33.98888397216797,770.5764770507812,81.46845245361328
2026-08-13,398.9599914550781,731.3079833984375,34.15753936767578,775.9531860351562,81.94469451904297
2026-08-14,401.4800109863281,730.3090209960938,34.246826171875,774.4169921875,81.39900207519531
2026-08-17,405.489990234375,729.1102294921875,34.018646240234375,770.7560424804688,80.71438598632812
2026-08-18,398.54998779296875,716.7631225585938,34.23690414428711,765.5490112304688,81.02196502685547
2026-08-19,413.8399963378906,715.3345947265625,34.81231689453125,767.1549682617188,82.371337890625
2026-08-20,415.260009765625,710.18994140625,34.55437469482422,760.7109985351562,81.6966552734375
2026-08-21,423.3599853515625,712.6973876953125,34.832157135009766,763.8232421875,81.40892028808594
2026-08-24,426.69000244140625,705.5847778320312,34.931365966796875,761.5787963867188,81.91493225097656
2026-08-25,428.07000732421875,709.9801635742188,34.832157135009766,764.0127563476562,82.81782531738281
2026-08-26,421.32000732421875,710.6295166015625,34.77263259887695,764.182373046875,82.64915466308594
2026-08-27,422.6000061035156,720.359375,34.55437469482422,769.18994140625,82.48047637939453
2026-08-28,408.8900146484375,715.6842651367188,34.62382125854492,767.4442749023438,82.23242950439453
2026-08-31,408.4200134277344,716.013916015625,34.61389923095703,765.1499633789062,81.875244140625
2026-09-01,396.75,706.9033813476562,34.5345344543457,759.89306640625,81.54159545898438
2026-09-02,402.7799987792969,708.501708984375,34.732948303222656,763.2646484375,81.62126922607422
2026-09-03,410.2200012207031,716.9229125976562,34.802398681640625,771.2548217773438,81.74079132080078
2026-09-04,406.7699890136719,718.2116088867188,34.52460861206055,768.2822265625,81.8802261352539
2026-09-08,399.7200012207031,717.6122436523438,34.137699127197266,764.0626831054688,81.8702621459961
2026-09-09,403.3500061035156,715.5643920898438,33.820228576660156,760.5115356445312,81.40216064453125
2026-09-10,396.3599853515625,707.9523315429688,33.72102355957031,755.9528198242188,80.45596313476562
2026-09-11,398.7699890136719,714.1358642578125,33.84999084472656,762.3967895507812,80.54560852050781
2026-09-14,392.8399963378906,708.4417724609375,34.06825256347656,758.9952392578125,80.60536193847656
2026-09-15,394.1499938964844,703.8065795898438,34.05833053588867,755.513916015625,80.38624572753906
2026-09-16,391.739990234375,703.9863891601562,33.572208404541016,752.1821899414062,80.55555725097656
2026-09-17,398.3599853515625,716.1737060546875,33.62181091308594,760.7109985351562,81.45195007324219
2026-09-18,401.1700134277344,720.6990356445312,33.413475036621094,761.6900024414062,80.92407989501953
2026-09-21,398.3800048828125,741.469970703125,33.45315933227539,773.5,81.47187805175781
2026-09-22,400.07000732421875,747.4600219726562,33.472999572753906,773.3800048828125,81.42207336425781
2026-09-23,392.8800048828125,741.2100219726562,33.279998779296875,767.8099975585938,80.13724517822266
2026-09-24,391.69000244140625,741.0999755859375,33.099998474121094,767.1799926757812,79.1014175415039
2026-09-25,393.4100036621094,744.5,33.209999084472656,771.3499755859375,79.00182342529297
2026-09-28,377.9100036621094,736.530029296875,33.0099983215332,765.6099853515625,78.30463409423828
2026-09-29,382.8900146484375,737.9299926757812,32.849998474121094,764.2000122070312,77.91619873046875
2026-09-30,380.8399963378906,739.77001953125,32.529998779296875,762.6300048828125,77.4679946899414
2026-10-01,382.760009765625,742.030029296875,32.65999984741211,763.989990234375,77.70999908447266
2026-10-02,380.1400146484375,749.5800170898438,32.720001220703125,769.6400146484375,77.4800033569336
2026-10-05,379.54998779296875,756.2000122070312,32.720001220703125,774.8300170898438,77.11000061035156
2026-10-06,381.80999755859375,761.8099975585938,32.900001525878906,781.1300048828125,77.5250015258789
