rebalance_date,GLD_return_21d,QQQ_return_21d,SCHD_return_21d,SPY_return_21d,TLT_return_21d,cross_asset_return_dispersion_21d,GLD_return_63d,QQQ_return_63d,SCHD_return_63d,SPY_return_63d,TLT_return_63d,cross_asset_return_dispersion_63d,GLD_return_126d,QQQ_return_126d,SCHD_return_126d,SPY_return_126d,TLT_return_126d,cross_asset_return_dispersion_126d,GLD_vol_21d,QQQ_vol_21d,SCHD_vol_21d,SPY_vol_21d,TLT_vol_21d,cross_asset_vol_dispersion_21d,GLD_vol_63d,QQQ_vol_63d,SCHD_vol_63d,SPY_vol_63d,TLT_vol_63d,cross_asset_vol_dispersion_63d,GLD_drawdown_126d,QQQ_drawdown_126d,SCHD_drawdown_126d,SPY_drawdown_126d,TLT_drawdown_126d,average_pairwise_corr_63d,equity_bond_corr_63d,equity_gold_corr_63d,growth_bond_corr_63d,growth_dividend_corr_63d,equity_bond_momentum_spread_63d,growth_dividend_momentum_spread_63d,gold_bond_momentum_spread_63d,equal_weight_forward_return,hrp_forward_return,maximum_sharpe_forward_return,minimum_variance_forward_return,risk_consensus_forward_return,risk_parity_forward_return,equal_weight_excess_vs_equal_weight,hrp_excess_vs_equal_weight,maximum_sharpe_excess_vs_equal_weight,minimum_variance_excess_vs_equal_weight,risk_consensus_excess_vs_equal_weight,risk_parity_excess_vs_equal_weight,equal_weight_rank,hrp_rank,maximum_sharpe_rank,minimum_variance_rank,risk_consensus_rank,risk_parity_rank,best_model,best_model_return,worst_model_return,winner_margin,model_return_dispersion,yield_2y_level,yield_10y_level,yield_30y_level,fed_funds_level,breakeven_10y_level,real_yield_10y_level,unemployment_level,curve_10y_2y_bp,curve_30y_10y_bp,policy_10y_ff_bp,yield_2y_change_21d_bp,yield_2y_change_63d_bp,yield_10y_change_21d_bp,yield_10y_change_63d_bp,yield_30y_change_21d_bp,yield_30y_change_63d_bp,fed_funds_change_21d_bp,fed_funds_change_63d_bp,breakeven_10y_change_21d_bp,breakeven_10y_change_63d_bp,real_yield_10y_change_21d_bp,real_yield_10y_change_63d_bp,yield_2y_change_std_21d_bp,yield_2y_change_std_63d_bp,yield_10y_change_std_21d_bp,yield_10y_change_std_63d_bp,yield_30y_change_std_21d_bp,yield_30y_change_std_63d_bp,unemployment_change_63d_pp,unemployment_change_126d_pp,initial_claims_change_21d_pct,initial_claims_change_63d_pct,payrolls_change_63d_pct,payrolls_change_126d_pct,retail_sales_change_63d_pct,retail_sales_change_126d_pct
2018-01-31,0.03234937283169215,0.08757064955747973,0.04553440859517899,0.056359087459840085,-0.032555001068962364,0.039650726365925655,0.05382650392388233,0.11989875420142182,0.1112694077157157,0.103566986337017,-0.007380010292908135,0.047696082157623075,0.058019062672772126,0.1850500038146734,0.18266964643492356,0.1513304551643473,-0.005082098634003662,0.07545966887874803,0.0956846510382763,0.11163655670649568,0.10686295788628848,0.0866098906976329,0.09242373405799545,0.009258801638435144,0.09080105650955567,0.10262181080320086,0.07933174250322349,0.0698157684176186,0.09980949685899623,0.012375618691425458,-0.009159359531199951,-0.008950921090223773,-0.019787115454124482,-0.01633036002597621,-0.04276186730854714,0.22601295260701532,-0.1062245349488144,0.0058510149803713395,-0.03117784886460667,0.5971420435612189,0.11094699662992513,0.008629346485706124,0.061206514216790464,-0.03184491289684849,-0.03350436205837803,-0.03252806251968218,-0.0358102079980124,-0.0338224012218767,-0.03215263360923966,0.0,-0.00165944916152954,-0.0006831496228336953,-0.003965295101163911,-0.001977488325028212,-0.00030772071239117127,1.0,4.0,3.0,6.0,5.0,2.0,equal_weight,-0.03184491289684849,-0.0358102079980124,0.00030772071239117127,0.0013318082510001294,2.13,2.73,2.98,1.42,2.1,0.63,4.1,60.00000000000001,25.0,131.0,21.999999999999996,53.99999999999998,29.999999999999982,31.000000000000007,23.0,4.999999999999982,0.0,26.0,14.000000000000012,22.00000000000002,16.000000000000004,8.999999999999996,1.8567765206451308,2.054555464493968,2.7124053637210763,2.9777292489033815,3.477136205338555,3.6645713884902724,-0.20000000000000018,-0.20000000000000018,-0.07968127490039845,-0.04149377593360992,0.0035032107096213405,0.00641274909095868,0.01664641402015743,0.039409682293692905
2018-02-28,-0.018453070296648888,-0.016990377819399938,-0.06827824352729672,-0.04577048739645562,-0.03041484079771284,0.01917185531391288,0.017666678633857735,0.07279396725688025,0.030255200349933453,0.049220280152544316,-0.056291039665670395,0.04366858442550465,0.0024861460624274745,0.17917519763246204,0.12421646690511379,0.12194327721945908,-0.05505450140605095,0.08677538638818502,0.11656062856627761,0.2949857955938208,0.26038160099194446,0.2648666066824348,0.11690080563522214,0.0776748100400027,0.09964928583244187,0.191541362719629,0.16679986678376954,0.1646415164789593,0.10691734235041352,0.03613850725552328,-0.029729114155236047,-0.021763286622301425,-0.07493549584972525,-0.05209668845559934,-0.07187611271985639,0.3335830497643709,-0.03779471979236432,0.16087960632205042,0.014563229047727513,0.8587149211234467,0.10551131981821471,0.0425387669069468,0.07395771829952813,-0.011429201974674652,-0.008166141254560255,-0.018909639314081596,-0.0008242570605300246,-0.004822416329035029,-0.005483908077293154,0.0,0.003263060720114397,-0.007480437339406945,0.010604944914144628,0.006606785645639623,0.005945293897381498,5.0,4.0,6.0,1.0,2.0,3.0,minimum_variance,-0.0008242570605300246,-0.018909639314081596,0.003998159268505004,0.005748629654204819,2.27,2.9,3.17,1.42,2.13,0.77,4.0,62.999999999999986,27.0,148.0,14.000000000000012,52.0,23.99999999999998,56.00000000000001,25.99999999999998,41.000000000000014,0.0,26.0,4.0000000000000036,28.999999999999982,20.000000000000007,27.0,3.719318934070228,2.6793095074597,4.0160392712934705,3.312299226349355,3.884646211751623,3.8443873212890614,-0.20000000000000018,-0.2999999999999998,-0.051948051948051965,-0.1097560975609756,0.003472670558413604,0.006050200310685927,0.011020180903255739,0.03446793233252432
2018-03-29,0.006320007324218668,-0.04078830483181084,-0.023848180175791156,-0.027410557808674185,0.028596475861227155,0.025253439146563555,0.02912539851772511,0.02459290094943567,-0.038698978177233334,-0.01165670771872851,-0.03447080956219284,0.0285702016199993,0.03123460775324971,0.11259282686185035,0.06367678105118424,0.06200552744672927,-0.011461269947761088,0.040904085540350056,0.11323137730934285,0.268950541054824,0.17731157473306797,0.20150550758483685,0.08657134485247353,0.06483687544299564,0.10818985817642303,0.23851338729708785,0.19071225509597398,0.19720102942212364,0.0989031289332385,0.05419209560636759,-0.02359699505022106,-0.07864339034899281,-0.09699660081893025,-0.0780792469737206,-0.04433923318560584,0.27302668896367793,-0.1932809394560762,0.15967641393709914,-0.17824370086618954,0.8963837267702095,0.02281410184346433,0.063291879126669,0.06359620807991795,-0.006288231851611804,-0.006635803845308666,-0.006396470205248837,-0.0097320355604078,-0.008294078192980867,-0.00851604088734372,0.0,-0.0003475719936968623,-0.00010823835363703294,-0.0034438037087959963,-0.0020058463413690636,-0.0022278090357319164,1.0,3.0,2.0,6.0,4.0,5.0,equal_weight,-0.006288231851611804,-0.0097320355604078,0.00010823835363703294,0.0012880118086934101,2.28,2.77,3.01,1.68,2.05,0.72,4.1,49.00000000000002,23.99999999999998,109.00000000000001,0.9999999999999787,35.999999999999986,-12.99999999999999,29.999999999999982,-16.000000000000014,18.999999999999993,26.0,26.0,-8.000000000000007,10.999999999999988,-5.000000000000004,18.999999999999993,2.6735031415016266,2.8551836600679277,3.4709680274556094,3.5371628089935574,3.144912747673019,3.6572284616197206,-0.10000000000000053,-0.3000000000000007,0.027397260273972712,-0.07786885245901642,0.0046277447547702355,0.00772534525827151,0.006443258792450113,0.03908285229930697
2018-04-30,-0.009539745360543694,0.005058405680333777,-0.01121762234307433,0.005167991204990674,-0.020880970235777507,0.01007780039024477,-0.021672572982333493,-0.052316030758502996,-0.10070056055094978,-0.06713017467360927,-0.023512961833368484,0.029415452217255757,0.035402596542941644,0.09919832558581665,0.0118354171542423,0.04423314898458286,-0.014965185689682414,0.0380522183405083,0.09867168805770339,0.2358932835560406,0.16902992213838752,0.17092632993322965,0.09168357893560297,0.05321764148872956,0.10826296939323135,0.26374044027637045,0.2039237840309539,0.21308422367357546,0.09961585068674779,0.06365739525124026,-0.03291163108671036,-0.07398279484112125,-0.10712615192545583,-0.07331476863038255,-0.06429435721295718,0.24644365091824016,-0.2306489789369354,0.019099102907292557,-0.17260952345212466,0.9078931670237085,-0.04361721284024078,0.048384529792446784,0.0018403888510349908,0.02141147344261465,0.0172093063973738,0.027264750005219572,0.014453808934780604,0.016624340993145113,0.018207297477523702,0.0,-0.004202167045240849,0.005853276562604922,-0.006957664507834046,-0.0047871324494695375,-0.003204175965090948,2.0,4.0,1.0,6.0,5.0,3.0,maximum_sharpe,0.027264750005219572,0.014453808934780604,0.005853276562604922,0.0041641192608650665,2.49,2.96,3.13,1.7,2.17,0.79,4.0,46.99999999999997,16.999999999999993,126.0,21.000000000000043,36.00000000000003,18.999999999999993,29.999999999999982,12.00000000000001,21.999999999999975,2.0000000000000018,28.000000000000004,12.00000000000001,8.000000000000007,7.000000000000006,22.000000000000007,1.7320508075688763,2.809627949852054,3.269629365918436,3.6272140862719655,3.6683978597124396,3.6196539228563527,-0.09999999999999964,-0.2999999999999998,-0.07999999999999996,-0.10389610389610393,0.0051314032388170006,0.008652590335219923,0.0018011646566413742,0.018477561609391513
2018-05-31,-0.004930891721492969,0.044784304125478513,0.023434227707154198,0.02249238469302073,0.023731562108867177,0.01580915869404267,-0.012989117468939382,0.035663347882989305,-0.005262250421361525,0.0161567576954329,0.020339977869180847,0.017673756989854867,0.002361378725611818,0.0901215159496469,0.0016920877081412211,0.040117360180750516,-0.031822634162204544,0.041599041604964616,0.07568337142466018,0.11146084682806538,0.1150282760624853,0.10628528351153174,0.11575203842954,0.014959324714512503,0.09657728951301499,0.21287075655784854,0.1528397953781625,0.15980111741943753,0.0981706326658595,0.043405597117210856,-0.044477243464203675,-0.021450472148379474,-0.09110319801774158,-0.05078778387339333,-0.045538935879017584,0.20183859637344823,-0.33020899337731696,-0.07113017330024242,-0.20172752507083733,0.8574946804822645,-0.004183220173747948,0.04092559830435083,-0.03332909533812023,-0.0011083887160599087,-0.0025686313659412873,0.0034679964278387953,-0.002389673494722742,-0.0025047972625838392,-0.002557604639361112,0.0,-0.0014602426498813786,0.004576385143898704,-0.0012812847786628334,-0.0013964085465239305,-0.0014492159233012033,2.0,6.0,1.0,3.0,4.0,5.0,maximum_sharpe,0.0034679964278387953,-0.0025686313659412873,0.004576385143898704,0.0021831631860557057,2.42,2.84,3.01,1.7,2.06,0.78,4.0,41.99999999999999,16.999999999999993,113.99999999999999,-7.000000000000028,16.999999999999993,-11.000000000000032,-3.000000000000025,-10.000000000000009,-12.00000000000001,1.0000000000000009,34.999999999999986,-10.999999999999988,-6.000000000000005,0.0,3.0000000000000027,4.7469288317114415,3.2834204687183113,4.986171353042809,3.9652871654077564,4.343029445203516,3.7107391788505195,0.0,-0.20000000000000018,0.11111111111111116,0.05022831050228316,0.005146959230664994,0.008637503482864295,0.006363390760406595,0.017453697381
2018-06-29,-0.03614944763120953,0.011450642667971467,0.006967342187343073,0.005750890483913418,0.00645733366363932,0.017635828900956555,-0.06765676933695675,0.10615031615759074,0.038099735049963224,0.05836867733438411,0.003214367592555556,0.05813022116538283,-0.03418800977133829,0.09932040950625876,-0.026253459240852317,0.021352005757422576,-0.02861291674457689,0.050591056670609744,0.07221692017654328,0.1379368091325658,0.07826923565738113,0.08519532527841431,0.08491423736105179,0.023605827692382324,0.07930196944287819,0.1580012282630893,0.1155115622627369,0.1158595858189524,0.09797392485758523,0.026078314974830874,-0.0790188633120229,-0.03159351396131216,-0.08477060298534822,-0.04532896837245637,-0.030144342107623734,0.23609020942644085,-0.3129428037862263,0.01048912709015821,-0.1665432970553895,0.7710639203954041,0.055154309741828556,0.06805058110762752,-0.0708711369295123,0.014730121581485763,0.01214549806635967,0.013130891767354009,0.0077922046634984025,0.009650991239111026,0.009014981282916569,0.0,-0.0025846235151260923,-0.001599229814131754,-0.00693791691798736,-0.005079130342374737,-0.005715140298569194,1.0,3.0,2.0,6.0,4.0,5.0,equal_weight,0.014730121581485763,0.0077922046634984025,0.001599229814131754,0.0024420195935813322,2.52,2.84,2.97,1.91,2.1,0.74,3.8,31.999999999999986,13.000000000000034,93.0,10.000000000000009,25.0,0.0,9.999999999999964,-3.999999999999959,0.0,20.999999999999996,24.0,4.0000000000000036,5.000000000000027,-4.0000000000000036,5.000000000000004,2.821684738220193,3.3289525744917983,3.224903099319418,3.8780039312160826,3.1244047052046175,3.685192689845444,-0.2999999999999998,-0.40000000000000036,-0.034782608695652195,0.004524886877828038,0.004646953138719656,0.00929620280650334,0.01647794507902356,0.02302737553598555
2018-07-31,-0.02241890963254023,0.027963610591719812,0.045445362794675814,0.03704638958590745,-0.014368303654896719,0.027724847706160034,-0.06240401970605203,0.08629823859558661,0.07739923740492904,0.06647011937579128,0.015537869674617566,0.055266821514887536,-0.08525240479352192,0.04987837074463841,-0.023862730139869504,0.006974336014208493,-0.006081062422454764,0.04411367675667673,0.09121849083387354,0.1549214841461869,0.07719290382761212,0.08422320854458765,0.08276587731988679,0.02877789853165273,0.07945338600168819,0.1341182001530598,0.09112398943634051,0.09145982685822668,0.09486501070855023,0.018698527045464042,-0.09651041087241574,-0.0348433660879659,-0.023862730139869504,-0.009436318083975048,-0.024847082839427603,0.25506480280252253,-0.30485780028508946,0.255239554432867,-0.16478673704074293,0.61039331048596,0.050932249701173715,0.008899001190657563,-0.0779418893806696,0.020866450293140434,0.016562567911908542,0.034027755741129276,0.013076368901788402,0.015338913511669121,0.016377913844336435,0.0,-0.004303882381231892,0.013161305447988842,-0.007790081391352031,-0.005527536781471313,-0.004488536448803999,2.0,3.0,1.0,6.0,5.0,4.0,maximum_sharpe,0.034027755741129276,0.013076368901788402,0.013161305447988842,0.006949612966599887,2.66,2.98,3.11,1.91,2.13,0.85,4.0,31.999999999999986,12.99999999999999,107.0,14.000000000000012,16.999999999999993,14.000000000000012,2.9999999999999805,13.999999999999968,0.0,0.0,21.999999999999996,2.9999999999999805,-4.0000000000000036,10.999999999999998,6.999999999999995,2.4358434541926823,3.455740195237341,2.88675134594813,3.7820824244637743,2.816617356570355,3.4687545408281824,0.0,-0.09999999999999964,-0.05405405405405406,0.01449275362318847,0.004585918532506117,0.009740853968533747,0.012428604161033086,0.014252154780220794
2018-08-31,-0.008819372480282195,0.039659261577643434,0.02668462550709405,0.028045769023082867,0.019978240888188337,0.016249951765325153,-0.0724033702009459,0.07314679768832533,0.06113906910048672,0.0607985494119796,0.017710355147215306,0.053663505263485206,-0.09322574005827677,0.11632593305217931,0.05696908320333427,0.07565104119156008,0.03666125540000964,0.07089884557880305,0.12288831948178006,0.08745392418928931,0.07047787865654255,0.07075533052110744,0.06745799260977647,0.020765120672014005,0.0973975909774862,0.12636791254437482,0.07546337756965171,0.07797621126441988,0.07783968606235434,0.01937017077648014,-0.11513873389161655,-0.00048224515026462633,-0.004156456149021048,-0.004014229877075337,-0.01205282955073006,0.25093477683863896,-0.28448374931586023,0.38928101482945293,-0.2467293326707938,0.5030284571548816,0.04308819426476429,0.012007728587838606,-0.0901137253481612,-0.003945100871749962,-0.004893649793607728,-0.007400331462269052,-0.008136398608809292,-0.006657372759418531,-0.006941982973395636,0.0,-0.0009485489218577659,-0.0034552305905190895,-0.00419129773705933,-0.0027122718876685685,-0.002996882101645674,1.0,2.0,5.0,6.0,3.0,4.0,equal_weight,-0.003945100871749962,-0.008136398608809292,0.0009485489218577659,0.0014515062739571933,2.64,2.86,3.0,1.92,2.1,0.76,3.8,21.999999999999975,14.000000000000012,94.0,-2.9999999999999805,16.999999999999993,-14.000000000000012,-3.000000000000025,-12.99999999999999,-4.0000000000000036,1.0000000000000009,21.999999999999996,-2.9999999999999805,1.000000000000023,-10.999999999999998,-4.0000000000000036,2.242447642325554,2.3293800172408403,2.7628487713469547,2.920608484040733,2.4387740870402577,2.861721881129611,-0.20000000000000018,-0.20000000000000018,0.004761904761904745,-0.0495495495495496,0.004042581862282679,0.009210348096979626,0.018853819911946568,0.025337184895779297
2018-09-28,-0.012609412000811004,-0.0032972210354252907,0.008211873838417372,0.0019077727662799582,-0.028803348051879896,0.012894014250738712,-0.04964179784155931,0.0843246454184432,0.08266688845458026,0.07651148275993869,-0.030038572933575813,0.05966157785960538,-0.11393996351247848,0.1994260493470792,0.12391621005206765,0.1393460341439119,-0.026920760356384132,0.1162202557271313,0.07491231271416589,0.11206354676325556,0.0641530153687317,0.05521740013247779,0.07355781830777022,0.019390680146310735,0.09787369853038129,0.12274446393236113,0.07230960153247114,0.07075909155732847,0.07669742908570312,0.019878751464568807,-0.11981889314643279,-0.0032972210354250686,-0.014503259920911615,-0.005258781977584781,-0.0403507530810191,0.2666898028807715,-0.12031837123921311,0.33337386453205703,-0.07817385403180589,0.37746118618258645,0.1065500556935145,0.0016577569638629441,-0.019603224907983496,-0.04444834865209502,-0.03986998398225935,-0.0633176881462234,-0.035366598284145276,-0.03769545078183074,-0.0378496870438844,0.0,0.0045783646698356745,-0.018869339494128383,0.009081750367949747,0.006752897870264285,0.0065986616082106195,5.0,4.0,6.0,1.0,2.0,3.0,minimum_variance,-0.035366598284145276,-0.0633176881462234,0.0023288524976854616,0.009465603935104087,2.83,3.06,3.19,2.18,2.15,0.91,3.8,23.0,12.99999999999999,87.99999999999999,16.000000000000014,31.000000000000007,18.000000000000014,22.00000000000002,16.000000000000014,21.999999999999975,26.00000000000002,27.000000000000025,4.0000000000000036,4.999999999999982,14.000000000000002,17.000000000000004,2.3217399058628767,2.2921536279159502,2.6322179675268975,2.823625730011834,2.8619008002508033,2.8179077697236155,0.0,-0.2999999999999998,-0.009661835748792313,-0.07657657657657657,0.0035968320985331204,0.008260499547462441,0.003159272006208802,0.019689275395840422
2018-10-31,0.011240877741485189,-0.08576028272106262,-0.06452813391664503,-0.07178648098797535,-0.028067482570804603,0.03513220843331072,0.005501265292350288,-0.052383013177468074,-0.02194963344496159,-0.03730660426822996,-0.0382717945672878,0.019706376925592198,-0.0734631263525477,0.05370660296094942,0.06331670710177129,0.039813306421022876,-0.03316194406783779,0.05379741548480756,0.11261005713978624,0.35249894947578103,0.18915477177409334,0.2301811862239049,0.1060674405392617,0.0902516232730809,0.10625233904905275,0.21943861543668855,0.12396552595865384,0.14406297332862975,0.08643453705755115,0.04585519895597059,-0.08012461059949494,-0.08897074442539099,-0.0727034203020479,-0.07399987806405295,-0.0684735995239164,0.15712233098500855,-0.2737885926299848,-0.19234839011137558,-0.1773948064451237,0.6988030858544863,0.0009651902990578387,-0.030433379732506483,0.043773059859638086,0.014160834701848262,0.015551603229888763,0.013010648402064937,0.017600249077881925,0.01596231555491257,0.01473066398283307,0.0,0.0013907685280405008,-0.0011501862997833259,0.0034394143760336626,0.001801480853064306,0.0005698292809848075,5.0,3.0,6.0,1.0,2.0,4.0,minimum_variance,0.017600249077881925,0.013010648402064937,0.0016379335229693565,0.0014464740658682242,2.84,3.12,3.36,2.2,2.05,1.07,3.7,28.000000000000025,23.99999999999998,92.0,2.0000000000000018,16.999999999999993,3.000000000000025,12.00000000000001,11.999999999999966,23.0,2.0000000000000018,29.000000000000025,-9.00000000000003,-8.000000000000007,12.00000000000001,20.000000000000007,2.5671922776598124,2.3569139828991315,4.281188086100802,3.330490339066837,3.7625978867190755,3.1227654581320734,-0.2999999999999998,-0.2999999999999998,0.05853658536585371,0.03333333333333344,0.0026718582169709126,0.007270029673590583,0.002601596842199738,0.015062535220571105
2018-11-30,0.003386881324189961,-0.002649917207210528,0.03368760577099872,0.018549695606943528,0.017872177358864372,0.012751549290509393,0.01788387579149675,-0.09094650988907338,-0.015278385776569814,-0.046199016881131705,-0.040257582711965,0.035968626102695286,-0.05581434728900858,-0.024452158160062964,0.04492657704017877,0.011790699320215037,-0.023260203651947142,0.034564084805531504,0.08340496075266174,0.27975595360172933,0.14897465133325893,0.1878681315712914,0.06728183604274543,0.07679725280528228,0.09290729921593355,0.2651381068101661,0.14501099328413333,0.1743807774014535,0.08624187000467629,0.06505897093260123,-0.06354349580497676,-0.09138489652601012,-0.04146501869238872,-0.05682285767014894,-0.05182519448014389,0.16956547255768858,-0.25901693554944555,-0.19612091105334292,-0.19309753378470368,0.7612193556893161,-0.005941434169166704,-0.07566812411250357,0.05814145850346175,-0.02960559495922261,-0.01897123810542013,-0.04431556700489896,-0.004886838277180491,-0.011902728860498483,-0.011853132618029436,0.0,0.010634356853802481,-0.014709972045676353,0.02471875668204212,0.017702866098724127,0.017752462341193175,5.0,4.0,6.0,1.0,3.0,2.0,minimum_variance,-0.004886838277180491,-0.04431556700489896,0.006966294340848944,0.013194220669082418,2.81,3.03,3.33,2.2,1.98,1.05,3.8,21.999999999999975,30.00000000000003,82.99999999999996,-2.9999999999999805,16.999999999999993,-9.00000000000003,16.999999999999993,-2.9999999999999805,33.00000000000001,0.0,28.000000000000025,-6.999999999999984,-12.00000000000001,-2.0000000000000018,29.000000000000004,3.0047581314594094,2.6163650554596947,2.8735244660769577,3.3418478045225104,2.515665205978616,3.0997249766512476,0.0,-0.20000000000000018,0.09216589861751157,0.12322274881516582,0.003402227888873899,0.0074585635359116775,0.006457471087311761,0.025433038996225177
2018-12-31,0.0508753933638022,-0.08297920579314733,-0.07322366160772487,-0.0844944961222055,0.06667449660050351,0.06839196909918586,0.07529263659921193,-0.1673320372775644,-0.10644790823141659,-0.1353212013274675,0.04587860831195312,0.09882924419135787,0.021913176912636834,-0.09711760656969715,-0.03258073713282561,-0.0691633443299492,0.014461907456507772,0.04622955105238282,0.09016233433034153,0.36169438382005453,0.25154693791924226,0.2866208004409973,0.09453798870480479,0.10776057798180287,0.09808325638003991,0.3288111540564667,0.20009249339176702,0.23685920638735145,0.09549120209483948,0.08823756988442362,0.0,-0.17007752759977723,-0.11940732647121,-0.13986835861032565,0.0,0.1173514321743162,-0.410920865769355,-0.2442588547190864,-0.3471505788883566,0.8565031841294029,-0.18119980963942062,-0.06088412904614782,0.02941402828725881,0.05264045505913815,0.045894225864955666,0.03521927329024868,0.03697729033459911,0.04194833736053773,0.042969786286167745,0.0,-0.006746229194182482,-0.017421181768889467,-0.01566316472453904,-0.010692117698600422,-0.009670668772970403,1.0,2.0,6.0,5.0,4.0,3.0,equal_weight,0.05264045505913815,0.03521927329024868,0.006746229194182482,0.0057491108367487284,2.52,2.72,3.04,2.4,1.73,0.99,3.8,20.000000000000018,31.999999999999986,32.00000000000003,-31.000000000000007,-31.000000000000007,-33.999999999999986,-33.999999999999986,-27.99999999999998,-14.999999999999991,19.99999999999997,21.999999999999975,-17.999999999999993,-41.99999999999999,-15.999999999999993,7.9999999999999964,3.655393927048732,3.1411576655390445,3.3834330269149735,3.6137077591528053,3.5118845842842443,3.4016802570830453,0.0,0.0,0.01333333333333342,0.11219512195121961,0.002277644915157806,0.005882669320030676,0.011531988407252891,0.014727693101612704
2019-01-31,0.028865979381443863,0.09010751760381153,0.06046381494658548,0.08006575892367551,0.0037853347836491746,0.03215332024818511,0.07256472030406891,0.03315034584870591,0.02284584243779353,0.028978994628736432,0.070691032714163,0.02147393206593946,0.07552377185590964,-0.042535285831816205,-0.018683176889824016,-0.030549829750923352,0.033146548733704595,0.04435538712424138,0.08797480428415794,0.255182918158109,0.1555809305462226,0.18235976914404883,0.08938472108781913,0.06257662954654271,0.08853602564608552,0.3069736631871718,0.1960913942714489,0.22887006539552576,0.08706032538021764,0.08457141894022316,0.0,-0.09529527380817548,-0.06616333401564678,-0.07100126596819556,-0.012708639337695837,0.06526248624652708,-0.566155862378884,-0.21950871157469595,-0.5398554271322089,0.8832154417630642,-0.04171203808542656,0.01030450341091238,0.0018736875899059147,0.016598152792680166,0.011873364462980464,0.009570410059583818,0.008494981176551232,0.010261323844835843,0.01041464045359499,0.0,-0.004724788329699702,-0.0070277427330963475,-0.008103171616128934,-0.006336828947844323,-0.006183512339085175,1.0,2.0,5.0,6.0,4.0,3.0,equal_weight,0.016598152792680166,0.008494981176551232,0.004724788329699702,0.002616105196837635,2.52,2.7,3.06,2.4,1.84,0.86,3.9,18.000000000000014,35.999999999999986,30.00000000000003,0.0,-29.000000000000004,-2.0000000000000018,-37.999999999999986,2.0000000000000018,-25.99999999999998,0.0,19.99999999999997,11.00000000000001,-21.999999999999996,-13.0,-16.000000000000004,4.54972526643093,3.8092645841142336,4.265029447785342,3.5945284698601143,2.808999143908056,3.0141329499270837,0.19999999999999973,-0.10000000000000009,-0.06140350877192979,-0.01382488479262678,0.003019590514066861,0.00569951664876478,-0.003794657382703237,-0.0012029327091676034
2019-02-28,8.061386163404904e-05,0.07191908626284205,0.06035204123703419,0.057970315479097145,-0.006022034458291747,0.03291884893094523,0.0722068360272623,0.06627459516532808,0.04642446398620681,0.04787785995290883,0.05202227824691863,0.010364280657137848,0.08203160682684185,-0.05610264668685583,-0.004013379034876752,-0.02831030855533767,0.0008508039267207668,0.04623602300231839,0.09396691092704487,0.13333228758161086,0.08666289634557534,0.09389432831753192,0.08597801018567579,0.0176159613743708,0.09140959925814801,0.27033377850361967,0.18272418725805833,0.20970123979216024,0.09109445279103755,0.0695744344060802,-0.02138910141868222,-0.06823403082581825,-0.02829219958341367,-0.04088750067088387,-0.026297562005670905,0.08824088960627616,-0.5407947382509911,-0.24764516098141667,-0.5084800593268181,0.9133319274999215,-0.0041444182940097996,0.019850131179121266,0.02018455778034367,0.022512523938873614,0.02110442715030128,0.021424346527823216,0.024224044864028734,0.02298370461199722,0.023622712147030926,0.0,-0.0014080967885723335,-0.0010881774110503978,0.0017115209251551203,0.00047118067312360706,0.0011101882081573124,4.0,6.0,5.0,1.0,3.0,2.0,minimum_variance,0.024224044864028734,0.02110442715030128,0.0006013327169978079,0.0011139220151168752,2.5,2.69,3.07,2.4,1.93,0.76,4.0,18.999999999999993,37.999999999999986,29.000000000000004,-10.000000000000009,-31.000000000000007,-6.000000000000005,-35.999999999999986,0.9999999999999787,-24.00000000000002,0.0,19.99999999999997,14.999999999999991,-3.0000000000000027,-20.999999999999996,-33.00000000000001,3.5159500511106083,3.897364766728407,3.676178139628946,3.7918175304636925,3.2630689615175172,3.210007393361855,0.20000000000000018,0.20000000000000018,-0.014018691588784993,-0.06222222222222218,0.0035645736221552315,0.006978929002818379,-0.011637882424964996,-0.005255562626930055
2019-03-29,-0.01596899557748599,0.03924591184569448,0.015494634402671847,0.018100846583325225,0.05571632213098332,0.024215859943035135,0.011943289749118513,0.17600135885542612,0.1272885952842766,0.14372646926235966,0.057925912160000426,0.05983321203806153,0.07925695570632185,-0.020448871118113665,0.0026102633982676426,-0.015519989880344531,0.0909357552416794,0.04790010769293059,0.11530560455142529,0.14448401635997662,0.10935577999224676,0.11770001205304621,0.09401234933354607,0.01638393544986703,0.09885803835649773,0.17672686338595453,0.1188494306338365,0.1330593632275294,0.09072961239329935,0.03042080915851485,-0.0370165345302067,-0.03044575600944155,-0.004536375425327477,-0.021763079260261997,-0.0009485635886187227,0.12141221599702719,-0.5213008316672625,-0.19699985962205,-0.4339717821833904,0.8634977699626277,0.08580055710235923,0.04871276357114951,-0.04598262241088191,0.02028115310594047,0.013180644400662469,0.015014894227247163,0.006197065890765251,0.010295738841196741,0.011509555519442447,0.0,-0.007100508705278003,-0.0052662588786933084,-0.01408408721517522,-0.00998541426474373,-0.008771597586498025,1.0,3.0,2.0,6.0,5.0,4.0,equal_weight,0.02028115310594047,0.006197065890765251,0.0052662588786933084,0.004330828254386045,2.23,2.39,2.81,2.41,1.83,0.56,3.8,16.000000000000014,41.99999999999999,-2.0000000000000018,-27.0,-37.999999999999986,-29.999999999999982,-41.99999999999999,-25.99999999999998,-25.0,1.000000000000023,1.000000000000023,-9.999999999999986,6.000000000000005,-19.999999999999996,-48.0,3.242573933511108,3.8038167696944973,3.384840152376896,3.8268996969247273,2.808999143908056,2.9650636860901303,0.0,0.0,-0.004739336492891044,-0.032258064516129004,0.0030076796086007107,0.005292174949925288,-0.014261659301913476,-0.002894136184398377
2019-04-30,-0.006638842503123521,0.05499278353319359,0.03213477082189997,0.04085212161047003,-0.01991065429956529,0.028665790454815147,-0.022423022531203873,0.17524880322655156,0.11138394509399308,0.12112313043611467,0.028465342513314784,0.07050761205944979,0.0412370735347134,0.11322457974220179,0.10519563118400965,0.09982043680909714,0.09670286339113332,0.02561968282454804,0.07378320651241112,0.07696251096034934,0.09139299240566019,0.06180110383722376,0.08930109931065802,0.01082818872642502,0.09443611483156254,0.12029974768152256,0.09570036232207114,0.09320646133935365,0.09172486298514809,0.010694499504447471,-0.0434096300905733,-0.007747923348216834,-0.011721624913732187,0.0,-0.02084033136648966,0.191220223354485,-0.3666428015376822,-0.021369288497653616,-0.28300789329836334,0.7036693695666912,0.09265778792279988,0.06386485813255849,-0.05088836504451866,-0.027214294922341186,-0.012543955261460859,-0.021739983694756854,0.0005264125179876952,-0.00703775901713404,-0.00909558225491534,0.0,0.014670339660880327,0.005474311227584332,0.02774070744032888,0.020176535905207148,0.018118712667425846,6.0,4.0,5.0,1.0,2.0,3.0,minimum_variance,0.0005264125179876952,-0.027214294922341186,0.007564171535121735,0.009239991408255283,2.3,2.54,2.96,2.45,1.96,0.58,3.8,24.00000000000002,41.99999999999999,8.999999999999986,6.999999999999984,-30.00000000000003,14.999999999999991,-20.999999999999996,14.999999999999991,-10.000000000000009,4.0000000000000036,5.000000000000027,12.99999999999999,17.999999999999993,1.9999999999999907,-39.0,3.055050463303899,3.291519615996305,3.1486958751657435,3.4687545408281846,3.0023800083077057,3.0911233431853646,-0.10000000000000009,0.09999999999999964,0.05714285714285716,0.03738317757009346,0.00324413085996178,0.006273517320799726,0.019874336059181985,0.016004262380425516
2019-05-31,0.024335550399025463,-0.07928848584031856,-0.06786313953433276,-0.05668094138962587,0.06400291058708407,0.056790162341840485,0.011896985644181957,-0.0007076543542395841,-0.03541988721314815,-0.014041761003835362,0.11577426923004497,0.05252837213921527,0.07290130583114318,0.06929239487265959,0.005996597740058673,0.03612904308970055,0.1616558078463004,0.05224967508198371,0.08467861280191841,0.1991496458844296,0.13429487814364166,0.14893441968758858,0.08185099362368053,0.043659474236740284,0.08670130982988669,0.15300818792575374,0.11711194241201323,0.11804311483005583,0.0890186282871211,0.024122495794055374,-0.026598225717116564,-0.08979109483133674,-0.08681326746501428,-0.06380313849863739,0.0,0.07683801449491996,-0.5499058231135785,-0.2685351218593614,-0.4582881453252397,0.8035785152665839,-0.12981603023388033,0.034712232858908565,-0.10387728358586301,0.06156479865836268,0.05704432201838256,0.048891486048256536,0.04998749653539524,0.05406140682916215,0.05515268669032431,0.0,-0.00452047663998012,-0.012673312610106145,-0.01157730212296744,-0.007503391829200533,-0.00641211196803837,1.0,2.0,6.0,5.0,4.0,3.0,equal_weight,0.06156479865836268,0.048891486048256536,0.00452047663998012,0.004258455385863009,2.06,2.22,2.65,2.39,1.74,0.48,3.7,16.000000000000014,42.99999999999997,-16.999999999999993,-20.999999999999996,-46.0,-28.999999999999957,-50.99999999999998,-28.000000000000025,-43.99999999999999,-6.000000000000005,-0.9999999999999787,-20.999999999999996,-20.999999999999996,-8.000000000000007,-30.000000000000004,4.207136793592521,3.5478587327149285,3.707778182094911,3.4727378009434275,3.005550421026627,3.0407709158068474,-0.2999999999999998,-0.09999999999999964,0.0,0.004524886877828038,0.0035385845661735083,0.007115771733533061,0.017971062921133152,0.00612403537884032
2019-06-28,0.09458455317541814,0.0587364712677807,0.057397027436112635,0.055173634463209,0.022140210084435452,0.022945473128646546,0.09171374982452418,0.04170573845547487,0.023215719596268558,0.042286242020535436,0.0570694302127186,0.02292828014718335,0.10475240346177483,0.225047363951133,0.1534594112164671,0.1920903635468798,0.11830114117424184,0.044914940225798436,0.1262644830476242,0.18672939715569523,0.11581353550530732,0.11903844425829423,0.10329552265703297,0.029211157549778727,0.09935823599721137,0.16529738780649436,0.11835915322458648,0.11769398450577298,0.09125332153217995,0.025688113009889244,-0.007451564998065097,-0.02070610349759594,-0.020261697103684084,-0.004850309166067213,-0.0006766243804390282,0.13736520013167663,-0.44345608282110194,-0.09542411354801768,-0.4078509578128105,0.7054909459607503,-0.014783188192183161,0.018490018859206314,0.034644319611805585,0.011532956147103118,0.0089829149125527,0.008533958366167368,0.0074649234117768375,0.008495476601233504,0.009038018593927352,0.0,-0.0025500412345504184,-0.00299899778093575,-0.004068032735326281,-0.0030374795458696143,-0.0024949375531757665,1.0,3.0,4.0,6.0,5.0,2.0,equal_weight,0.011532956147103118,0.0074649234117768375,0.0024949375531757665,0.0012413309372166076,1.74,2.01,2.52,2.38,1.68,0.33,3.6,26.99999999999998,51.00000000000002,-37.000000000000014,-34.999999999999986,-49.0,-24.00000000000002,-38.000000000000036,-16.999999999999993,-29.000000000000004,-1.000000000000023,-3.000000000000025,-7.000000000000006,-15.000000000000014,-17.0,-23.000000000000004,5.782156460468127,4.495318153886273,3.915171953895698,3.670016623587575,3.8680621455587816,3.3640672235688536,-0.19999999999999973,-0.19999999999999973,0.08837209302325588,0.11428571428571432,0.0036716933103213556,0.006690416196020399,0.026462033441120525,0.011822981633833995
2019-07-31,0.019828599705243644,0.009722235084437703,0.00822271652487272,0.005987027514930077,0.0049151121778485685,0.00531876932256652,0.10639539057841874,0.013722066038647895,0.01665263032423825,0.024216622946389377,0.07686741695679444,0.03732482234268634,0.06832948998027799,0.1580823714600723,0.10960731528535272,0.1218819013766026,0.11291705111593053,0.02867580833566884,0.16162458040730054,0.11043308472971546,0.09852042750533804,0.0815131156794959,0.10116657223742288,0.02714580942526904,0.13336772910360212,0.17207742067829712,0.11937566893765117,0.12099643953285907,0.09370500460538346,0.02557796527260324,-0.023959474765810507,-0.021455347939269176,-0.019803774044922284,-0.015164969970628661,-0.009835591078867556,0.20181539295167047,-0.3677356255310655,-0.004111394697568397,-0.29421809109394526,0.7677749252441066,-0.052650794010405066,-0.0029305642855903535,0.029527973621624293,0.02817817823948938,0.04008676532177263,0.046472610663909675,0.05222455111241055,0.04569212496370685,0.04476458913089698,0.0,0.011908587082283251,0.018294432424420293,0.024046372872921166,0.01751394672421747,0.0165864108914076,6.0,5.0,2.0,1.0,3.0,4.0,minimum_variance,0.05222455111241055,0.02817817823948938,0.005751940448500872,0.0074791902538351085,1.85,2.06,2.58,2.39,1.78,0.28,3.6,20.999999999999996,52.0,-33.00000000000001,10.000000000000009,-41.99999999999999,6.000000000000005,-44.99999999999997,6.000000000000005,-35.00000000000001,-0.9999999999999787,-6.000000000000005,9.000000000000007,-16.999999999999993,-2.9999999999999973,-28.000000000000004,4.0573272929238495,4.751909633114913,3.551659571846058,3.7305563514366398,3.4661629670697365,3.4490661558848448,-0.19999999999999973,-0.2999999999999998,-0.1367521367521367,-0.09009009009009006,0.003612894640540265,0.006868746203499088,0.012143374685257058,0.032259052253826415
2019-08-30,0.05380834352934971,-0.01409406675293634,0.0013162202240339926,-0.00810595781118717,0.08886608657008588,0.0402293663296727,0.14898888417163048,0.10442321606451488,0.06413855949560698,0.0703007096427124,0.11645022166072017,0.031159189434616028,0.18254362361853693,0.07915626210998661,0.04239336799676674,0.05643109016002468,0.244287497062593,0.07884980985736868,0.13401486808046728,0.27263453914307756,0.22229885700341243,0.23431298693874697,0.16586255287759039,0.04959870988428535,0.15030355001093684,0.19236646305761784,0.1531947495450207,0.15672950698865457,0.13098314453956805,0.019933159644674476,-0.012502625765245745,-0.04004315105856693,-0.03252184950058079,-0.03165450611105658,-0.0035179826046745077,0.10405252813289907,-0.5737467503610353,-0.2234483051812094,-0.5178708602148703,0.9122012206568382,-0.046149512018007766,0.040284656568907895,0.03253866251091031,0.001158585795978937,-0.0037803727684724104,-0.009522581011034429,-0.00529993323526683,-0.004776631126706681,-0.005249338927609121,0.0,-0.004938958564451347,-0.010681166807013366,-0.0064585190312457675,-0.005935216922685617,-0.006407924723588058,1.0,2.0,6.0,5.0,3.0,4.0,equal_weight,0.001158585795978937,-0.009522581011034429,0.004938958564451347,0.0031359433505301773,1.53,1.5,1.97,2.12,1.59,-0.09,3.7,-3.0000000000000027,47.0,-62.000000000000014,-35.999999999999986,-41.99999999999999,-52.0,-64.00000000000001,-55.999999999999986,-61.00000000000001,-27.99999999999998,-27.99999999999998,-16.999999999999993,-14.999999999999991,-35.0,-49.0,6.527961834622325,5.438809167574305,5.528282261417628,4.412197402553386,5.686240703077323,4.493609275577548,0.0,-0.2999999999999998,0.054455445544554504,-0.04054054054054057,0.0022976140672417156,0.00584432893509268,0.019575307890770555,0.037898159901709194
2019-09-30,-0.03642797792028141,0.006762375770862139,0.04031214833868102,0.01900507029635068,-0.026534110158530244,0.028499489591363017,0.06316031471750061,-0.0003656330216381676,0.032924561229678906,0.008389814959236741,0.08604335868696245,0.03260566220292442,0.142680790850501,0.041579175306150296,0.05357588690693227,0.04814215146488987,0.16184011742822157,0.05168885342317637,0.15725510759946654,0.13709420610514536,0.08707560737866107,0.08438189852713877,0.16957988648604164,0.03532857499794056,0.15852781653268297,0.18467681999619284,0.15022963152268623,0.15011736055062258,0.15543873534628153,0.012843992324855788,-0.05311610766674546,-0.03123172904973226,-0.008755559813943825,-0.012812703807998593,-0.030222869297690247,0.08339105677280259,-0.5495336585228703,-0.32021508935897053,-0.4998504801574259,0.8988018979025973,-0.0776535437277257,-0.03329019425131707,-0.022883043969461836,0.01877709107438238,0.014615585834897027,0.007249868000658579,0.008401607335851892,0.012358230576347688,0.014053915298337834,0.0,-0.0041615052394853545,-0.011527223073723803,-0.01037548373853049,-0.0064188604980346935,-0.004723175776044548,1.0,2.0,6.0,5.0,4.0,3.0,equal_weight,0.01877709107438238,0.007249868000658579,0.0041615052394853545,0.003886693843867087,1.63,1.69,2.13,1.83,1.53,0.16,3.6,6.000000000000005,43.99999999999999,-14.000000000000012,12.99999999999999,-12.00000000000001,21.999999999999996,-31.000000000000007,18.999999999999993,-39.000000000000014,-29.000000000000004,-56.999999999999986,-2.0000000000000018,-15.999999999999993,24.0,-15.0,5.408106789590887,5.456151139169094,5.572039038594315,5.127009490773778,5.948989510032461,5.32016423293847,0.0,-0.19999999999999973,0.019323671497584627,-0.09829059829059827,0.003658261296790588,0.007343386620642711,0.015565264882577923,0.04243918688354098
2019-10-31,0.00828258682176819,0.07079570629735787,0.04814031589950041,0.053009929907089415,-0.01650316111605632,0.03199790748564496,0.0481271124844167,0.05405643537983296,0.058949531366932595,0.04138729298247945,0.03829367672911732,0.007673289707178062,0.1805220959340863,0.035602642751364266,0.045854820293150356,0.0414343240314452,0.15308285534146115,0.06234059546998001,0.09250906023221073,0.13358091945803235,0.11369759434816963,0.105676653886604,0.13346915255074582,0.015985801714806833,0.1333367624189988,0.1926517819995016,0.1590615218241748,0.16032038515860533,0.1585122877509963,0.018853374493979353,-0.02884229429090679,-0.0024800850314868894,-0.006442252167688234,-0.0026635107018390114,-0.04101866043100588,0.03858815557528216,-0.5280783615694845,-0.5148703332363093,-0.5187753662545266,0.9126240072672192,0.0030936162533621303,-0.004893095987099638,0.00983343575529938,0.013799257965620794,0.00873019744625514,0.007978421959744162,0.005288410281011132,0.007090591157174424,0.0072533527031152355,0.0,-0.005069060519365653,-0.005820836005876632,-0.008510847684609663,-0.00670866680844637,-0.006545905262505558,1.0,2.0,3.0,6.0,5.0,4.0,equal_weight,0.013799257965620794,0.005288410281011132,0.005069060519365653,0.0026501207672529623,1.61,1.78,2.26,1.82,1.57,0.21,3.5,16.999999999999993,47.99999999999998,-4.0000000000000036,5.000000000000004,-11.99999999999999,13.00000000000001,-11.99999999999999,14.999999999999991,-18.000000000000014,-5.999999999999983,-32.00000000000001,5.000000000000004,-12.99999999999999,7.999999999999999,0.9999999999999981,4.678725915297475,5.278859672979061,4.1530252885841,5.066834421994451,3.6213651727333063,5.237669302609923,-0.10000000000000009,-0.2999999999999998,-0.004739336492891044,0.01941747572815533,0.003493814556013719,0.00711933198043857,0.007558124588426196,0.01979328041247852
2019-11-29,-0.022408194343860433,0.04116974829314013,0.02165381523346266,0.033438270938190184,0.009364103050683248,0.02230125061964867,-0.040973908797553915,0.09624815884151183,0.08173783010821278,0.07971088291729078,-0.04155119783094707,0.0625570772696668,0.10191031842217924,0.21072191719254585,0.1511189362832559,0.1556153241953364,0.0700603776320905,0.048350956733052855,0.10384661224785849,0.07077711970912431,0.07007823115783715,0.057264665706476044,0.12881653519488928,0.026315747490882824,0.12131654941577368,0.12478462411602077,0.10392080654825267,0.09585572582368057,0.14067796259370477,0.015859006872892444,-0.06000274670681238,-0.004562163715714163,-0.0041863779393175315,-0.003708717003082951,-0.044923004044449155,0.09919717788328013,-0.3192301836660527,-0.42161785271356733,-0.3321814056327606,0.8021448830823911,0.12126208074823785,0.01451032873329905,0.000577289033393158,0.019062509719184224,0.014909827028002108,0.006984819791587372,0.006570904301845577,0.011355769934034489,0.012585982056402455,0.0,-0.004152682691182116,-0.012077689927596853,-0.012491605417338647,-0.007706739785149736,-0.00647652766278177,1.0,2.0,5.0,6.0,4.0,3.0,equal_weight,0.019062509719184224,0.006570904301845577,0.004152682691182116,0.004352868921725391,1.63,1.77,2.19,1.55,1.63,0.14,3.6,14.000000000000012,41.99999999999999,21.999999999999996,-1.0000000000000009,9.999999999999986,-7.000000000000006,27.0,-14.000000000000012,21.999999999999996,-27.0,-57.00000000000001,1.9999999999999796,3.9999999999999813,-9.0,23.0,3.8662150803620614,4.684243834065322,5.023279141490481,4.848392768990186,4.902380374199184,4.793001383599306,-0.10000000000000009,-0.10000000000000009,0.05238095238095242,0.03755868544600949,0.0034650218303000635,0.005770597180442483,0.002970225112831182,0.022603676074690382
2019-12-31,0.03655877893383974,0.038863815459559525,0.022840934791333645,0.029055315143370564,-0.03197484846382914,0.026142515312196267,0.023418956523108214,0.13777440618828107,0.07997024737104463,0.10299547539832687,-0.0495097508777389,0.06575882039369803,0.0711340227409818,0.12362872230599864,0.10148126827547777,0.09616399742582504,0.02745614912792904,0.032822949158372056,0.07052744017489167,0.09014240121910785,0.08031562802676895,0.07498729957446311,0.13635343000146866,0.023857608142389505,0.09119390937094303,0.10782285802759517,0.0978993300216811,0.0893285678393151,0.12841909666695475,0.01429458982414923,-0.02563759492525075,-0.005519176175897589,-0.003955178474914667,-0.0033444558836335236,-0.07546144626141627,0.12920173584536648,-0.2768914176032927,-0.39724087906324684,-0.26267422505152743,0.8193727190030686,0.15250522627606578,0.05780415881723644,0.07292870740084711,0.02685058375851746,0.029973277866713232,0.03271985996441849,0.03331795066570822,0.032506088617790765,0.03422659977349606,0.0,0.0031226941081957706,0.005869276205901032,0.006467366907190755,0.005655504859273304,0.007376016014978601,6.0,5.0,3.0,2.0,4.0,1.0,risk_parity,0.03422659977349606,0.02685058375851746,0.0009086491077878456,0.0024875904679204815,1.58,1.9,2.34,1.55,1.75,0.15,3.6,31.999999999999986,43.99999999999999,34.999999999999986,-4.999999999999982,-4.999999999999982,12.99999999999999,21.999999999999996,14.999999999999991,21.999999999999975,0.0,-34.999999999999986,12.00000000000001,21.999999999999996,0.9999999999999981,0.0,3.404478842712367,4.037332188868905,4.954555383444516,4.62168357174941,4.428801837324142,4.231825390319475,0.0,0.0,0.040723981900452566,0.09004739336492884,0.0032943262176770016,0.006964639020568653,0.0027804731675571404,0.01838901685148686
2020-01-31,0.044996558496903205,0.03038415342314882,-0.01761042731746454,-0.00040366167333083514,0.07691134012318734,0.033368899041169464,0.058927792560113046,0.11449809781176268,0.026586634526942543,0.06303586546132567,0.05223912773449779,0.02867176751319186,0.09471444778308635,0.1569168536621781,0.08839143090263857,0.10163097148411615,0.08795261962308332,0.02597967179835119,0.0946908261492564,0.14961630583916574,0.10725728516241341,0.12170047472028879,0.12150604272562802,0.01832892679872821,0.09212097451928856,0.10708997808145869,0.08705120368276559,0.08816676569055754,0.13125796286963118,0.01667714425747281,0.0,-0.024577869779008665,-0.04014831189981494,-0.030787901656827654,-0.004353947097829214,0.06779523415523908,-0.43217437001593645,-0.4141000148184635,-0.38151647225524726,0.8105424789025463,0.010796737726827876,0.08791146328482013,0.006688664825615254,-0.03467368930113684,-0.02556366877003891,-0.0026161977980545706,-0.014483839265000596,-0.019641100373665985,-0.018875778672528473,0.0,0.00911002053109793,0.03205749150308227,0.020189850036136242,0.015032588927470853,0.015797910628608365,6.0,5.0,1.0,2.0,4.0,3.0,maximum_sharpe,-0.0026161977980545706,-0.03467368930113684,0.011867641466946025,0.009810065847378898,1.41,1.57,2.04,1.6,1.64,-0.07,3.6,16.000000000000014,47.0,-3.0000000000000027,-17.000000000000014,-23.0,-32.999999999999986,-27.0,-29.999999999999982,-29.000000000000004,5.000000000000004,-21.999999999999996,-11.00000000000001,2.9999999999999805,-22.0,-30.000000000000004,2.3794757325732014,3.2393825940098155,3.802254970033287,4.641031190038744,4.759951980550115,4.71040508094853,0.10000000000000009,0.0,-0.08695652173913049,0.0,0.002834208700822405,0.006337925456449955,0.013287458562559973,0.020946011418265575
2020-02-28,-0.0005388779970143531,-0.07217875247054595,-0.10930790505464716,-0.09295180268524894,0.07614967423301255,0.06883400804988808,0.07724697956525461,0.007996469811894169,-0.08959914197785601,-0.052099460370564454,0.1059653198351751,0.07417789034297492,0.022182427249027414,0.11654928298302947,-0.002491411692490675,0.03531238446972984,0.06162323803521552,0.040625579396803065,0.17901625285700745,0.28476714658977637,0.23119177293955884,0.2432050736709429,0.1371777235118554,0.05152914822271848,0.12339952627552843,0.1914699381656291,0.15479044968202313,0.1617688774503342,0.134925302932028,0.023505535810511794,-0.04939452646528464,-0.13157224828061254,-0.12989220642595034,-0.12437189593535558,0.0,0.10262139641178143,-0.5060622823349481,-0.1283148356647275,-0.4658442343528049,0.8821920919382951,-0.15806478020573955,0.09759561178975018,-0.028718340269920484,-0.05101674243857576,-0.04155172591429278,-0.0006890861635013356,-0.02764067834487986,-0.033476602102029705,-0.031237162196248502,0.0,0.009465016524282985,0.05032765627507443,0.023376064093695904,0.017540140336546058,0.01977958024232726,6.0,5.0,1.0,2.0,4.0,3.0,maximum_sharpe,-0.0006890861635013356,-0.05101674243857576,0.026951592181378523,0.015536034189661116,1.11,1.3,1.79,1.58,1.53,-0.23,3.6,18.999999999999993,49.0,-28.000000000000004,-33.999999999999986,-50.0,-34.999999999999986,-46.0,-31.000000000000007,-41.99999999999999,3.0000000000000027,3.0000000000000027,-11.99999999999999,-9.000000000000007,-23.0,-37.0,3.827220799433842,3.341617968930857,4.066120181860508,4.352256919918561,3.970126542303757,4.428645755285298,0.0,-0.10000000000000009,-0.013574660633484115,-0.048034934497816595,0.0037699722699062743,0.007248057136421071,0.008837311265174064,0.011833785181855072
2020-03-31,-0.0077077340483010515,-0.11835437710931418,-0.15534654525283342,-0.16119703267555618,0.07165137314059566,0.09142942478186727,0.03800040653015757,-0.1008636269730836,-0.21351785223378772,-0.19252002435588966,0.20953147624520807,0.15793685741027094,0.06610504973967779,0.012761158349549717,-0.1635131716026691,-0.12207983583413706,0.1645134591514812,0.12073197869019218,0.3801410405301577,0.8897371725593302,0.9086595067215951,0.902104672128854,0.612243933729197,0.21116587654583208,0.24515595445876637,0.5487099911646031,0.5450049155129909,0.5443333712762289,0.3643938035564169,0.12406186460043273,-0.06184649044945367,-0.1948444560262822,-0.23328605276266612,-0.23371284273545967,-0.03689664578624574,0.20131026618339454,-0.5075014794058098,0.16375956628760122,-0.5516714877164652,0.9656122386698985,-0.40205150060109773,0.11265422526070412,-0.1715310697150505,0.09749819145287025,0.08091459831093921,0.07282426466831135,0.06805806826584967,0.07580536446753801,0.07844015504618249,0.0,-0.016583593141931044,-0.024673926784558903,-0.029440123187020578,-0.021692826985332245,-0.019058036406687767,1.0,2.0,5.0,6.0,4.0,3.0,equal_weight,0.09749819145287025,0.06805806826584967,0.016583593141931044,0.009257414190580827,0.23,0.7,1.31,0.09,0.95,-0.25,3.5,47.0,61.00000000000001,61.0,-63.0,-136.0,-42.99999999999999,-118.0,-33.999999999999986,-100.99999999999997,-149.0,-146.0,-46.0,-78.0,3.0000000000000027,-40.0,7.615773105863909,5.8838388533182755,13.894157730773715,8.722407302167518,16.9719656801332,10.383826882565337,-0.10000000000000009,-0.10000000000000009,12.36697247706422,11.669565217391304,0.004127463456124358,0.007435386884877104,0.0022364757339468078,0.005023167362272041
2020-04-30,0.07261060302877476,0.14973743907486337,0.12605603559534662,0.12698361122197444,0.012189437511975765,0.04962026502272694,0.06957635715041866,-0.01448108730294706,-0.11666985642813532,-0.10831250665770842,0.15856480303765585,0.10536715216093559,0.13226383637617123,0.12146570995655481,-0.07512131893342022,-0.03161266962889908,0.22573693973754327,0.11141048206513021,0.2093534566470871,0.41749151680850327,0.36582490169856446,0.4040345718294453,0.17761824260139317,0.10104423216561945,0.2680377442483584,0.5960974882173983,0.5856123835716113,0.591837033692132,0.37163904058419,0.13694907566745956,-0.027794743405903155,-0.0742825268147288,-0.13663713213826845,-0.1364069322729874,-0.026563195329195932,0.21042078694373148,-0.5058484447261764,0.20293667157904416,-0.5385317241119508,0.9494703519325878,-0.2668773096953643,0.10218876912518826,-0.0889884458872372,0.03175739689826008,0.02301678138318469,0.02309517668085604,0.014015141074211701,0.019314052897931012,0.020910210871439464,0.0,-0.008740615515075389,-0.008662220217404037,-0.017742255824048377,-0.012443344000329065,-0.010847186026820613,1.0,3.0,2.0,6.0,5.0,4.0,equal_weight,0.03175739689826008,0.014015141074211701,0.008662220217404037,0.005316609247898052,0.2,0.63,1.24,0.04,1.14,-0.51,4.4,43.0,61.0,59.0,-3.0,-122.0,-6.999999999999995,-97.00000000000001,-7.000000000000006,-80.99999999999999,-5.0,-151.0,18.999999999999993,-50.0,-26.0,-47.0,1.9309509130403673,5.891144299471373,5.023279141490481,8.943957045934923,5.6243518145056814,10.533247778143283,0.8000000000000003,0.9000000000000004,0.44166094715168147,18.009049773755656,-0.005922500230575611,-0.0031050771314372616,-0.09227869751081308,-0.08021738831763503
2020-05-29,0.007296160055295209,0.06557098995605215,0.01723795470423628,0.03789088326901857,-0.029089827450750283,0.031544847869234297,0.09792423710170728,0.1363327894196824,0.028882114110250656,0.033245934563758794,0.05776205641980181,0.040908853220269076,0.1827355682092997,0.14541944026654186,-0.06330484051038998,-0.020585621057093162,0.16984815103783757,0.10346100832050567,0.14897228899914583,0.20173708313048616,0.254419038780597,0.22215285054120548,0.16093010093321733,0.03887849774468507,0.2589414722224192,0.5834147740444892,0.5855023047709168,0.5876317181475366,0.3746053927907225,0.13664934343324878,-0.010567812322355263,-0.013177070479245545,-0.10476165384372627,-0.09526082128543467,-0.04371375030740143,0.21857277479587492,-0.4976648902910511,0.19991521215181612,-0.5274873356501474,0.9441323904608933,-0.024516121856043016,0.10745067530943175,0.04016218068190547,0.020995249270473564,0.017572811564683,0.03159111638739225,0.009237066516659016,0.014656120188920903,0.017158748353698294,0.0,-0.0034224377057905653,0.010595867116918688,-0.011758182753814548,-0.006339129081552661,-0.00383650091677527,2.0,3.0,1.0,6.0,5.0,4.0,maximum_sharpe,0.03159111638739225,0.009237066516659016,0.010595867116918688,0.006841444197149208,0.17,0.7,1.47,0.05,1.18,-0.48,14.8,52.99999999999999,77.0,64.99999999999999,-3.0,-94.0,7.9999999999999964,-60.00000000000001,27.0,-32.00000000000001,1.0000000000000002,-153.0,4.0000000000000036,-35.00000000000001,4.0000000000000036,-24.999999999999996,1.4928400545843579,5.613557942169768,4.043218896822063,8.995390524665634,5.216731324717197,10.771636913782201,11.200000000000001,11.200000000000001,-0.5427279219233516,7.811926605504587,-0.14210917510244625,-0.1388749504819754,-0.2197444011353914,-0.21284903954183
2020-06-30,0.022668895099976494,0.059688274154011456,-0.005204768563173534,0.013637648751591236,0.010167392245570284,0.02170040927929802,0.1304963976169291,0.3026818078588078,0.16022588641141366,0.20161773792428161,-0.002296985776649385,0.0992878381226658,0.1734557203072502,0.1712885959263153,-0.08750305296119376,-0.029717738247371006,0.20675319964786376,0.12082568360402145,0.14399466900182087,0.25987108963820393,0.3296482663237946,0.2943242909911155,0.15641544725219694,0.0742113369957067,0.163804283637397,0.30325314938335507,0.3147063929229078,0.31177383126120056,0.1620760728733336,0.07210109169851235,0.0,-0.004982828433989339,-0.11043863094257089,-0.0792157594873556,-0.040494992159490706,0.17821136927061101,-0.5370878612084364,0.0831447334481645,-0.430778191888306,0.8244945726460322,0.203914723700931,0.14245592144739416,0.1327933833935785,0.06750737464210817,0.0706348126221118,0.06983140062016031,0.06397785809841132,0.06699838075105917,0.066380444379925,0.0,0.0031274379800036306,0.0023240259780521466,-0.003529516543696848,-0.0005089938910489977,-0.0011269302621831623,3.0,1.0,2.0,6.0,4.0,5.0,hrp,0.0706348126221118,0.06397785809841132,0.000803412001951484,0.0022043466080410305,0.16,0.64,1.39,0.08,1.34,-0.7,13.2,48.0,74.99999999999999,56.00000000000001,0.0,-7.000000000000001,-1.0000000000000009,-5.999999999999995,-2.0000000000000018,7.999999999999985,3.0,-0.9999999999999996,19.000000000000018,39.000000000000014,-19.999999999999996,-44.99999999999999,1.7029386365926398,1.6954503741856217,4.790367318653034,4.613144913265073,5.448896786550117,5.428396256639599,9.7,9.6,-0.2363352420614263,-0.4965682910089224,-0.12642078099453025,-0.12281511469205564,-0.06891043039937961,-0.06682807117083678
2020-07-31,0.11289159830645934,0.06108035652256194,0.06301201433801773,0.05152633392605921,0.046384021975969913,0.02375472863191026,0.1605331962226033,0.25153821976817925,0.11415409069856275,0.1597188119381978,0.020665061686569786,0.07503508500519686,0.2417464032818295,0.21796514181891724,-0.024161117352257233,0.025348318348212606,0.18184272764220122,0.10734978394591936,0.11034401720823225,0.22428196764667666,0.17412027792823725,0.13275919571826436,0.09606244263185323,0.04657851330099552,0.131691116992314,0.21756804600168594,0.24855521515808385,0.21433589819031285,0.13828564626709117,0.046594438589174954,0.0,-0.0037107593655024695,-0.06080447828123192,-0.024988854978219677,-0.0006420368262590737,0.08834539462611954,-0.6041704162461147,-0.07591099431678366,-0.42485392801007515,0.6091417229149003,0.13905375025162803,0.1373841290696165,0.13986813453603353,0.03534463550336488,0.014299416163520245,0.020481382557897956,1.1587748211760194e-05,0.009203746978208464,0.013298394527335777,0.0,-0.021045219339844632,-0.01486325294546692,-0.03533304775515312,-0.026140888525156412,-0.0220462409760291,1.0,3.0,2.0,6.0,5.0,4.0,equal_weight,0.03534463550336488,1.1587748211760194e-05,0.01486325294546692,0.010835314288256565,0.11,0.55,1.2,0.1,1.52,-0.97,11.0,44.00000000000001,64.99999999999999,45.00000000000001,-5.0,-9.000000000000002,-10.999999999999998,-8.999999999999996,-20.999999999999996,-8.000000000000007,2.0000000000000004,5.0,17.999999999999993,44.99999999999999,-28.999999999999993,-54.0,1.3380867649282648,1.5011516316475682,2.293884208478004,3.864049116669825,2.98328677803526,4.71610850887529,6.6,7.4,-0.14110429447852757,-0.6343586767266396,-0.087637098644753,-0.09304056813839812,0.10747452158623405,0.005278215207845438
2020-08-31,-0.0032356731296192542,0.10944731085319837,0.05120222104084582,0.0697968262340134,-0.05046580019881031,0.05618094686741147,0.13671583575087198,0.2536302001690123,0.08496695135536592,0.1388186225241299,0.005385514602158414,0.0809669083603103,0.20105271664252933,0.4131294064892612,0.1126239361520931,0.17542710592835076,0.044049976083924136,0.1244242464771454,0.29134127679943717,0.16533989592164636,0.12785378421204568,0.08187343084330864,0.11991483758905734,0.07209104644832454,0.19777391806643863,0.21749667842567846,0.22433218173239763,0.18972095874001374,0.1280661479277346,0.03411790628349019,-0.04672751347214443,0.0,-0.010195242983698671,-0.0036223561736882237,-0.054671461043953484,0.11340944031532293,-0.5659469056153495,0.07517979476464404,-0.29140793830878664,0.45144081106694994,0.1334331079219715,0.16866324881364636,0.13133032114871357,-0.030846914952430575,-0.026123158548319494,-0.03422847093886947,-0.017687711222905782,-0.022399685482912175,-0.0233896819459768,0.0,0.0047237564041110805,-0.003381555986438897,0.013159203729524793,0.0084472294695184,0.007457233006453776,5.0,4.0,6.0,1.0,2.0,3.0,minimum_variance,-0.017687711222905782,-0.03422847093886947,0.004711974260006392,0.005474080245761111,0.14,0.74,1.52,0.09,1.77,-1.03,10.2,60.0,78.0,65.0,3.0000000000000013,0.0,18.999999999999993,7.9999999999999964,32.00000000000001,6.000000000000005,-1.0000000000000009,3.9999999999999996,25.0,59.00000000000001,-6.000000000000005,-51.0,1.2761549390929878,1.4142135623730945,2.567192277659815,3.4100991542298975,3.5863497824256854,4.168678469770942,-4.600000000000001,6.6,-0.3047619047619048,-0.5439875065070277,0.06769355803290744,-0.0840354927613447,0.3102793187735138,0.022352774549539545
2020-09-30,-0.04171404337762574,-0.05778604379517005,-0.024965420011514694,-0.03744352391555972,0.007734532423180562,0.02195652857506259,0.06301764678732025,0.10918628072267911,0.08954321678634769,0.0827985832336331,0.0012622717228962799,0.0370173462664568,0.18514552515198668,0.526648694748945,0.2929648058753145,0.37196945867036435,-0.01675387173762677,0.18231942935697654,0.13767613679775853,0.35704515651734453,0.22403369688830657,0.24458914524556832,0.10289457155353202,0.0890676221110203,0.199311075762893,0.26229188767219974,0.1791047044200969,0.16835001919777182,0.10933628638105232,0.04941070491568446,-0.08649236332586407,-0.08230918018152111,-0.045951707801775044,-0.060020519343526146,-0.047359786808840454,0.22712057736472707,-0.2154110820125759,0.30122265932842246,-0.07499799931462241,0.39992930142167743,0.08153631151073681,0.019643063936331417,0.06175537506442397,-0.018131140668444286,-0.018894047627755192,-0.02589375166164752,-0.0173055755792762,-0.01866906056874421,-0.019808199590391172,0.0,-0.0007629069593109057,-0.007762610993203235,0.0008255650891680864,-0.0005379199002999227,-0.0016770589219468855,2.0,4.0,6.0,1.0,3.0,5.0,minimum_variance,-0.0173055755792762,-0.02589375166164752,0.0008255650891680864,0.002835468418150575,0.11,0.66,1.41,0.09,1.64,-0.98,8.4,55.00000000000001,74.99999999999999,57.00000000000001,-3.0000000000000013,-5.0,-7.9999999999999964,0.0,-11.00000000000001,0.0,0.0,0.9999999999999996,-13.00000000000001,29.999999999999982,5.000000000000004,-29.999999999999993,1.1526367287968184,1.248245055830802,2.692140235503908,2.5652768196220697,3.669046846512695,3.546920518039602,-4.799999999999999,4.9,-0.019406392694063967,-0.4144512610770279,0.05848616957306074,-0.07532847865627446,0.10569987673240933,0.029505622334238035
2020-10-30,-0.013989927491292353,-0.04559819483882266,0.0043423186673912095,-0.03115349911266463,-0.035443912431325386,0.017614918632797415,-0.05085112299312278,2.220446049250313e-16,0.024526147751344984,-0.0028676913377169155,-0.070836334622986,0.03524831449388012,0.09891481210295816,0.25382631469252925,0.14421065006486944,0.16122984172489607,-0.05195126684078488,0.10019939898985405,0.1265301220566339,0.27868317206150456,0.2114229605491275,0.20679824611895486,0.11830419112823988,0.059600157536566604,0.19800691340190477,0.27991165347942826,0.19070106961268138,0.19114872302231845,0.11360789954807086,0.05268109769301058,-0.09123731237863308,-0.11025228597457071,-0.056754101164558146,-0.08345774435260633,-0.0796096242027533,0.26489633869969925,-0.17990390131498926,0.32738264345939666,-0.0231642478816417,0.5561561450339901,0.06796864328526908,-0.024526147751344762,0.01998521162986322,0.06305158708127707,0.03572046645214328,0.03345292362288394,0.037352588486267047,0.03872882294354917,0.043112396574129394,0.0,-0.027331120629133794,-0.029598663458393133,-0.025698998595010028,-0.024322764137727902,-0.01993919050714768,1.0,5.0,6.0,4.0,3.0,2.0,equal_weight,0.06305158708127707,0.03345292362288394,0.01993919050714768,0.009909040756506239,0.16,0.85,1.62,0.09,1.71,-0.86,7.8,69.0,77.00000000000001,76.0,3.0,5.0,16.000000000000004,29.999999999999993,16.000000000000014,42.000000000000014,0.0,-1.0000000000000009,8.000000000000007,15.999999999999993,7.9999999999999964,14.000000000000002,1.5583874449479589,1.3476573138357812,3.3151887111409204,2.9063731020457317,3.7934781125605816,3.7631489902182516,-3.2,3.3999999999999995,-0.09662398137369033,-0.3841269841269841,0.029773881209550268,-0.060472513999801136,0.0428575832662168,0.1549382031103297
2020-11-30,-0.049771927202524546,0.08404798997351404,0.1314842608255098,0.09721798706734952,0.006609013569570443,0.0660135913175388,-0.09825246703567547,0.016074244930827764,0.10762534483535435,0.04064956139645948,-0.010179932155151339,0.0672693462281509,0.025030700569829367,0.27378135905921197,0.20173689362994973,0.18511110003985443,-0.0048492417262637755,0.10758206640815979,0.20893780249047406,0.2555875572918236,0.2668869840922709,0.16743258652108492,0.15756990158262552,0.044425561333487754,0.16061028977681222,0.29647330990618825,0.2367221492213076,0.20943709598369248,0.12576939363292805,0.059393711358331,-0.14038888703073804,-0.010371263674735731,-0.024685537641072286,-0.004427013910560773,-0.0642948414348542,0.22941890858038766,-0.1696357373044874,0.24210094179445604,0.07443834124262978,0.44844339237920056,0.050829493551610816,-0.09155109990452659,-0.08807253488052413,0.03487823911562441,0.03283501502290267,0.02110699144432738,0.02383026429907491,0.02814090781927688,0.027757501239567512,0.0,-0.002043224092721743,-0.013771247671297032,-0.0110479748165495,-0.0067373312963475325,-0.007120737876056899,1.0,2.0,6.0,5.0,3.0,4.0,equal_weight,0.03487823911562441,0.02110699144432738,0.002043224092721743,0.004754230543467459,0.16,0.84,1.57,0.08,1.75,-0.91,6.9,68.0,73.00000000000001,76.0,0.0,1.9999999999999991,4.999999999999993,9.999999999999998,1.0000000000000009,5.000000000000004,-0.9999999999999996,-0.9999999999999996,5.000000000000004,-2.0000000000000018,0.0,12.0,1.5811388300841893,1.447670586842253,5.252663723338492,3.819332610195345,5.581005200465149,4.3747869526065335,-3.299999999999999,-7.9,-0.013681592039801016,-0.0947488584474886,0.02301533158593938,0.09226687930320643,0.023780786354371752,0.34143879131781874
2020-12-31,0.048066801543201976,0.03575005370034412,0.01725501226661974,0.025828533698211364,0.002505409647270751,0.015559155840539554,-0.0019026096457585018,0.11358192939312661,0.17130613806366468,0.1140332164061435,-0.03143234401875272,0.07682598684725123,0.06815190546166416,0.24631681469895916,0.264886149225793,0.2073688267089593,-0.029619998850262896,0.1137710863262386,0.12059788498148724,0.1094160046136152,0.11350710828355638,0.08180993980699537,0.09423447892172954,0.014020944336976258,0.16309051614842898,0.2217335718526384,0.2090223972889947,0.16204277444528198,0.12678795515697347,0.03453661563421643,-0.08009695615134571,0.0,-0.006474731377727028,0.0,-0.07578174005338101,0.18116129630039765,-0.23324890988151234,0.20642785542799158,0.1248965304153868,0.26502426403967894,0.14546556042489622,-0.05772420867053807,0.02952973437299422,-0.017042000345833693,-0.023213457334843816,-0.017927389068044232,-0.025734845597660382,-0.023856619733463306,-0.02262149533488674,0.0,-0.006171456989010123,-0.0008853887222105387,-0.008692845251826689,-0.006814619387629613,-0.005579494989053045,1.0,4.0,2.0,6.0,5.0,3.0,equal_weight,-0.017042000345833693,-0.025734845597660382,0.0008853887222105387,0.0031621158095977496,0.12,0.93,1.66,0.09,1.96,-1.03,6.7,81.0,72.99999999999999,84.00000000000001,-4.000000000000001,-1.0000000000000009,9.000000000000007,24.00000000000001,7.999999999999985,19.999999999999996,0.0,0.0,18.999999999999993,33.00000000000001,-9.999999999999998,-9.000000000000007,1.3273676061682242,1.4755213785146117,2.873524466076953,3.828705548238883,3.427479985006339,4.249574539711145,-1.7000000000000002,-6.499999999999999,0.027742749054224358,-0.051222351571594826,0.01357752039823601,0.07285778713168978,0.00662876469580187,0.11302930103944564
2021-01-29,-0.021207855762526817,0.005112606501711969,0.001102928703639483,-0.003741724588669171,-0.03283300696967073,0.014403492769476757,-0.01998526187972849,0.16010224154961628,0.17066983291048166,0.13771953237331758,-0.051168468396707634,0.09504707721243509,-0.06067693856003964,0.20679422653325163,0.18534124128680984,0.1517938950358646,-0.1059687158296776,0.13160476791680997,0.18316889668560649,0.21630254412751368,0.17481600650084164,0.1596955991572268,0.11458837092604589,0.03321674425623353,0.1792855025348658,0.20491057981034755,0.19907595637188308,0.14472602095176515,0.12808289707177542,0.03012906340000957,-0.10975294675478298,-0.042697257619585316,-0.0466474679417519,-0.03725378011092273,-0.10935671831215532,0.15919715633124898,-0.13043699083785104,0.06066731114248186,0.2524373948696075,0.13391547251414124,0.1888880007700252,-0.01056759136086538,0.031183206516979145,-0.006574569836537798,-0.02232783669135999,-0.022180324632010206,-0.020225353626397685,-0.021185149625504936,-0.021002307501792453,0.0,-0.015753266854822194,-0.015605754795472408,-0.013650783789859887,-0.014610579788967138,-0.014427737665254655,1.0,6.0,5.0,2.0,4.0,3.0,equal_weight,-0.006574569836537798,-0.02232783669135999,0.013650783789859887,0.005565121581334725,0.12,1.07,1.81,0.07,2.13,-1.06,6.7,95.0,74.0,100.0,-1.0000000000000009,-4.000000000000001,13.00000000000001,28.000000000000004,14.000000000000012,24.0,-1.9999999999999991,-1.9999999999999991,15.999999999999993,41.99999999999999,-3.0000000000000027,-14.000000000000002,1.2440333788202984,1.3663350539947021,3.3237958793552624,3.888684070387198,3.7193189340702313,4.285867892792548,-1.0999999999999996,-4.3,-0.019631901840490795,-0.006218905472636815,0.005487761867813967,0.03542503504732286,-0.003360794913910836,0.03935275280444239
2021-02-26,-0.06207979624758675,-0.016560481869392407,0.04511610236255503,0.015891585084150117,-0.0681801286894268,0.04379936350699433,-0.04587534021638917,0.06873199780014949,0.05633610187551352,0.051652729001746556,-0.09793519412523433,0.06640042153950385,-0.11752837576365682,0.07792011913667363,0.2051082174661223,0.1034045399026684,-0.1218235584656282,0.12896570280627945,0.1718402761798384,0.21552017153636582,0.15911393111827377,0.15773910354790086,0.16719974732238038,0.021262383894595616,0.16823403919669933,0.18202012970682968,0.14780225197632588,0.13031883148541049,0.13272947212876166,0.02011743290819069,-0.12558770661929597,-0.06630967574450042,-0.032855136572484955,-0.03127568798055047,-0.1326493472464605,0.220277422240933,-0.07222266214963267,0.1798989236301135,0.18120226004207868,0.36127950557567606,0.14958792312698088,0.012395895924635969,0.052059853908845155,0.017607466272674115,0.0028627186256517134,0.028291362548602986,0.0033210490202778,0.002637310720321635,0.0017281391922862946,0.0,-0.014744747647022402,0.010683896275928872,-0.014286417252396315,-0.014970155552352479,-0.01587932708038782,2.0,4.0,1.0,3.0,5.0,6.0,maximum_sharpe,0.028291362548602986,0.0017281391922862946,0.010683896275928872,0.01007080602653932,0.17,1.54,2.33,0.07,2.14,-0.6,6.4,137.0,79.0,147.0,6.000000000000001,1.0000000000000009,49.0,68.0,53.0,77.0,-0.9999999999999996,-0.9999999999999996,6.000000000000005,43.000000000000014,43.00000000000001,25.0,1.45405835999994,1.3379336920266691,4.2934057964899335,3.629189846951037,3.4873922581070174,3.695875837725789,-0.5,-3.799999999999999,-0.16824644549763035,-0.04878048780487809,0.002828864242594431,0.02590930307708872,0.037568423764850145,0.06224261677844445
2021-03-31,-0.015085258869517282,0.0035588169069471487,0.06662470288208344,0.028685525204335205,-0.03983880806670126,0.036613765204356684,-0.09294016910908198,0.021003055747040644,0.15667260299986063,0.0704468684421713,-0.13610240122578732,0.10680741908454873,-0.10230650136240749,0.16003696504896392,0.349634509120067,0.20144123817543003,-0.17290913034419808,0.19534463247453,0.1450793225939669,0.2873019491068111,0.165685681661751,0.14760041335346646,0.13907608509525662,0.055885614026465594,0.16606474979868757,0.24391588172392026,0.16468246287483576,0.15453673099928247,0.14158814444523837,0.0359645332305929,-0.126808206877825,-0.0502805357414845,-0.010180768568047172,0.0,-0.1662803952057127,0.25333117131183464,0.030430752642379422,0.19903092635231318,0.2526368195774775,0.32631261781977405,0.2065492696679586,-0.13566954725282,0.043162232116705335,0.03892471022667911,0.03683347693721425,0.035740996564366856,0.02966063020487257,0.03385540634057026,0.035072090036934365,0.0,-0.0020912332894648597,-0.0031837136623122514,-0.009264080021806537,-0.00506930388610885,-0.003852620189744742,1.0,2.0,3.0,6.0,5.0,4.0,equal_weight,0.03892471022667911,0.02966063020487257,0.0020912332894648597,0.002861728931485109,0.16,1.73,2.38,0.07,2.35,-0.62,6.2,157.0,64.99999999999999,166.0,3.0,3.0,28.000000000000004,79.0,14.999999999999991,71.0,0.0,-1.9999999999999991,18.999999999999993,38.000000000000014,8.999999999999996,41.0,1.3147514702678327,1.3845759969189988,4.31663449151458,4.238716535691397,4.529269887552047,4.5631485433608505,-0.5,-2.2,-0.10683760683760679,-0.23067484662576687,0.004532939124098911,0.01817200559575638,0.020350245725756277,0.027113907411975946
2021-04-30,0.03563388790323185,0.05909784599414025,0.02207911937595508,0.05291029184701923,0.024951330583027787,0.01478113799792838,-0.040264161541433974,0.0758417814086827,0.1809084576460822,0.13131760355298283,-0.08448799459459522,0.10061466358822818,-0.05944473360838931,0.2480864621649448,0.38245390679511515,0.2871221348800017,-0.13133334170998823,0.20266570128338982,0.11076196777272407,0.15202737256159432,0.10753409808175485,0.10495938789820239,0.11212831937083893,0.017452679226976183,0.14612944402121342,0.22836712571751883,0.14379578246153377,0.13797001875249748,0.14366345637496633,0.034296456082605654,-0.09569298840368701,-0.011754412638737,-0.009436445478786748,-0.006570539444227919,-0.1366165115296929,0.3189857427135817,0.11187030335943915,0.3348635542705073,0.30934017108214984,0.3458042708869443,0.21580559814757805,-0.10506667623739951,0.04422383305316124,0.02070885836963219,0.026546107510703743,0.01789955079946294,0.02754195465036139,0.025371593267939176,0.022027175613906658,0.0,0.005837249141071553,-0.002809307570169249,0.006833096280729201,0.004662734898306986,0.0013183172442744681,5.0,2.0,6.0,1.0,3.0,4.0,minimum_variance,0.02754195465036139,0.01789955079946294,0.0009958471396576477,0.003423139702365123,0.16,1.65,2.31,0.06,2.42,-0.77,6.1,149.0,66.00000000000001,159.0,0.0,4.000000000000001,-8.000000000000007,57.999999999999986,-6.999999999999984,50.0,-1.0000000000000009,-1.0000000000000009,6.999999999999984,29.000000000000004,-15.000000000000002,29.000000000000004,1.3784048752090219,1.4241354578674565,3.247709815796207,4.296666327032816,3.351616525399845,4.530038560537763,-0.6000000000000005,-1.7000000000000002,-0.08452950558213712,-0.28160200250312895,0.01181356455369409,0.01736615645058892,0.11893841927099746,0.11517789672253209
2021-05-28,0.07315607973052307,-0.018488265998490072,0.026965774889781358,-4.7689651384463794e-05,0.0023353988094487743,0.031678637957671556,0.10431502650190838,0.03325724294579291,0.12120929355117394,0.08171790039019955,-0.0157902390996707,0.050038570389062946,0.052327359232018145,0.13054446126563102,0.22548202326985978,0.1669661384868153,-0.12119980571553135,0.11995349854669196,0.10289692182512394,0.2002137777570181,0.1328806427870865,0.1389403152054103,0.08924253389463743,0.03840252146636337,0.12182408352081175,0.22025668970109144,0.13574308022183526,0.13095664314888628,0.11515411078545451,0.03840351279652143,-0.024552908373501214,-0.023625389892511395,-0.00722679560026096,-0.004927506826406303,-0.12964679581782845,0.4188990204268997,0.33357463638296436,0.47602197956459197,0.4613312130754903,0.2677774956504186,0.09750813948987025,-0.08795205060538103,0.12010526560157908,0.009558299432733014,0.0009139587792631441,-0.012545136177922604,-3.375991869005737e-05,0.0030898090043889894,0.008389335819459299,0.0,-0.008644340653469869,-0.022103435610655617,-0.009592059351423071,-0.006468490428344024,-0.001168963613273715,1.0,4.0,6.0,5.0,3.0,2.0,equal_weight,0.009558299432733014,-0.012545136177922604,0.001168963613273715,0.007244138062426564,0.14,1.61,2.29,0.06,2.42,-0.81,6.1,147.00000000000003,68.0,155.0,-3.0,0.0,-1.9999999999999796,17.000000000000014,0.0,12.00000000000001,-1.0000000000000009,-1.0000000000000009,0.9999999999999787,27.0,-3.0000000000000027,-10.000000000000009,0.9636241116594316,1.2181424250644648,2.8089991439080553,3.534194023218476,2.792848008753787,3.6670157633005793,-0.3000000000000007,-0.8000000000000007,-0.2208480565371025,-0.3717948717948718,0.012067505232285392,0.014930506808928712,0.08845419983706604,0.1293457084651759
2021-06-30,-0.06897127281978155,0.0661652435184239,-0.010582031582639151,0.02332860688808891,0.04442511595489873,0.04727270904770822,0.03544634865568441,0.11190151389317093,0.044506494051900436,0.08359270116467288,0.07026792015889627,0.02749826015083771,-0.0607882100917565,0.13525484337468807,0.20815204532527098,0.15992841362851795,-0.07539811372965732,0.11799885734322454,0.16210525948707344,0.11364845377271912,0.11980054656346455,0.08772229541840314,0.13560720562310732,0.02460630241691614,0.13388266915416905,0.15867964663040143,0.11866365105585706,0.11085646884410352,0.11281078071183674,0.0177899472774528,-0.09427457043090726,-0.001577330284253664,-0.019119182605578544,0.0,-0.07873926833237455,0.3707910395200288,0.12335670887179155,0.42637056619451996,0.37141563968238267,0.42084171112670354,0.01332478100577661,0.0673950198412705,-0.03482157150321186,0.02438320762800954,0.026684426676658397,0.027673650226967963,0.025053411080856226,0.02614033493476791,0.02668286617035508,0.0,0.002301219048648856,0.003290442598958422,0.0006702034528466849,0.0017571273067583694,0.0022996585423455396,6.0,2.0,1.0,5.0,4.0,3.0,maximum_sharpe,0.027673650226967963,0.02438320762800954,0.0009892235503095662,0.0010955942442991858,0.27,1.49,2.1,0.1,2.32,-0.83,5.8,122.0,61.00000000000001,139.0,13.0,11.000000000000002,-9.000000000000007,-24.0,-15.99999999999997,-27.99999999999998,5.0,3.0,-10.000000000000009,-3.000000000000025,1.0000000000000009,-20.999999999999996,2.2243244025139517,1.6118480931755417,4.190124444111758,3.4145257613781754,4.784399250739451,3.6929653168614003,-0.40000000000000036,-0.9000000000000004,-0.04308390022675734,-0.32695374800637955,0.011751987724926805,0.01633819789396984,0.11032292722815762,0.1329182716321915
2021-07-30,0.025297363508325343,0.0286093648072141,0.006479778590545715,0.02441279838009147,0.037166529192891096,0.010026390643547255,0.02511169606511876,0.07989296197677453,0.02856485857143265,0.05426477440646704,0.08302319430744576,0.02447118657005735,-0.01616356686326048,0.16179396794379253,0.21464094072455087,0.19270829809185042,-0.008479263479022947,0.10042065173122028,0.08233874155427351,0.10845523433067326,0.12438028992221174,0.11354150758500844,0.1487995053979952,0.021637236606114614,0.12678958791954667,0.146215590598557,0.1238093894022781,0.11281896770952299,0.1258636564015727,0.010787091404964113,-0.050064310199387285,-0.010637742608606837,-0.012763292085149591,-0.005691366588551072,-0.01280887264139463,0.26219967174693576,-0.18005473378430287,0.3713127960781485,0.11859542150406362,0.3839108171584569,-0.028758419900978716,0.051328103405341885,-0.057911498242327,0.017732283051212563,0.011331409332357066,0.01712671023419262,0.006861462210233265,0.009871646394410816,0.011421436969710638,0.0,-0.006400873718855497,-0.0006055728170199434,-0.010870820840979298,-0.007860636656801747,-0.006310846081501925,1.0,4.0,2.0,6.0,5.0,3.0,equal_weight,0.017732283051212563,0.006861462210233265,0.0006055728170199434,0.0038717345699771635,0.2,1.28,1.91,0.1,2.43,-1.15,5.9,108.0,62.999999999999986,118.0,-7.000000000000001,4.000000000000001,-20.999999999999996,-36.999999999999986,-19.000000000000018,-40.000000000000014,0.0,4.000000000000001,11.000000000000032,1.000000000000023,-31.999999999999996,-37.999999999999986,2.0816659994661326,1.8567489440053624,4.84767985741633,3.9904519941048675,4.979003533888701,4.247585983490856,-0.1999999999999993,-0.7999999999999998,-0.09952606635071093,-0.33797909407665505,0.011010039380997316,0.022953671745657545,0.013471287981709157,0.13401196095079548
2021-08-31,0.0004716810964380258,0.04210100812660489,0.022637460716371294,0.0319248503900158,-0.012212435594985416,0.020055638864866974,-0.05079152885858873,0.1407046388348412,0.013604825455345138,0.07781342307604167,0.07706426610658457,0.06511963793896419,0.056468731166386954,0.23195488123223518,0.14175602341224214,0.19165542983161465,0.07384451670037184,0.06704827346555906,0.15223927391403658,0.10470846238771192,0.10426566024877591,0.08404537892585766,0.10640079365678588,0.022499267058868972,0.137730494313007,0.1079024728556166,0.1149697316104284,0.0947211825727853,0.13163560700553814,0.015661539922940438,-0.05079152885858884,-0.0008151450928465254,-0.005503805436140596,-0.0014817220025763467,-0.016166873570617635,0.20270853649262244,-0.42463711681128397,0.29562577724064076,-0.05716024242195436,0.40887080854440827,0.0007491569694570988,0.12709981337949605,-0.1278557949651733,-0.04033527536979011,-0.03714618037871675,-0.0413647177798902,-0.033644455351075374,-0.035921739849244155,-0.036974486126939696,0.0,0.0031890949910733588,-0.0010294424101000912,0.006690820018714738,0.004413535520545957,0.0033607892428504163,5.0,4.0,6.0,1.0,2.0,3.0,minimum_variance,-0.033644455351075374,-0.0413647177798902,0.0022772844981687815,0.0026047191134345032,0.2,1.29,1.9,0.08,2.37,-1.08,5.4,109.00000000000001,60.999999999999986,121.0,1.0000000000000009,4.000000000000001,5.000000000000004,-33.00000000000001,1.0000000000000009,-39.99999999999999,0.9999999999999996,2.0000000000000004,-2.9999999999999805,-8.999999999999986,7.999999999999985,-24.00000000000001,1.6575943555704593,1.998975672147918,3.5341867792288815,4.173097955210111,3.6534393450034184,4.422455847083839,-0.6999999999999993,-1.0,-0.05789473684210522,-0.1882086167800453,0.015042846175658875,0.02729188103287772,-0.011872032197122073,0.07553203653150775
2021-09-30,-0.032235259249241865,-0.05683156657327704,-0.0369144727093329,-0.046605593781784194,-0.029070012267215395,0.010155419689893185,-0.011913331912729808,0.010680097607036254,-0.014982881451944818,0.00019703892549127744,0.0035351075311376157,0.009610875199011538,0.013828902038816482,0.10537782455704181,0.027979481599841316,0.07816392681460704,0.056574716309940376,0.03314377604561836,0.15047077393235855,0.1430861943025416,0.1313097754900384,0.1276400643534862,0.14647412567579224,0.008822202868880231,0.1312974562180527,0.12273259818457519,0.11977773634944813,0.11102322988170457,0.1359883630962051,0.008771200823616503,-0.08138951000740813,-0.062163080145539173,-0.042215108069903806,-0.050034918715485044,-0.0492125027939897,0.22479304854845114,-0.25590995636129343,0.023259823916327454,-0.09978768483392726,0.5751785449123407,-0.0033380686056463382,0.025662979058981072,-0.015448439443867423,0.046456938644925505,0.03896062333213461,0.0487028625111058,0.03201698533203075,0.036582124064020755,0.03876883680585351,0.0,-0.007496315312790894,0.002245923866180298,-0.014439953312894757,-0.00987481458090475,-0.007688101839071995,2.0,3.0,1.0,6.0,5.0,4.0,maximum_sharpe,0.0487028625111058,0.03201698533203075,0.002245923866180298,0.005701887559359157,0.3,1.55,2.09,0.08,2.37,-0.82,5.1,125.0,53.99999999999998,147.0,9.999999999999998,4.999999999999999,26.0,10.000000000000009,18.999999999999993,2.9999999999999805,0.0,0.0,0.0,5.000000000000027,26.00000000000001,5.000000000000004,1.2090925365350507,1.678147858662959,4.036146205289916,4.209077552785897,4.300055370629099,4.315869334282382,-0.7000000000000002,-1.1000000000000005,0.025139664804469275,-0.13033175355450233,0.015503395029814238,0.027437578462826018,-0.00028071844105492794,0.11001123910695854
2021-10-29,0.014797178527087729,0.07864001836925194,0.04404638129270033,0.07016351617290306,0.02464946462450568,0.024825267495403893,-0.017451840712313427,0.06017022297204622,0.02826806130469417,0.05286044894140818,-0.0172868068775599,0.03330512318298153,-0.006912601626754888,0.15109464849450327,0.045176205741042086,0.10528073564518214,0.07315176000358181,0.05347798204668288,0.11142291146913103,0.14115455021459405,0.11180355359347341,0.10876013289159656,0.1408671951112199,0.014904971548294545,0.13788088365201562,0.13581639065100343,0.11737848771499906,0.11267651036968182,0.13140395236022703,0.01013161529230985,-0.06779666659013239,0.0,-0.008696805362824578,0.0,-0.025776100016187353,0.25055356519495525,-0.08972386990970617,-0.038535175344002456,0.019564954526873794,0.5612331233889846,0.07014725581896808,0.03190216166735205,-0.00016503383475352518,0.002441618593202847,0.003303658376723138,0.015939355440531905,0.003257065579077681,0.004175023542946788,0.005964496540585805,0.0,0.000862039783520291,0.013497736847329057,0.0008154469858748341,0.001733404949743941,0.003522877947382958,6.0,4.0,1.0,5.0,3.0,2.0,maximum_sharpe,0.015939355440531905,0.002441618593202847,0.0099748588999461,0.004644672905405588,0.5,1.57,1.96,0.08,2.57,-1.0,4.7,107.0,38.99999999999999,149.0,20.0,31.0,2.0000000000000018,33.00000000000001,-12.99999999999999,7.000000000000006,0.0,0.9999999999999996,19.99999999999997,16.999999999999993,-18.000000000000004,15.999999999999993,2.2017309208027775,1.7494055752945,3.9230697407102237,3.8093989994915463,4.387210850599621,4.107864648613211,-1.2000000000000002,-1.3999999999999995,-0.26702997275204354,-0.29210526315789476,0.013379508983678567,0.024536857285484492,-0.0025338762912552326,0.010903277113224474
2021-11-30,-0.006900653696985559,0.019968485684961346,-0.020513461763486784,-0.008034692787334374,0.027715117432276948,0.01827516093986913,-0.0246920995999933,0.03765393993526733,-0.015120448412905718,0.012090210146114222,0.022435634002348603,0.0232213272480434,-0.07422947896916987,0.18365666278940873,-0.0017213340190253001,0.09084441385933428,0.10122888577795974,0.08918434333834643,0.13393238217650819,0.16156153947877683,0.11530528243150025,0.12805258627531904,0.19092091398012642,0.027092221898710817,0.13156576336517706,0.1523551528570891,0.12075768531979847,0.125267696008791,0.15962615236472505,0.015326661093443059,-0.06954514789882227,-0.025173916224449422,-0.04238146502078666,-0.030166399907975983,0.0,0.18014904408475446,-0.23297099418773937,-0.06191582679915739,-0.08124354392326295,0.5352380532163608,-0.010345423856234381,0.05277438834817305,-0.047127733602341904,0.02875193648931572,0.023953596185992083,0.006624820968346678,0.023765814422899954,0.02275788701993643,0.020553191357336176,0.0,-0.004798340303323635,-0.02212711552096904,-0.004986122066415764,-0.00599404946937929,-0.008198745131979542,1.0,2.0,6.0,3.0,4.0,5.0,equal_weight,0.02875193648931572,0.006624820968346678,0.004798340303323635,0.006908616775512021,0.51,1.52,1.87,0.08,2.54,-1.02,4.5,101.0,35.00000000000001,144.0,1.0000000000000009,31.0,-5.000000000000004,23.0,-8.999999999999986,-2.9999999999999805,0.0,0.0,-2.9999999999999805,16.999999999999993,-2.0000000000000018,6.000000000000005,5.3336309440773135,3.369086292678868,6.114775236300693,4.7631027678888636,5.697117065423776,4.807348445696546,-0.9000000000000004,-1.5999999999999996,-0.16728624535315983,-0.3743016759776536,0.012332892710647192,0.027561260694253242,0.028245190311188884,0.01603783030527839
2021-12-31,0.028887836699369673,0.02903004981796853,0.07812655141312375,0.057999028168553624,-0.02614550778332192,0.035186755751957,0.03870229368557432,0.10599751511238353,0.0829991873574718,0.09761556901921353,0.02323071684745015,0.03284481281646847,0.021938033205951113,0.11197820461001617,0.07957759722736513,0.10245221259729087,0.029278700760614562,0.03706929293007709,0.08930196779565029,0.23274931572653929,0.11157136644883887,0.1667426928924117,0.13884142931215082,0.04977949970622767,0.11189195052979908,0.1844848642019646,0.11328806869448099,0.13772951525769828,0.156882052437833,0.02745539674015526,-0.020286494476405514,-0.013953663944908157,-0.0003712657745992276,-0.00527768987756605,-0.038827391886594675,0.1347226212937375,-0.4100659783040623,0.008976415079646314,-0.2642731103204894,0.5156756226976835,0.07438485217176338,0.02299832775491173,0.015471576838124168,-0.0447022953873205,-0.03839491018936149,-0.04736676297404546,-0.032112238591581126,-0.0368614913448777,-0.04007723198952986,0.0,0.006307385197959009,-0.002664467586724964,0.012590056795739372,0.007840804042442799,0.004625063397790639,5.0,3.0,6.0,1.0,2.0,4.0,minimum_variance,-0.032112238591581126,-0.04736676297404546,0.004749252753296573,0.005016487116053008,0.73,1.52,1.93,0.08,2.58,-1.06,4.1,79.0,40.99999999999999,144.0,20.999999999999996,44.99999999999999,9.000000000000007,0.0,14.999999999999991,-15.000000000000014,0.9999999999999996,2.0000000000000004,8.000000000000007,20.999999999999996,1.0000000000000009,-21.000000000000007,3.3763886032268244,3.8075839915272462,4.2375869144057505,4.905559716182472,4.244323940780876,4.907907660468626,-1.0,-1.7000000000000002,-0.03125,-0.42133333333333334,0.013006231586950356,0.02871126736290619,0.033961603451494016,0.03367135136206234
2022-01-31,-0.010070710736948207,-0.09316831281649929,-0.02589539888929593,-0.055128447538095426,-0.03725516633094794,0.02851445414338916,0.008640879052781436,-0.05852282735639336,0.022402886263369615,-0.01689545506894552,-0.03239467428601206,0.028836244554759537,-0.008961760904375393,-0.0018739359553359147,0.051304233730358195,0.035071892532449356,-0.04912148068532751,0.03526844066126933,0.13649436539980903,0.2792652133333201,0.11946954220119549,0.18202617759395803,0.16312376719564767,0.05589664669431168,0.12009171626342702,0.2321203375826993,0.11945226589531273,0.16326015965579813,0.16490783393216563,0.041165137667664504,-0.03673354534160078,-0.10020321738812343,-0.040517598624879025,-0.05819413955090835,-0.0764470786653233,0.18500616303400158,-0.33204415907493573,0.08436536633667394,-0.2500932639230358,0.5677313198102658,0.01549921921706654,-0.08092571361976297,0.041035553338793496,-0.009749995110207459,0.00038725054450283335,-0.009619194020647896,-0.00022153681948407724,-0.0014898230290753274,-0.00463728360024458,0.0,0.010137245654710293,0.00013080108955956272,0.009528458290723381,0.008260172081132132,0.005112711509962879,6.0,1.0,5.0,2.0,3.0,4.0,hrp,0.00038725054450283335,-0.009749995110207459,0.0006087873639869106,0.004174816974224486,1.15,1.78,2.07,0.08,2.44,-0.66,3.9,63.000000000000014,28.999999999999982,170.0,39.99999999999999,64.99999999999999,23.0,20.999999999999996,10.999999999999988,10.999999999999988,0.0,0.0,-8.999999999999986,-12.99999999999999,31.999999999999996,34.0,4.471071033933167,4.443074545664383,4.94878532475154,5.2240140295222375,4.62189406649534,4.9628935450994485,-0.8000000000000003,-2.0000000000000004,0.11627906976744184,-0.10780669144981414,0.013838980584823801,0.027403648333562014,0.01896712507026832,0.01638518843048442
2022-02-28,0.06431979944343658,0.01671033766747354,-1.1102230246251565e-16,0.012498991560777828,-0.021074225406884528,0.028166210787108233,0.06910397577176863,-0.1123648753084372,0.005490068504393486,-0.04533200421881467,-0.0673426173211712,0.06244136032623666,0.0481227000641582,-0.07555617575390672,0.007638147993441313,-0.023725297598559014,-0.057076228659963424,0.04445112255017333,0.10789550003756536,0.3519089410507474,0.17333173373251945,0.23994354902491985,0.15843161339498532,0.08413749070291204,0.11342939016008992,0.2818934609728034,0.1436049454208548,0.19542927100875424,0.15593162546254885,0.058201392837967325,0.0,-0.14047800839176539,-0.059067764635265974,-0.08599355566631706,-0.09152879530634017,0.1862434727506053,-0.25226441367021685,-0.08638190862195994,-0.2498862528136339,0.6082473812469734,0.022010613102356524,-0.11785494381283068,0.13644659309293983,0.014489551972217492,0.004365239776986633,0.010017441126463186,-0.007131570281313811,-0.000794905368347218,0.0003816802071488722,0.0,-0.01012431219523086,-0.0044721108457543065,-0.021621122253531303,-0.01528445734056471,-0.01410787176506862,1.0,3.0,2.0,6.0,5.0,4.0,equal_weight,0.014489551972217492,-0.007131570281313811,0.0044721108457543065,0.0071318356583539985,1.55,1.97,2.29,0.08,2.54,-0.57,4.0,41.99999999999999,32.00000000000001,189.0,42.000000000000014,91.0,11.99999999999999,33.00000000000001,12.99999999999999,33.00000000000001,0.0,0.0,16.000000000000014,-6.999999999999984,-3.9999999999999925,40.0,7.429670248402687,5.596017529134442,5.390467777210324,5.339618032905274,4.510833520273056,4.761597532331752,-0.5,-1.4000000000000004,-0.08943089430894313,0.0,0.0096518859542849,0.02210381433886166,0.02439670575007513,0.05333098565814076
2022-03-31,0.005118779228927783,0.04541276935961447,0.024616657052666246,0.03460461175036578,-0.0321681831918873,0.02728698370151289,0.06389864929165712,-0.09332276069983003,-0.016134504029759467,-0.0485487602714364,-0.10453638910812191,0.060737907401732266,0.10004866979449356,0.01534199641926115,0.07813214457968987,0.05940887650100524,-0.07783143720849506,0.06293627397203717,0.21530383965153277,0.33169286887560995,0.1479731325673685,0.2298719874311601,0.20420596075925043,0.05977185543506519,0.16382264289597098,0.31038427222533244,0.15574567856682453,0.21344709506123363,0.1874033440950331,0.05585994705753125,-0.05670722636861569,-0.10035646711513069,-0.030903223712040573,-0.051635800471362514,-0.1409893827876103,0.12290341564947671,-0.16674106846058553,-0.37672215771608186,-0.11964630128166591,0.6654423763057181,0.05598762883668551,-0.07718825667007057,0.16843503839977902,-0.07597978090530438,-0.06843197744375797,-0.06317783949882133,-0.061828149416671675,-0.06763315508941753,-0.07263900211171988,0.0,0.007547803461546418,0.012801941406483053,0.014151631488632709,0.008346625815886854,0.0033407787935845062,6.0,4.0,2.0,1.0,3.0,5.0,minimum_variance,-0.061828149416671675,-0.07597978090530438,0.0013496900821496557,0.004939423587509439,2.31,2.35,2.48,0.33,2.86,-0.51,3.9,4.0000000000000036,12.99999999999999,202.0,100.0,156.0,63.000000000000014,80.0,37.000000000000014,52.0,25.0,25.0,23.99999999999998,33.00000000000001,39.0,47.0,6.927515874429753,6.920882711874314,7.829431652425354,6.609392996399137,6.766866053829963,5.554828421436859,-0.19999999999999973,-1.1999999999999997,-0.0758928571428571,-0.037209302325581395,0.010688199423708467,0.02383344420761091,0.02369884021853741,0.058465294283793545
2022-04-29,-0.020323392024211406,-0.1466670107095307,-0.052723796742186635,-0.10180941869494542,-0.09203851779274053,0.04320548453305584,0.058707344106957216,-0.10847825549427226,-0.02476695687773267,-0.06487174109011995,-0.16189331191597267,0.0749514289150489,0.052534517699079464,-0.18266116393698895,-0.0102769757160317,-0.09510396334027416,-0.18233779930682137,0.09338466298398637,0.11455482863547206,0.3337658788382683,0.1700334332971721,0.2459916438723978,0.16503142301268947,0.07649524349593645,0.15907454000113844,0.33661205096966196,0.170263328998311,0.23699858946508476,0.1889878462881125,0.06484091270116263,-0.07623618225421325,-0.22266959623483595,-0.07082670953598302,-0.13487260356403363,-0.22194113014115124,0.18153573889874197,-0.016583444350216484,-0.3441678368272563,0.02815450064437253,0.7244832679036088,0.09702157082585272,-0.08371129861653959,0.2206006560229299,-0.005961252162906749,-0.011868710464064432,0.002513023522528762,-0.005383541724260352,-0.00919745974320094,-0.010345165242429987,0.0,-0.005907458301157683,0.00847427568543551,0.0005777104386463974,-0.003236207580294191,-0.004383913079523238,3.0,6.0,1.0,2.0,4.0,5.0,maximum_sharpe,0.002513023522528762,-0.011868710464064432,0.007896565246789115,0.004715195403778704,2.63,2.85,2.92,0.33,2.97,-0.12,3.7,22.00000000000002,6.999999999999984,252.0,27.99999999999998,145.0,43.99999999999999,104.0,39.000000000000014,83.0,0.0,25.0,11.000000000000032,57.00000000000003,33.0,47.0,7.411702458499887,7.699256186602245,6.417980694149539,6.970349022035502,5.650537269018885,5.824933605672832,-0.19999999999999973,-1.0,0.009661835748792313,-0.12916666666666665,0.010005606877770079,0.023983054861914654,0.049762438599143755,0.06967341406612348
2022-05-31,-0.03261547766106776,-0.015866119870052042,0.0390004193440141,0.002257074748047261,-0.022533432583750068,0.02518842445328549,-0.05770287418396258,-0.09613407302144039,0.04457684976569998,-0.03666970878882925,-0.1724185334754842,0.07122101146410247,0.027127622163727327,-0.22676244746245722,0.02818994604984093,-0.1053208642509309,-0.21289922083154034,0.11082959509104787,0.14316453774537835,0.4208177689211542,0.23202550214638748,0.3126786370340747,0.22344992240065356,0.09402111498025004,0.16224439671172786,0.36558335850509716,0.19031898527106844,0.2661662722496616,0.20716731498545166,0.0721574099399441,-0.10636518041600296,-0.2350028135996104,-0.03458856156462853,-0.13291994636369375,-0.23947346723130436,0.21398809580594907,-0.0704374925171172,-0.1876984299095293,-0.0466412147812048,0.8130635849809311,0.13574882468665495,-0.14071092278714037,0.11471565929152161,-0.055905584264437674,-0.04356867517476696,-0.05459499796690455,-0.03776539218526095,-0.041674076734548794,-0.04368831680777981,0.0,0.012336909089670715,0.0013105862975331256,0.018140192079176727,0.01423150752988888,0.012217267456657861,6.0,3.0,5.0,1.0,2.0,4.0,minimum_variance,-0.03776539218526095,-0.055905584264437674,0.003908684549287847,0.006702404649432844,2.47,2.74,2.97,0.83,2.63,0.11,3.7,27.0,23.0,191.0,-15.99999999999997,103.00000000000003,-10.999999999999988,91.00000000000001,5.000000000000027,80.00000000000003,49.99999999999999,75.0,-34.00000000000003,0.9999999999999787,23.0,90.0,7.013592245809288,7.569679729240661,7.194574675538842,7.323796340119053,7.245031137992177,6.540707146356456,-0.2999999999999998,-0.7999999999999998,0.009569377990430672,-0.0580357142857143,0.010779568817247398,0.020535497940392444,0.04319056330032178,0.0686409765144147
2022-06-30,-0.015659651077124748,-0.08907864861259951,-0.07955711891912165,-0.08246031265706677,-0.01274545066232935,0.0341980497030043,-0.0671170395076558,-0.2350138004478488,-0.09408136479172491,-0.1740143819881086,-0.12380961950977931,0.059766315764523764,-0.0007710399599434314,-0.2997982536588969,-0.09952524305152222,-0.20403640042538018,-0.21074053835489404,0.10297978860732411,0.14947575300801483,0.3714560763343009,0.22165506738566645,0.29691632231154585,0.22078023372994798,0.07575476760796668,0.13447416626902292,0.37363152072466477,0.21000470149006986,0.2843006317548141,0.2035657972026741,0.08145631404195904,-0.12035918988105809,-0.30002504887814896,-0.11139391417811173,-0.20441963868525004,-0.2188361663347438,0.33817097780292876,0.013530035485350811,0.09714568473233538,0.014932051112950342,0.8449979518071932,-0.05020476247832928,-0.1409324356561239,0.056692580002123516,0.051015762395900256,0.03446279632389772,0.030281425321871697,0.020244094025075075,0.030434542184924487,0.03659022066229794,0.0,-0.016552966072002538,-0.02073433707402856,-0.03077166837082518,-0.02058122021097577,-0.014425541733602318,1.0,3.0,5.0,6.0,4.0,2.0,equal_weight,0.051015762395900256,0.020244094025075075,0.014425541733602318,0.009238214456156977,3.06,3.1,3.22,1.58,2.36,0.74,3.6,4.0000000000000036,12.00000000000001,152.0,58.999999999999986,71.0,35.999999999999986,69.0,25.0,69.00000000000004,75.00000000000001,125.0,-27.0,-50.0,63.0,119.0,11.872737879777553,9.013416636741358,9.980695652823297,7.967098240757438,7.698175417714561,6.840850460508653,-0.2999999999999998,-0.49999999999999956,0.014218009478673022,0.033816425120772875,0.007286590419360195,0.018052670374589574,0.03200611721011515,0.05646346528643087
2022-07-29,-0.031801281579790786,0.11155775845856097,0.03590799819306967,0.0832151285792786,0.03330542211641352,0.048985448544100786,-0.07251448088722912,-0.03641221173315101,-0.03386549156165919,-0.03281899034250657,-0.024355710433932587,0.01675712601970031,-0.02088305413210012,-0.07224537808720255,-0.01869511919489486,-0.03753082808128083,-0.17126904901130324,0.05689776394687684,0.1387444704212121,0.268882086627246,0.1297280250488193,0.19190022374546453,0.16490917686866258,0.04998370125940358,0.14133113850587148,0.3692276936884582,0.20860087320767082,0.2823298106592725,0.2031682473436859,0.07818605774702381,-0.1431256288942243,-0.14850505564658778,-0.06324458698348845,-0.10352139026316887,-0.17155856909773293,0.3381579319304962,-0.039073005780332445,0.1566157236864379,-0.06171115238497058,0.8487842097873944,-0.008463279908573984,-0.002546720171491823,-0.04815877045329653,-0.03888341810355104,-0.03788160624176361,-0.04013955571756988,-0.03573622215134885,-0.03742790910956592,-0.038665629983636825,0.0,0.0010018118617874314,-0.0012561376140188402,0.0031471959522021906,0.0014555089939851176,0.00021778811991421398,5.0,3.0,6.0,1.0,2.0,4.0,minimum_variance,-0.03573622215134885,-0.04013955571756988,0.001691686958217073,0.0013648753614463709,2.85,2.68,3.02,2.33,2.48,0.2,3.6,-16.999999999999993,33.999999999999986,35.00000000000001,-25.0,27.0,-52.0,-13.999999999999968,-27.99999999999998,10.999999999999988,75.0,200.0,0.0,-39.99999999999999,-52.0,26.0,8.207429851171733,9.293970098097573,7.749961597447094,8.357813505635438,5.615454864330522,6.802607855103242,-0.10000000000000009,-0.2999999999999998,0.032710280373831724,0.05238095238095242,0.006892905528202764,0.016967480108933675,0.02345891434148495,0.07438872572514943
2022-08-31,-0.029137450108968843,-0.04791147964163256,-0.0193686845054587,-0.031563905759185884,-0.04783028025777836,0.011150828247616809,-0.07524816684998492,-0.020113308146684217,-0.061783522196770524,-0.031013944851788655,-0.0336845928342383,0.020676755886938653,-0.11383737796385507,-0.135372414030125,-0.05038585589646394,-0.09082191196975165,-0.17293783269926688,0.041244702893448316,0.12318247241963474,0.26548656275730786,0.17310776282368837,0.2016264538430437,0.18000404734333225,0.0462050897269196,0.1352640375296357,0.30650533214110764,0.17972218703009912,0.23632634460810015,0.19858472888506268,0.057672654311465905,-0.16834625429026373,-0.1922054049925106,-0.0887934838462281,-0.14009960829744272,-0.19517147737226626,0.42773587206536395,0.08263418973390281,0.2992050200941259,0.10220513088359184,0.8566578818636411,0.0026706479824496476,0.04167021405008631,-0.04156357401574662,-0.07663961422560105,-0.06947316860152422,-0.0801912970020194,-0.06725418552540707,-0.06968176865697513,-0.07231983676677939,0.0,0.007166445624076825,-0.0035516827764183467,0.009385428700193973,0.006957845568625914,0.004319777458821658,5.0,2.0,6.0,1.0,3.0,4.0,minimum_variance,-0.06725418552540707,-0.0801912970020194,0.002218983076117148,0.004488789322153282,3.46,3.11,3.23,2.33,2.55,0.56,3.5,-35.00000000000001,12.00000000000001,77.99999999999999,56.00000000000001,93.00000000000001,50.99999999999998,25.99999999999998,31.000000000000007,16.000000000000014,0.0,150.0,4.0000000000000036,-9.00000000000003,47.00000000000001,35.00000000000001,6.916164640415477,9.24200987576722,6.60735520894275,8.229833457012283,5.036060440652469,6.13811007471343,-0.20000000000000018,-0.5,-0.02714932126696834,0.018957345971563955,0.009556597613818552,0.020439182432702596,-0.002657564232027454,0.04041821737210616
2022-09-30,-0.028881810636775085,-0.10535547239188447,-0.07415331576212758,-0.09244575805600008,-0.08235076997636936,0.026053949615156963,-0.0810955831826976,-0.051003992134898035,-0.07120268254169526,-0.05926110099613857,-0.11195708553013706,0.02117015477362656,-0.14381398619047814,-0.2600680220495053,-0.14192581140279792,-0.20246979270813714,-0.21582143940235088,0.04502507969065146,0.15195632556225905,0.28685597786267764,0.20440175371526548,0.23915513601239288,0.2405346538133277,0.04478089480089062,0.13692485527652104,0.2768990551078274,0.17242317578387004,0.21431031500164693,0.20616557727162552,0.04666086060699185,-0.16236120616579008,-0.2736122338362824,-0.15636246836308698,-0.21147865890111206,-0.21879526477875744,0.4881949426739209,0.14193538708309977,0.43817900092974366,0.13417280270438178,0.8715871054939496,0.052695984533998486,0.020198690406797226,0.03086150234743945,0.031181205221588796,0.01438648733854843,0.05726875760674163,0.010743478018683349,0.012215806311250807,0.011513971397739622,0.0,-0.016794717883040364,0.026087552385152837,-0.020437727202905445,-0.018965398910337987,-0.019667233823849176,2.0,3.0,1.0,6.0,4.0,5.0,maximum_sharpe,0.05726875760674163,0.010743478018683349,0.026087552385152837,0.016900902673844483,4.16,3.76,3.71,3.08,2.19,1.57,3.6,-40.000000000000036,-4.999999999999982,67.99999999999997,70.00000000000001,124.00000000000003,64.99999999999999,77.99999999999999,48.0,56.999999999999986,75.0,150.0,-35.999999999999986,-14.000000000000012,101.0,92.0,8.592632503100152,7.781218608369385,9.528403653838149,8.085658920850655,8.210620300213966,6.435070959115209,0.0,-0.2999999999999998,-0.11627906976744184,-0.10377358490566035,0.009465258945262178,0.0168208188297696,0.002531281896193338,0.0346184156113698
2022-10-31,-0.01784440770356277,0.03999848470658529,0.11214805282211526,0.08127533521265806,-0.05964423416451348,0.06292148711178247,-0.07400182361361018,-0.11414927477920722,0.009735067391647867,-0.049658149104632954,-0.17835680525978093,0.06299357260832936,-0.12509359333003833,-0.12401197857187618,-0.008492468339252546,-0.0603367052448045,-0.1715100041678418,0.056999064688362064,0.1643623046705736,0.3346242663623752,0.24516397671647686,0.27892772147212436,0.19634916214863601,0.06007787865945648,0.14517479379342693,0.29605040037931407,0.21441801118778395,0.2443910059354572,0.20415751225984335,0.04950964544384597,-0.13589305446493605,-0.16396604394346403,-0.04846872109613898,-0.0975182497321817,-0.1957421883570616,0.5401758894699501,0.19846836824984768,0.5314499073720234,0.17927955756011238,0.9023931531764281,0.12869865615514797,-0.12388434217085509,0.10435498164617074,0.06714978552503845,0.07024954594436461,0.06504806916748741,0.07330680613003403,0.07118623511189849,0.07000240365725827,0.0,0.003099760419326164,-0.002101716357551034,0.006157020604995581,0.004036449586860044,0.0028526181322198196,5.0,3.0,6.0,1.0,2.0,4.0,minimum_variance,0.07330680613003403,0.06504806916748741,0.0021205710181355364,0.0026923361014432536,4.41,4.02,4.15,3.08,2.51,1.51,3.5,-39.00000000000006,13.000000000000078,93.99999999999994,25.0,151.00000000000003,25.99999999999998,141.99999999999994,44.00000000000004,123.00000000000004,0.0,75.0,31.999999999999986,0.0,-6.000000000000005,142.0,7.953735271047477,7.776182997937295,8.074061938731722,8.062194238199663,6.587144767687763,6.636722304670338,-0.10000000000000009,-0.20000000000000018,0.06315789473684208,-0.08597285067873306,0.00803371007758047,0.014981991210389012,-0.010347553234808071,0.012868618741697535
2022-11-30,0.0849186596373046,0.05544178246900655,0.06835412161126819,0.05559157333715081,0.07151060658356512,0.011016975607385243,0.03478365754706436,-0.01798640731790979,0.10006136244922326,0.035868918517743875,-0.07537555570481813,0.05885079103412846,-0.04308191576967446,-0.037737949311757,0.032095696844531396,0.0037425370051522577,-0.10652115363548575,0.04707543314966389,0.18686577756123052,0.3807917308716699,0.21187960612742465,0.27909755818900644,0.21121511196545664,0.07045240092165153,0.169944216733232,0.3357715679292339,0.2257601960716874,0.268685650585863,0.21947444406456465,0.0555874588614233,-0.05574651141178899,-0.11761483121507388,0.0,-0.0473478693267283,-0.13822922439690477,0.5902125117515735,0.29242073578283456,0.6123206010166533,0.2736071153537074,0.8946437048731389,0.111244474222562,-0.11804776976713305,0.11015921325188249,-0.03575368907633328,-0.022741514183107082,-0.012670547302707587,-0.015512531897016476,-0.021481002268820538,-0.026191399025531175,0.0,0.013012174893226196,0.023083141773625693,0.0202411571793168,0.01427268680751274,0.009562290050802103,6.0,4.0,1.0,2.0,3.0,5.0,maximum_sharpe,-0.012670547302707587,-0.03575368907633328,0.002841984594308889,0.0074805967742679605,4.48,3.75,3.81,3.83,2.25,1.5,3.6,-73.00000000000004,6.000000000000005,-8.000000000000007,7.000000000000028,102.00000000000004,-26.999999999999957,64.00000000000001,-34.00000000000003,58.00000000000001,75.0,150.0,-25.99999999999998,-29.999999999999982,-1.0000000000000009,94.0,8.15679675689749,8.203910498380496,8.888998015203162,8.892715510174904,8.697563972033707,7.964237782822753,0.10000000000000009,-0.10000000000000009,0.08910891089108919,0.023255813953488413,0.005664001254311657,0.015274727449001713,0.010873815839333112,0.008187353743265291
2022-12-30,0.029306485665941073,-0.09013685167958785,-0.034098452718219985,-0.05762801530160089,-0.026200697676136753,0.03940264023719357,0.09678671622114732,-0.0012815687589529112,0.14765326720294403,0.07560937243813126,-0.018798676763394973,0.06203978108920803,0.007842157842157249,-0.05222019577094861,0.06593727595035404,0.01186757678568262,-0.12865111723127987,0.06635448505552949,0.1587191569897049,0.22584468029524898,0.1494917609552406,0.18001813913691078,0.2384112205106428,0.035626671160494595,0.17050895752696096,0.31944515359977044,0.20777301605324544,0.25064860555226953,0.21664173410926155,0.05018637617756132,0.0,-0.19715025229810934,-0.035686701115039354,-0.10224732089027022,-0.16080821995461114,0.558299396336422,0.2713714047906382,0.5652587716273189,0.2661946442399236,0.8802987493596742,0.09440804920152623,-0.14893483596189694,0.11558539298454229,0.06481788400947308,0.06282530909227928,0.04473711642701881,0.05233394234526528,0.05974124284200303,0.06406004774085976,0.0,-0.001992574917193804,-0.02008076758245427,-0.012483941664207798,-0.0050766411674700515,-0.0007578362686133239,1.0,3.0,6.0,5.0,4.0,2.0,equal_weight,0.06481788400947308,0.04473711642701881,0.0007578362686133239,0.0072742381976710875,4.34,3.83,3.92,4.33,2.27,1.56,3.6,-50.99999999999998,8.999999999999986,-50.0,-14.000000000000057,17.99999999999997,8.000000000000007,7.000000000000028,10.999999999999988,20.999999999999996,50.0,125.0,2.0000000000000018,8.000000000000007,6.000000000000005,-1.0000000000000009,7.3846688032255985,7.748940763053283,7.774806688762051,8.193449608526024,7.896955410910259,7.8019848591198535,0.0,0.0,-0.06818181818181823,0.07894736842105265,0.005738057667479479,0.015257628814407287,-0.009938174869042027,-0.007432049294975984
2023-01-31,0.06254069989266009,0.10576470824989226,0.017685033225566027,0.060087755017575795,0.0644611898057994,0.027889475697587287,0.17138939261134234,0.05015765243216874,0.04882895235323703,0.04968018100492566,0.1151865881194658,0.049240629343249416,0.08713570253395964,-0.061578645044411906,0.05406108206931437,-0.0018160684263544002,-0.09666345343019977,0.0686776990896509,0.12593500919827996,0.21584137112870763,0.1509451958990978,0.16294754749359924,0.19917365576553508,0.03256497828984943,0.158879515162327,0.2880153752684266,0.17346336930233347,0.21473335525625856,0.215083092471264,0.04490626795351371,-0.009386543771813471,-0.11170350051760458,-0.015644944666429295,-0.04579011420358048,-0.09144082256024466,0.5412990098675585,0.26169587874549693,0.5409318877571864,0.26545820103566153,0.8556823094781422,-0.06550640711454014,0.0013287000789317105,0.056202804491876535,-0.032829276968704156,-0.03918611393210009,-0.04057193163991037,-0.04434743544802967,-0.040646510346432754,-0.03840598399564383,0.0,-0.006356836963395937,-0.007742654671206217,-0.011518158479325517,-0.007817233377728598,-0.005576707026939673,1.0,3.0,4.0,6.0,5.0,2.0,equal_weight,-0.032829276968704156,-0.04434743544802967,0.005576707026939673,0.0034540833831382713,4.25,3.55,3.66,4.33,2.29,1.26,3.5,-70.00000000000001,11.000000000000032,-78.00000000000003,-5.999999999999961,-4.999999999999982,-33.00000000000001,-41.000000000000014,-31.999999999999986,-46.0,0.0,125.0,1.000000000000023,-16.000000000000014,-34.00000000000001,-25.0,7.830343907791384,7.800540897915428,7.580049000972405,8.044550810769724,6.313628494131153,7.626791379642676,0.0,-0.10000000000000009,-0.04225352112676062,0.00990099009900991,0.004948496568608407,0.013021961432940765,-0.019312571096643083,-0.02946028647392751
2023-02-28,-0.05267270604345786,-0.009113647964565819,-0.02370340483523048,-0.023220308571992088,-0.04440409793810951,0.015757163827606675,0.040191137786620645,0.025591941060904677,-0.04080272686727271,-0.010564429261416652,-0.004259992626169162,0.028440336296317835,0.049579652230526516,-0.041141193183900304,0.022222695608421272,-0.013804555673777918,-0.09191403022690536,0.04930845567418177,0.13484919050442284,0.2601943506345784,0.12689650445423573,0.16314766748911386,0.1542737858589394,0.04795861623096805,0.1459255693349469,0.2528253963268345,0.14596090726021826,0.18046706982499294,0.2002393002323676,0.0397590116143278,-0.0654483376974071,-0.05825742356028252,-0.048324763080269006,-0.04923484051961313,-0.0866079449469751,0.4577608391515982,0.21829922264922927,0.33930512824002196,0.22218420679155126,0.7943447743643689,-0.00630443663524749,0.06639466792817739,0.04445113041278981,0.049812624602944146,0.0509385869107434,0.06739283755184562,0.03548828604557821,0.04545486770911076,0.04993783978046931,0.0,0.0011259623077992525,0.017580212948901476,-0.014324338557365937,-0.004357756893833387,0.00012521517752516614,4.0,2.0,1.0,6.0,5.0,3.0,maximum_sharpe,0.06739283755184562,0.03548828604557821,0.016454250641102224,0.009438576540875487,4.78,3.92,3.93,4.57,2.36,1.56,3.5,-86.00000000000003,1.000000000000023,-65.00000000000003,61.00000000000003,32.00000000000003,42.99999999999997,20.999999999999996,31.000000000000007,18.999999999999993,24.00000000000002,74.00000000000003,2.9999999999999805,4.0000000000000036,40.000000000000014,17.000000000000014,6.913065614506799,7.439807957704062,6.391214207614943,7.311060997093775,5.192485412777278,6.578643160024182,-0.10000000000000009,0.0,0.06372549019607843,-0.013636363636363669,0.005437218638551622,0.011132016306051984,0.011578530687154753,0.022578249336870027
2023-03-31,0.07359660898321119,0.09474067217622495,-0.013653341710075484,0.03303714189200013,0.06926022229486795,0.03810307759510837,0.08510509089574914,0.20637589546333013,-0.026410713157947074,0.07175170924024377,0.061843644931238506,0.07445468447555732,0.18466311187338125,0.1851117567061844,0.10740844138763972,0.13795731119820132,0.040000594601331985,0.05421008282813437,0.2083366224001379,0.20552383006044794,0.1825017635977892,0.18805140442984214,0.21711366669685675,0.012972125897076442,0.16394969284649166,0.2230020520059507,0.15049837045133438,0.16735963201837065,0.19489114511400518,0.02591772441755472,-0.013567374813896249,0.0,-0.05829652099328342,-0.013982477301312524,-0.02105570235759424,0.2724138251112601,-0.035445079856541696,-0.08530042025413699,0.06265896158368149,0.7214303962263486,0.00990806430900526,0.2327866086212772,0.02326144596451063,0.004992191808699219,0.006432498982206925,0.005918694796327197,0.0006489826181008591,0.003946264221262982,0.004756588889733459,0.0,0.0014403071735077065,0.0009265029876279786,-0.00434320919059836,-0.0010459275874362371,-0.00023560291896575995,3.0,1.0,2.0,6.0,5.0,4.0,hrp,0.006432498982206925,0.0006489826181008591,0.0005138041858797279,0.0018786881234098879,4.1,3.55,3.74,4.83,2.34,1.21,3.6,-54.999999999999986,19.00000000000004,-128.00000000000003,-79.0,-20.999999999999996,-46.0,-33.00000000000001,-23.0,-23.99999999999998,25.0,50.0,-10.000000000000009,6.000000000000005,-36.00000000000001,-39.000000000000014,20.980716770179132,13.612138795231449,10.201073706326449,8.360539307456232,7.251929135786981,6.35870896672448,0.0,0.0,0.07834101382488479,0.09859154929577474,0.005342254379481659,0.011110966210664985,0.012617114303560273,0.002553548346226675
2023-04-28,0.012436335329217396,0.03146603274500959,0.006658487994052553,0.036327269602613343,0.023101171221492356,0.011161672436576047,0.031134927982637617,0.09045894328529203,-0.04172377160884555,0.029179119633262474,0.005230402454181382,0.04280160983220576,0.1924119766827439,0.1651597204803048,0.02031901718919027,0.09793903601352638,0.12014264777288419,0.05950236166765037,0.1329262448337505,0.16754437742774658,0.11951842177928335,0.12406214395993462,0.15201890521762843,0.01802002381112308,0.16369856398510044,0.21185940870399747,0.14153571631748585,0.15756815601010796,0.1775790326866928,0.02371970410159234,-0.025932944008480008,0.0,-0.06589067174326813,0.0,-0.019073281044664436,0.23861701244681552,-0.0668056922494791,-0.15611689043783256,0.04016979489711443,0.6734887133829285,0.02394871717908109,0.13218271489413758,0.025904525528456235,-0.00023792514024471327,-0.009890888533119004,0.021107542593698056,-0.02961350628786348,-0.016389680245961255,-0.00966635189060173,0.0,-0.009652963392874291,0.021345467733942768,-0.02937558114761877,-0.016151755105716543,-0.009428426750357016,2.0,4.0,1.0,6.0,5.0,3.0,maximum_sharpe,0.021107542593698056,-0.02961350628786348,0.021345467733942768,0.015543253065249547,4.07,3.53,3.76,4.83,2.27,1.26,3.5,-54.00000000000005,23.0,-130.00000000000003,5.000000000000071,-9.999999999999964,-2.0000000000000018,3.999999999999959,-1.000000000000023,13.999999999999968,0.0,50.0,-4.0000000000000036,-6.000000000000005,2.0000000000000018,10.000000000000009,10.300023116016604,14.135526450716803,6.015852075182384,7.914610857658247,4.554955438598605,5.782187454266109,0.0,0.0,-0.09130434782608698,0.02450980392156854,0.005131461300229345,0.010105350887473774,0.010552132098317957,-0.00896422779969508
2023-05-31,-0.008968820381236586,0.0800768479919125,-0.04185590723721899,0.005631791727801483,-0.0013574763663268818,0.04013331218709514,0.06769743024862929,0.1968704563015986,-0.05838497821243327,0.06258506621466631,0.03130111809648617,0.08202204916007139,0.12591870296235075,0.23576519476798752,-0.084090933009766,0.06430979451518182,0.01302114962526768,0.10735281610285956,0.1386617437919666,0.17754318798677945,0.14338534357896016,0.1309699541972447,0.14927021899245202,0.015955740071253496,0.16221140811553889,0.1802867746917819,0.14696025634298118,0.14640958532455536,0.1830281398001998,0.015684770044444095,-0.042638075052986,-0.005685963255127158,-0.10424886508650366,-0.005545151337875809,-0.04865106347301995,0.1092397599270956,-0.31146345186213503,-0.3470635905950952,-0.21839484162669737,0.6515930145928953,0.03128394811818014,0.2552554345140319,0.03639631215214312,0.03218713273604711,0.021119474415165627,0.020274366501561933,0.014356096821868478,0.018955333070963403,0.021389151274835348,0.0,-0.011067658320881486,-0.01191276623448518,-0.017831035914178634,-0.01323179966508371,-0.010797981461211765,1.0,3.0,4.0,6.0,5.0,2.0,equal_weight,0.03218713273604711,0.014356096821868478,0.010797981461211765,0.0053743019066543685,4.46,3.69,3.9,5.08,2.22,1.47,3.4,-77.0,20.999999999999996,-139.0,41.99999999999999,-34.999999999999964,25.0,-23.0,23.0,-3.000000000000025,25.0,50.99999999999998,4.0000000000000036,-20.999999999999996,20.999999999999996,-2.0000000000000018,9.60208310732624,14.572153933132054,7.460690635718968,8.225259261139094,6.114775236300688,6.149819224798058,-0.10000000000000009,-0.20000000000000018,0.0861244019138756,0.04608294930875578,0.003870109060836402,0.009328370328506752,-0.023247747707686672,-0.011938391780772606
2023-06-30,-0.022213706061099736,0.06303841051096604,0.05318218124238028,0.06479974809277,0.002171003478746547,0.03554319908956378,-0.03208811292399005,0.1718410268080217,0.013706032932999879,0.10212200010342887,-0.010148868914568787,0.07646092111233066,0.061699722377467126,0.42445011399765176,-0.013602265565590743,0.18575035687391472,0.04730839398552189,0.15576584967638296,0.1132401659610017,0.16599954262807468,0.12001968830822918,0.10508600817977944,0.14197937624048712,0.022081561199184536,0.12596531744255957,0.16791940271102487,0.129311157672493,0.11971249143001882,0.15667185770124328,0.018869103390659066,-0.06390463144784686,-0.0008999022086650932,-0.05291668420332274,0.0,-0.04658568162231802,0.16599516191579924,-0.11743843976797946,-0.19173630780516476,-0.0570315869916079,0.49043903902897007,0.11227086901799765,0.15813499387502183,-0.021939244009421266,0.022119854756284515,0.01655193282374505,0.022549261658113752,0.010822456767290937,0.013876571190040436,0.014255519746171804,0.0,-0.005567921932539466,0.0004294069018292365,-0.011297397988993579,-0.00824328356624408,-0.007864335010112711,2.0,3.0,1.0,6.0,5.0,4.0,maximum_sharpe,0.022549261658113752,0.010822456767290937,0.0004294069018292365,0.004322485021567851,4.87,3.85,3.92,5.07,2.2,1.65,3.6,-102.0,6.999999999999984,-122.00000000000001,41.000000000000014,79.0,16.000000000000014,28.000000000000025,2.0000000000000018,14.000000000000012,-0.9999999999999787,24.00000000000002,-2.0000000000000018,-12.99999999999999,17.999999999999993,40.99999999999999,8.200464562914656,9.289203330485613,6.533794930243533,6.717280982606214,4.8570027991011235,5.292857160132198,0.0,0.0,0.0396475770925111,0.026086956521739202,0.00379838262417298,0.009160928929863532,-0.0035941458600374787,0.008977620694383015
2023-07-31,0.029702466962553187,0.05461621026426711,0.05068754574409695,0.044920376350781055,-0.013947994253234675,0.025047960188173384,-0.013257559024801857,0.19111560777865577,0.05221216106295601,0.1047304432374705,-0.05277626607656649,0.08634036970321086,0.01746459581237203,0.29886266698893227,0.008309901170715506,0.1369655050032046,-0.04782190473399439,0.1236903716916178,0.10334888719156679,0.14794455194952486,0.09187987634956701,0.08543668772856498,0.13797614135438682,0.025073356224522465,0.11812859585814008,0.16004562396441827,0.12201020049070571,0.10673435965120166,0.1500353524408198,0.02020168324013998,-0.042480551534228805,-0.0053404969717765205,-0.013269977906750774,0.0,-0.07084293056586421,0.25316819954686376,0.10614901969195842,-0.0678613097732598,0.21222653803867325,0.3977706036352092,0.15750670931403699,0.13890344671569976,0.039518707051764634,-0.018047796604073747,-0.018819807158349373,-0.0147952519507366,-0.020796672713379278,-0.019793007605721405,-0.01976266751290039,0.0,-0.0007720105542756255,0.003252544653337148,-0.0027488761093055307,-0.0017452110016476577,-0.0017148709088266427,2.0,3.0,1.0,6.0,5.0,4.0,maximum_sharpe,-0.0147952519507366,-0.020796672713379278,0.003252544653337148,0.0019322289834809777,4.87,3.96,4.03,5.33,2.38,1.58,3.6,-91.00000000000001,7.000000000000028,-137.0,16.000000000000014,79.99999999999999,25.0,43.000000000000014,22.00000000000002,27.000000000000046,25.99999999999998,50.0,19.99999999999997,10.999999999999988,5.000000000000004,32.00000000000001,7.892431576547009,8.291477064424784,7.652575041246236,7.0317835961265684,5.643369476440383,5.467541423399536,0.10000000000000009,0.10000000000000009,-0.10810810810810811,0.10526315789473695,0.004808745987340046,0.009964883181506012,0.014241100456997335,0.02494350652856303
2023-08-31,0.0023385197921605982,0.009615500367914365,-0.0001342919160584044,0.0004887548293466271,-0.004634699243232121,0.0046451368799318845,-0.02035258133530249,0.07527745498833704,0.07655086940987288,0.07160123628708015,-0.05771176551196455,0.056872021665226674,0.05484589481717861,0.29114941569512576,0.014101043984206418,0.14061511734521503,-0.01567626025277069,0.11040056063684403,0.06754425995504804,0.17391363786759684,0.08884407058799954,0.1193725359862243,0.1792066489498,0.04464968921847986,0.09690035792408216,0.16475746591984172,0.10356491414050727,0.10599429555332092,0.15415692278980975,0.028428942528290962,-0.054715385608920974,-0.02009140794488007,-0.014935198280626838,-0.01625192875810544,-0.10003782566139563,0.43912695660998907,0.31087070115124904,0.36116365803861805,0.32618271692816003,0.44986244096764605,0.1293130017990447,-0.0012734144215358345,0.037359184176662064,-0.05347915730886642,-0.05516340649825578,-0.048419795424286705,-0.05788546283305955,-0.05667126275207449,-0.05696563683903569,0.0,-0.001684249189389364,0.005059361884579713,-0.004406305524193133,-0.003192105443208075,-0.0034864795301692703,2.0,3.0,1.0,6.0,4.0,5.0,maximum_sharpe,-0.048419795424286705,-0.05788546283305955,0.005059361884579713,0.0031698492103498666,4.9,4.12,4.23,5.33,2.26,1.86,3.5,-78.00000000000003,11.000000000000032,-121.0,-1.9999999999999574,50.0,7.000000000000028,48.0,12.00000000000001,38.000000000000036,0.0,25.0,-11.000000000000032,7.999999999999963,18.000000000000014,40.000000000000014,5.682470958172699,6.972662587097375,7.261772051870905,6.8761257980627,6.7273429269766645,5.618344614827177,0.10000000000000009,0.0,0.03896103896103886,0.05726872246696035,0.004299275945293557,0.008186023672920761,0.006721176638410098,-0.01668282328806514
2023-09-29,-0.049190383849243124,-0.04795258616245768,-0.042809121068019707,-0.04882849204017292,-0.07539735001457104,0.011513046361564127,-0.03825661727025775,-0.028778635177424405,-0.01684286380309097,-0.03224179577373398,-0.13111754278151522,0.04142832914012681,-0.06911714753919052,0.1381170414115771,-0.0033676797160615557,0.06658760765835381,-0.1399357169419937,0.09784563949519774,0.08124070740362065,0.13933369798420794,0.09474901764335697,0.10643392556958295,0.15275942429686373,0.026985277590920582,0.08915426147071946,0.15828107405462377,0.09600654765912765,0.10789904814906022,0.15784532859335962,0.030180823147075663,-0.09971647369100878,-0.06986932639682153,-0.056346011928134154,-0.06291559690710602,-0.17159502430071238,0.5203888168010926,0.3509417617281332,0.48406953562172667,0.2940215502025095,0.6209784598367454,0.09887574700778123,-0.011935771374333437,0.09286092551125746,-0.012288324588678939,-0.003870093636520454,0.004453661115502407,-0.015346787847894974,-0.010058967339455084,-0.010960354470575188,0.0,0.008418230952158485,0.016741985704181346,-0.003058463259216035,0.0022293572492238546,0.0013279701181037502,5.0,2.0,1.0,6.0,3.0,4.0,maximum_sharpe,0.004453661115502407,-0.015346787847894974,0.008323754752022862,0.006551297953976621,5.04,4.59,4.71,5.33,2.39,2.2,3.7,-45.000000000000014,12.00000000000001,-74.00000000000003,16.999999999999993,16.999999999999993,46.99999999999997,73.99999999999997,47.99999999999996,79.0,0.0,25.99999999999998,10.000000000000009,18.999999999999993,37.000000000000014,55.00000000000003,4.178744400164328,5.700046262422194,5.175951718329321,6.5759573877722355,5.622658242707404,5.924166618859413,0.10000000000000009,0.10000000000000009,-0.09999999999999998,-0.0847457627118644,0.0038932254023320567,0.007706395986225134,0.008046166180736058,0.004423101225830894
2023-10-31,0.08511643360398358,-0.02876058275847937,-0.030208121456155035,-0.021319496678267935,-0.0385365340857069,0.04625331225678764,0.02499994477609868,-0.06146554478910471,-0.0787154572069394,-0.06765797546574959,-0.13383211841813347,0.05105222348625268,-0.018291424149002755,0.10169656869891908,-0.02535448965374687,0.02529943193988804,-0.1979081718703184,0.09849123129327175,0.14944354634562818,0.19061480398308317,0.13994597648495097,0.14323663265089406,0.2467986137655964,0.04070570050663545,0.11405716232619278,0.16845711226206833,0.1102239315540406,0.12296366347707345,0.19690931440129103,0.03425361514418792,-0.03334386695079694,-0.08908096570844226,-0.09235313488980923,-0.08325839351410103,-0.20236035503790917,0.35183872170803787,0.2200485536407661,0.03617291217696381,0.1632053604431592,0.66490441473402,0.06617414295238389,0.01724991241783469,0.15883206319423215,0.07741463925295279,0.07119980979583612,0.07160209235529777,0.06684972306534116,0.07082529063402127,0.074426460643236,0.0,-0.006214829457116669,-0.0058125468976550215,-0.010564916187611628,-0.006589348618931526,-0.002988178609716785,1.0,4.0,3.0,6.0,5.0,2.0,equal_weight,0.07741463925295279,0.06684972306534116,0.002988178609716785,0.0032632576585969477,5.03,4.88,5.04,5.33,2.44,2.44,3.7,-15.000000000000036,16.000000000000014,-45.000000000000014,0.0,11.000000000000032,29.000000000000004,83.0,30.99999999999996,92.99999999999997,0.0,0.0,8.999999999999986,6.999999999999984,19.99999999999997,76.0,6.058052492344392,5.287049553877007,8.23089418274947,6.937103134420987,8.406063571131543,6.932525357624113,0.10000000000000009,0.20000000000000018,-0.0092592592592593,-0.07359307359307354,0.0034449576597381792,0.008270269573401157,0.009962737555607726,0.024345718358961266
2023-11-30,0.02531372564947021,0.10818801832425651,0.06303289226470588,0.09134383362649334,0.09923826615559439,0.03012850302340682,0.048494586825618136,0.030167066244707996,-0.020512690648397114,0.017008651416427822,-0.043441759898779964,0.03363881378028167,0.027155015467625887,0.10771542120441091,0.05446791445840482,0.08982772817249995,-0.09864642475003915,0.07292383597200108,0.11041114890023407,0.14274461479555967,0.13483140514106717,0.11210102629430864,0.20726776852505557,0.035219968110448044,0.12442827651960998,0.1655803744055914,0.1288592251998033,0.12788806208472386,0.2126441447689264,0.03387963349189801,-0.004167950375202567,-0.004888261610922151,-0.03514152782692104,0.0,-0.10290906073961592,0.3526616533996472,0.3761697063853878,-0.09401725711325118,0.33955366318462654,0.6851000917069253,0.060450411315207786,0.05067975689310511,0.0919363467243981,0.052844601829543335,0.04929917698573902,0.03962225235540746,0.05799179480719074,0.053823050753233695,0.054178052804666095,0.0,-0.0035454248438043165,-0.013222349474135878,0.005147192977647402,0.0009784489236903601,0.0013334509751227602,4.0,5.0,6.0,1.0,3.0,2.0,minimum_variance,0.05799179480719074,0.03962225235540746,0.003813742002524642,0.0058049933571292876,4.64,4.27,4.44,5.33,2.21,2.06,3.9,-37.000000000000014,17.00000000000008,-106.00000000000006,-39.00000000000006,-26.000000000000068,-61.00000000000003,14.999999999999947,-59.999999999999964,20.999999999999996,0.0,0.0,-23.0,-4.999999999999982,-37.999999999999986,19.999999999999996,8.621401941016986,6.522009685906791,7.924044181507066,7.476229612350722,7.02343017538946,7.357243523090993,0.3999999999999999,0.5,-0.004672897196261627,-0.11250000000000004,0.003415725152682292,0.007729686242960554,0.006668766986588581,0.013434765585875974
2023-12-29,0.008599793925030852,0.0532152034839235,0.07074566951717087,0.049772632180058896,0.07430314392462023,0.02339480038698662,0.11501896513101872,0.14593402389344812,0.08693699862881532,0.11639637812365189,0.12944669681236176,0.019416063626458115,0.07236211133292203,0.1129556066824211,0.06862986679837069,0.0804017540976536,-0.018643578776374348,0.043779681473034494,0.1594607422431071,0.11401335578536725,0.11475400058263023,0.0925785310778762,0.19064457721538522,0.03561474091267828,0.14276948319545998,0.15574518889628194,0.13361659700158782,0.120889385502708,0.21881232818206883,0.03417874199373625,-0.007373166810045517,-0.004811883109994475,-0.0024894189757714846,-0.0028949684526652364,-0.0213887857660523,0.3594732488483948,0.349280284091053,-0.013797714783849313,0.29975307754121994,0.6297261695471118,-0.013050318688709872,0.058997025264632796,-0.014427731681343037,-0.00022774256854666771,-0.004239518676247943,-0.003158122843680731,-0.011365782069281127,-0.007047370955903839,-0.005536136385745483,0.0,-0.004011776107701276,-0.0029303802751340633,-0.01113803950073446,-0.006819628387357171,-0.005308393817198815,1.0,3.0,2.0,6.0,5.0,4.0,equal_weight,-0.00022774256854666771,-0.011365782069281127,0.0029303802751340633,0.0034480518557255097,4.26,3.84,3.98,5.33,2.16,1.68,3.7,-41.99999999999999,14.000000000000012,-149.00000000000003,-47.000000000000064,-78.00000000000003,-50.0,-75.0,-53.99999999999996,-73.0,0.0,0.0,-6.000000000000005,-23.0,-44.000000000000014,-52.00000000000002,9.109910877197237,7.912249151533642,7.506505115406194,7.967387443372583,7.3251036072633555,7.708826841012893,0.0,0.10000000000000009,-0.0046948356807511304,-0.01851851851851849,0.0028286008664990536,0.006732838649577522,-0.0018168691734368192,0.006214678176001076
2024-01-31,-0.014228180398366597,0.018192081912903557,0.001444786951198651,0.015926417013357508,-0.022451391136193544,0.016080714382195053,0.018098275171601674,0.1970863340525435,0.13787512952737502,0.16662535938288547,0.1621921406269391,0.0620630471361398,0.04427568401370863,0.09362221811707938,0.031811029844279304,0.06586912992849037,0.0007682003799411863,0.0313203410265003,0.09304665331203352,0.16407301364026455,0.09874560150510037,0.11169639740418462,0.13491485508722237,0.026118342104876225,0.12302139825140368,0.1416091282649657,0.11714712674344685,0.10674114894930772,0.18001147322224098,0.02577640966826731,-0.021496440460931354,-0.026112309817233337,-0.014095455976245952,-0.017078199358909973,-0.03830454135278749,0.41252850632760324,0.3067254702929671,0.25344674917583193,0.25734440826044286,0.5827583278482839,0.004433218755946378,0.05921120452516848,-0.14409386545533742,0.02108132593982388,0.01514380887544515,0.02083252588611388,0.00022758893457589324,0.00905210603439734,0.011784703642427126,0.0,-0.00593751706437873,-0.00024880005370999866,-0.020853737005247987,-0.01202921990542654,-0.009296622297396754,1.0,3.0,2.0,6.0,5.0,4.0,equal_weight,0.02108132593982388,0.00022758893457589324,0.00024880005370999866,0.007204709345768057,4.36,4.06,4.28,5.33,2.26,1.8,3.8,-30.00000000000007,22.000000000000064,-127.00000000000004,10.000000000000053,-62.999999999999986,21.999999999999975,-78.00000000000003,30.00000000000003,-75.0,0.0,0.0,9.999999999999964,-16.000000000000014,12.00000000000001,-61.999999999999986,6.493219907095766,8.076249528810573,4.883402404842254,7.013154197451748,4.6858449459134786,6.598771006925699,0.09999999999999964,0.19999999999999973,0.05660377358490565,0.04672897196261672,0.002812993472576464,0.006267641775724808,-0.0061585823786760585,0.003742798836978256
2024-02-29,0.0038178123690777443,0.03221243614969871,0.005829707316126864,0.03501811499876695,-0.012922799115207106,0.018228625731513473,0.0002642029652808464,0.12793296222701978,0.09640966643506554,0.12135916691168402,0.03943570152506304,0.049473355001086475,0.05248236336058065,0.1760419581602759,0.06289426297333311,0.13977064885023927,-0.003184176816062756,0.06420150370671701,0.08920857440971917,0.17688091557193505,0.10632319914439452,0.13519677559235377,0.17065169654933274,0.034473699560570656,0.11673786257561033,0.14577182219354765,0.10419765728572287,0.1071976858681436,0.16817890820898904,0.024720183260967744,-0.017030992479703855,0.0,-0.003209727885852609,0.0,-0.05996404461979665,0.4382470274210603,0.18667486137369496,0.3924503522163265,0.0714589433066416,0.4895963992431971,0.08192346538662099,0.03152329579195423,-0.03917149855978219,0.03730627820094896,0.04292885382743828,0.04190447968141736,0.04324202346856984,0.04164444815190757,0.03876122568752755,0.0,0.005622575626489323,0.004598201480468404,0.005935745267620883,0.004338169950958613,0.001454947486578595,6.0,2.0,3.0,1.0,4.0,5.0,minimum_variance,0.04324202346856984,0.03730627820094896,0.0003131696411315596,0.002184364698303059,4.64,4.27,4.4,5.33,2.33,1.94,3.7,-37.000000000000014,13.000000000000078,-106.00000000000006,34.999999999999964,-20.000000000000018,18.99999999999995,-12.00000000000001,9.000000000000075,-12.99999999999999,0.0,0.0,3.000000000000025,12.00000000000001,15.999999999999993,-24.00000000000002,7.532153299909225,7.90227692141669,7.435756598388367,6.824663864715943,6.461976698901262,6.378286578897159,-0.19999999999999973,0.20000000000000018,-0.0982142857142857,-0.05164319248826288,0.0029123237277743907,0.006337996577866267,-0.010800895457574344,-0.004204157126038832
2024-03-28,0.09227994701471576,0.021428471341870425,0.04943707637499917,0.03641445980422353,0.014941302906724019,0.027444088806495095,0.0681759444025134,0.08043030605343215,0.06525837102846643,0.10112102274301793,-0.05260486017788735,0.05403636905557375,0.1816197243461728,0.2554064934395093,0.16212059962807301,0.2365274044215191,0.09111592907712707,0.05824194157947422,0.11913563682212279,0.15127129182688887,0.09312929591516346,0.0951168459071949,0.1070515732696683,0.02122392223153769,0.10610238496261439,0.15600025210979312,0.09575783046820918,0.10800682665305099,0.13750174544240676,0.022470967287373297,0.0,-0.005309354839134195,0.0,-0.00019109300031516785,-0.052604860177887125,0.40217229925760706,0.20346119595195247,0.22183848568655018,0.071583197850663,0.49955383279488735,0.15372588292090528,0.015171935024965721,0.12078080458040075,-0.03277791418039223,-0.02644652075178687,-0.016239875964373797,-0.031494167240061814,-0.02971446159638042,-0.031202545354511054,0.0,0.006331393428605357,0.01653803821601843,0.001283746940330413,0.003063452584011809,0.001575368825881173,6.0,2.0,1.0,5.0,3.0,4.0,maximum_sharpe,-0.016239875964373797,-0.03277791418039223,0.010206644787413073,0.005611663078564059,4.54,4.2,4.36,5.33,2.32,1.88,3.9,-33.999999999999986,16.000000000000014,-112.99999999999999,-16.000000000000014,28.000000000000025,-10.999999999999943,31.000000000000007,-8.000000000000007,32.00000000000003,0.0,0.0,0.0,13.999999999999968,-11.00000000000001,16.999999999999993,5.204851216939462,6.437735971942655,4.377431297222688,5.822295899753878,4.092385495969215,5.248265507252226,0.19999999999999973,0.19999999999999973,0.054455445544554504,0.019138755980861344,0.0034141018359572506,0.006252359833867738,-0.002698002307857328,-0.004509969564071237
2024-04-30,0.019487959052230552,-0.045757846151344705,-0.03930641527686596,-0.03864728485939972,-0.04678552935110469,0.025061137402638208,0.1234423841739023,-0.0003492703394645247,0.0051762587787198555,0.02576893966120597,-0.0694143229289762,0.06215316632265328,0.13816815505782598,0.23432496126221714,0.1716917997275571,0.23108338100333636,0.06617762291358154,0.0626888509094704,0.1880676631901338,0.18790075120323005,0.12226657678904605,0.13503842215612064,0.13745977284168298,0.02810654654150333,0.13992317853166814,0.17113184368647735,0.1102327178055885,0.12405711275375568,0.1434840241121099,0.020477519193250252,-0.04226564529392407,-0.04881479798068322,-0.045144569926603095,-0.04050306823773697,-0.11376334573986879,0.35577036390552225,0.15698010076346364,0.19971922412032475,0.027918488484965736,0.5147287826926763,0.09518326259018217,-0.00552552911818438,0.1928567071028785,0.035529323707305445,0.03184621561930258,0.03387901635663451,0.023257973523466764,0.028871860276449588,0.03151144460436382,0.0,-0.0036831080880028663,-0.0016503073506709334,-0.01227135018383868,-0.006657463430855857,-0.0040178791029416225,1.0,3.0,2.0,6.0,5.0,4.0,equal_weight,0.035529323707305445,0.023257973523466764,0.0016503073506709334,0.0039590807112874086,4.97,4.63,4.75,5.33,2.41,2.22,3.9,-33.999999999999986,12.00000000000001,-70.00000000000001,37.999999999999986,67.99999999999997,42.99999999999997,54.999999999999986,41.000000000000014,44.00000000000004,0.0,0.0,9.00000000000003,11.000000000000032,34.00000000000003,44.000000000000014,7.26373903454031,6.704119069169309,6.953245216991771,6.3537950648057855,5.928542742328756,5.56090883914271,0.10000000000000009,0.19999999999999973,-0.02336448598130836,-0.0669642857142857,0.0038825171971923478,0.006706432165301646,-0.003950743894338915,-0.010084995291284704
2024-05-31,0.0070630516537038,0.06924937719681035,0.021849341181123805,0.05400207305890592,0.02134171982777011,0.023124071778146696,0.11618022568831976,0.012782544450435918,0.013203649583156674,0.031507289084096834,-0.0360201785896036,0.04967099415308513,0.1359080440967253,0.16068174547147795,0.11366908060545922,0.16837149317270095,-0.004278694110731673,0.0626124246605982,0.1627121581612606,0.11876621324647421,0.12200510769892463,0.09524423367801893,0.11732317029514977,0.021901407970077367,0.1566187172923099,0.15392971716488232,0.11495448779837045,0.11130756806246302,0.12646410550903125,0.019153179861343846,-0.041236171212638895,-0.0195135396982834,-0.025548853859025056,-0.00750911232874274,-0.08817781085276499,0.33407585709030074,0.2271576540314993,0.22636646784071618,0.09122757589531111,0.41051520844892153,0.06752746767370044,-0.000421105132720756,0.15220040427792336,0.023392855152626263,0.01791291011340855,0.029078131867324716,0.007529490372035253,0.014643343114296192,0.018483441440621078,0.0,-0.005479945039217712,0.005685276714698453,-0.01586336478059101,-0.008749512038330071,-0.004909413712005185,2.0,4.0,1.0,6.0,5.0,3.0,maximum_sharpe,0.029078131867324716,0.007529490372035253,0.005685276714698453,0.006725665629183654,4.92,4.55,4.69,5.33,2.36,2.19,3.9,-37.000000000000014,14.000000000000057,-78.00000000000003,-12.00000000000001,28.000000000000025,-14.000000000000057,29.999999999999982,-9.999999999999964,31.00000000000005,0.0,0.0,-5.000000000000027,2.9999999999999805,-8.999999999999986,27.0,4.717747646615153,5.896356933701153,4.757450297515826,5.547033914936541,4.411564888098638,4.918277353396818,0.19999999999999973,0.0,0.05263157894736836,0.037735849056603765,0.0031713281369403212,0.006092887798896385,0.006442608408693928,-0.004427872988776782
2024-06-28,-0.005320175498659929,0.05133531330135366,0.02831757404295554,0.03777923162575192,0.03499179504838423,0.018917176028169794,0.0451584349164289,0.08076734338139979,-0.025374733657916648,0.04379076518843039,-0.020059416272853015,0.041078738385252375,0.11641309826710855,0.16769379158211994,0.03822772358675208,0.1493399548940031,-0.07160905366245696,0.08781158411382518,0.1841772421641602,0.12527148382840603,0.10604213061816754,0.07243331711085185,0.16563329772498572,0.040280605020318674,0.17732703054422747,0.1487153255785423,0.11034357393695907,0.10496123807568432,0.14558788816834692,0.026734129859174168,-0.042527623599862174,-0.0110024018309276,-0.025374733657917425,-0.004584169412864436,-0.06481673730317561,0.3209379623641963,0.2967056544332139,0.24385708451368882,0.22046951574679113,0.23667395280091882,0.0638501814612834,0.10614207703931644,0.06521785118928192,0.029451866742232335,0.034703318298224976,0.018649499942949788,0.04859692762132196,0.03939336217998901,0.03488045494654111,0.0,0.0052514515559926415,-0.010802366799282547,0.019145060879089622,0.009941495437756676,0.005428588204308773,5.0,4.0,6.0,1.0,2.0,3.0,minimum_variance,0.04859692762132196,0.018649499942949788,0.009203565441332946,0.009122171096924004,4.7,4.29,4.43,5.33,2.26,2.03,3.9,-41.000000000000014,13.999999999999968,-104.0,-24.00000000000002,16.000000000000014,-25.0,8.999999999999986,-23.000000000000043,6.99999999999994,0.0,0.0,-8.000000000000007,-6.000000000000005,-17.000000000000036,14.999999999999991,5.579298471006137,6.058766652860513,6.667976061887498,6.203165536466927,5.9741506668710835,5.456901847914965,0.0,0.19999999999999973,0.07870370370370372,0.0938967136150235,0.0023531207468932003,0.005775256376712612,0.004571026193875838,0.0018606912467982184
2024-07-31,0.05093470962788027,-0.02251406889096519,0.06678739757223151,0.01003043207202281,0.05449865881460769,0.033254496564451924,0.06928780984985972,0.1112336274210246,0.08397365720122729,0.10081480174985069,0.08559157238093573,0.01450799919790097,0.20128324646581652,0.11084550647474978,0.0895845853602164,0.12918163195430465,0.010235968406710372,0.06173362143245003,0.16920858682112427,0.24297520327676467,0.12275211681998373,0.14699180421619215,0.11979638048924149,0.045037843892409744,0.17064740399222317,0.1709481163755379,0.11078488820433154,0.10656211375211463,0.13862139580726418,0.02781861938760619,-0.007621841892097914,-0.06340465408144158,-0.0026569615171830874,-0.024873342929431108,-0.018834758569646004,0.3015367875442497,0.36285145464778984,0.33676716827161246,0.2634648899776277,-0.15828838135796716,0.015223229368914959,0.027259970219797314,-0.016303762531076016,0.020004301625340375,0.021088799449025624,0.019999134790837748,0.021956610891203553,0.021208896372622073,0.020581313764156544,0.0,0.0010844978236852487,-5.166834502627615e-06,0.001952309265863178,0.0012045947472816981,0.0005770121388161686,5.0,3.0,6.0,1.0,2.0,4.0,minimum_variance,0.021956610891203553,0.019999134790837748,0.0007477145185814799,0.000696472126174794,4.35,4.15,4.4,5.33,2.25,1.9,4.1,-19.99999999999993,25.0,-117.99999999999997,-36.00000000000003,-62.000000000000014,-20.999999999999996,-47.99999999999996,-10.999999999999943,-34.999999999999964,0.0,0.0,-2.9999999999999805,-16.000000000000014,-18.000000000000014,-32.00000000000003,4.828486896977738,5.078392123916791,5.069516742254634,5.505757355287241,5.306779132572293,5.195462591648469,0.19999999999999973,0.2999999999999998,0.01716738197424883,0.13397129186602874,0.0014542821942513662,0.005342445667072537,0.002577040257222274,-0.0013838848631783085
2024-08-30,0.024449612035309265,0.036135331573529994,0.033879562050719736,0.03806547277465966,0.012380452049394863,0.00952701085620402,0.07426841619937563,0.05839007260925988,0.08725697707064861,0.07229940371478394,0.07740636573772686,0.00931617930464676,0.19907716324325375,0.071918990758288,0.10161273720273112,0.10608465101232967,0.038597996030279136,0.05358144807318915,0.1491105525764935,0.24489397158228907,0.14048686027765292,0.18779450909221926,0.16707604557312813,0.037233917394364914,0.16593277620504976,0.21471282349703405,0.11969361096001493,0.14352904266381805,0.15452842282141166,0.03147701494384657,-0.00899784099150569,-0.05306583797378139,0.0,-0.0020889864540227787,-0.023380570411495882,0.27935489076863473,-0.03671288601868949,0.32990556564251683,-0.0094770133906409,0.2623422066658703,-0.005106962022942918,-0.02886690446138873,-0.0031379495383512257,0.02541091462577777,0.028073256956497823,0.02941014825027616,0.024769540158201115,0.026509411363607578,0.026685107100881657,0.0,0.0026623423307200536,0.003999233624498392,-0.0006413744675766546,0.0010984967378298086,0.0012741924751038872,5.0,2.0,1.0,6.0,4.0,3.0,maximum_sharpe,0.02941014825027616,0.024769540158201115,0.0013368912937783382,0.00155903050206716,3.87,3.87,4.15,5.33,2.16,1.71,4.2,0.0,28.000000000000025,-146.0,-41.99999999999999,-104.99999999999999,-21.999999999999975,-67.99999999999997,-19.99999999999993,-54.0,0.0,0.0,-8.000000000000007,-19.99999999999997,-14.000000000000012,-48.0,8.882567196480986,6.5770863242114315,6.7488976172126875,6.11001712499999,6.119445975545417,5.721654235353626,0.30000000000000027,0.5,-0.021097046413502074,0.05454545454545445,0.001383863391100082,0.0045595802129503316,0.013241925343456806,0.019769846291715742
2024-09-30,0.0433998744056554,0.03844769177622598,0.01701654768849936,0.030751104347457314,0.009117750084991938,0.01288979040139197,0.12752233288664305,0.014184575701567503,0.1017571733001732,0.05534132481504783,0.0982907727381257,0.04001083099125284,0.1695697670696228,0.10019700631836259,0.07550300689574141,0.10574632084341684,0.07777571361527835,0.034062411429827924,0.13276734983006555,0.20578787432932844,0.11083941481461984,0.13602143168441408,0.11708036665455278,0.03397230496827075,0.14814458832949806,0.2334313526505746,0.1257402832608667,0.15827329543497323,0.13383635258411367,0.03845489451094909,-0.01587172336527909,-0.028241201971305085,0.0,0.0,-0.03187608995322966,0.299257627241306,-0.1444067860512631,0.43275549139417685,-0.13278438072692145,0.4006209586120831,-0.042949447923077866,-0.0875725975986057,0.029231560148517355,-0.00544896901065552,-0.003477280604531457,0.008196377198420526,-0.008092590018023793,-0.006468036772407096,-0.007834196758245555,0.0,0.0019716884061240633,0.013645346209076047,-0.0026436210073682723,-0.0010190677617515752,-0.0023852277475900343,3.0,2.0,1.0,6.0,4.0,5.0,maximum_sharpe,0.008196377198420526,-0.008092590018023793,0.011673657802951983,0.005605625656637191,3.55,3.75,4.1,4.83,2.15,1.6,4.2,20.000000000000018,34.999999999999964,-108.0,-28.000000000000025,-116.00000000000001,-8.999999999999986,-61.00000000000003,-3.000000000000025,-41.000000000000014,-50.0,-50.0,0.0,-12.99999999999999,-8.999999999999986,-48.0,5.332291564921537,6.47876518801964,3.682002560719221,5.254700672756376,3.8637509532281546,5.1279082390723545,0.30000000000000027,0.30000000000000027,-0.04741379310344829,-0.05150214592274682,0.0009453834830719376,0.003300728831453048,0.004506791640642938,0.009098418497158534
2024-10-31,0.03195469644103688,0.0039424202099160865,0.0017742987530078302,-0.00038660948095492476,-0.05334836146555866,0.02769253694565461,0.12501108825219487,0.07973258909288505,0.057530289072052154,0.07034009078286552,-0.05320903961650936,0.0590936368964611,0.18946177778312445,0.1368004959180129,0.11756129434545515,0.13305016761316102,0.05664210171703199,0.042598146437857906,0.11914005483406324,0.15739671961417953,0.09528270611965918,0.11235210766367473,0.11493069655500375,0.02046570632273269,0.1319687853094249,0.19769438565861366,0.11186318457769782,0.14185022857277202,0.11924940205327623,0.03038899283715357,-0.015495166963743978,-0.03664317023147612,-0.02013185157494546,-0.02728395754055646,-0.08468596678743123,0.3004846206828249,-0.18646680930494913,0.39687166842212235,-0.19454105118376414,0.5525795003677871,0.12354913039937487,0.0222023000208329,0.17822012786870423,0.029558882811267544,0.021365961383933124,0.014442610770529074,0.016207491922141,0.019833185348605512,0.021925973747134963,0.0,-0.00819292142733442,-0.01511627204073847,-0.013351390889126544,-0.009725697462662032,-0.007632909064132581,1.0,3.0,6.0,5.0,4.0,2.0,equal_weight,0.029558882811267544,0.014442610770529074,0.007632909064132581,0.004837187116863858,4.15,4.29,4.49,4.83,2.34,1.95,4.1,13.999999999999968,20.000000000000018,-54.0,54.00000000000005,-0.9999999999999787,54.999999999999986,29.999999999999982,41.000000000000014,22.000000000000064,0.0,-50.0,14.999999999999991,13.999999999999968,39.99999999999999,15.999999999999993,5.500649312321485,6.924691826127775,4.329852081494137,5.220484289910105,4.375799246722707,4.929040769596668,0.0,0.19999999999999973,0.02714932126696823,-0.08467741935483875,0.0013760740670281102,0.002832357461293178,0.014961563870037775,0.017577160679664194
2024-11-29,-0.04625244140625018,0.02691491689224823,0.04790635729526538,0.038861266407199446,0.021529625462926028,0.0333156913000222,0.061827158402252724,0.07177920568137908,0.05741613167635595,0.07223617992734965,-0.01648130305478923,0.03341062338005428,0.1406873797342716,0.1343604713222093,0.1496830668321747,0.1497582163775142,0.059649304910844414,0.03408796417287468,0.21855498422953087,0.18500105278095952,0.11985270008553402,0.1397063056398617,0.18693815975209052,0.03550205169972686,0.16012571260966868,0.1744553578191305,0.10742175966587186,0.12198374209408028,0.14372662405138684,0.02441365327133455,-0.0462524414062504,-0.008558122679915847,0.0,0.0,-0.06649685452217724,0.1847705500302253,-0.20694150718993254,0.11114844584200083,-0.2208191930808637,0.38857842551761795,0.08871748298213888,0.014363074005023124,0.07830846145704196,-0.03273267655037063,-0.03457443296607808,-0.030335704007500124,-0.04952487956815597,-0.04050022386749392,-0.03740167051535524,0.0,-0.0018417564157074476,0.0023969725428705096,-0.016792203017785334,-0.007767547317123286,-0.004668993964984609,2.0,3.0,1.0,6.0,5.0,4.0,maximum_sharpe,-0.030335704007500124,-0.04952487956815597,0.0023969725428705096,0.006274570183331909,4.19,4.25,4.44,4.58,2.26,1.99,4.1,5.999999999999961,19.00000000000004,-33.00000000000001,8.000000000000007,32.00000000000003,-3.000000000000025,37.999999999999986,-7.999999999999918,29.000000000000004,-25.0,-75.0,-4.0000000000000036,9.999999999999964,1.0000000000000009,28.000000000000004,5.73128424069327,5.830600632682643,6.872304666454446,5.374790866268088,7.039006964595143,5.3606252548933,-0.10000000000000053,0.19999999999999973,-0.03524229074889873,-0.05603448275862066,0.0012488272434516556,0.002634418840855801,0.012092117411995895,0.025494165671466673
2024-12-31,-0.014088486936242761,0.004540329578168523,-0.0662109257183352,-0.024060020562738704,-0.06381004213352737,0.02792380109731777,-0.014168786771268982,0.06396491574626695,-0.020781579261718197,0.03417513688317109,-0.10375964400280546,0.0571471056439248,0.1232603805211887,0.05296713997804936,0.07766586002892528,0.07439993355539087,-0.01621970783362714,0.04549959786504276,0.1387312645217702,0.20045783183733412,0.12095221216918071,0.1431345458617089,0.12001885610379379,0.029394285577966257,0.1607623724084619,0.17116522806361253,0.11650168412550885,0.12543759840807875,0.14565417577778283,0.020602608057559705,-0.059689301425971175,-0.04852657757774037,-0.06621092571833465,-0.03250613433778515,-0.12606372956689726,0.2677809908907244,0.028283934880731217,0.1678845920338539,0.010799471436327193,0.410307637035116,0.13793478088597655,0.08474649500798515,0.08959085723153648,0.02798090105470463,0.0315402820147427,0.04097621243317449,0.027207732328783464,0.029023088359688965,0.028322523520236204,0.0,0.0035593809600380742,0.012995311378469859,-0.0007731687259211646,0.0010421873049843364,0.00034162246553157485,5.0,2.0,1.0,6.0,3.0,4.0,maximum_sharpe,0.04097621243317449,0.027207732328783464,0.009435930418431784,0.0047300431484336046,4.24,4.55,4.77,4.33,2.31,2.24,4.2,30.99999999999996,21.999999999999975,21.999999999999975,4.999999999999982,58.00000000000001,29.999999999999982,73.99999999999997,32.999999999999915,62.999999999999986,-25.0,-50.0,5.000000000000027,12.99999999999999,25.00000000000002,61.00000000000003,4.073140826251431,5.2249450909341615,4.914991643649355,5.6097256632931005,4.717747646615177,5.561967625846787,0.0,0.30000000000000027,0.0,-0.009049773755656076,0.002041113864994948,0.0029884269834019594,0.02242689378351126,0.027034758761583344
2025-01-31,0.07451270544798927,0.012955558626279728,0.022034570818266985,0.023120681535861776,-0.00045545890842979553,0.025481783122154933,0.009645051567902518,0.045929583009167496,-1.620024317905422e-05,0.03794534876294908,-0.03612569039630642,0.02928829039924593,0.14129328658416607,0.11207950134463274,0.029587168129557417,0.09964890575151908,-0.055170842573814105,0.07061388386553481,0.12214157564448014,0.20170491902204302,0.12058795876179304,0.13700743424831024,0.1089189175164114,0.0330443762835284,0.16684419934375194,0.19263106948195044,0.12434958128234698,0.13910616275441445,0.14322433724417266,0.0239644125544453,0.0,-0.027942391314683013,-0.04877935853215509,-0.013005547750407964,-0.1217605729641339,0.2571792134488972,0.10873920663922124,0.1529642938736243,0.06125186944383624,0.28861967536170396,0.0740710391592555,0.04594578325234655,0.04577074196420894,0.012190052869649949,0.017368275405393836,-0.002808327453665857,0.033233600224991465,0.023808843918870393,0.02082468242954047,0.0,0.0051782225357438864,-0.014998380323315807,0.021043547355341516,0.011618791049220444,0.00863462955989052,5.0,4.0,6.0,1.0,2.0,3.0,minimum_variance,0.033233600224991465,-0.002808327453665857,0.009424756306121072,0.011098181704268536,4.18,4.52,4.76,4.33,2.38,2.14,4.1,33.999999999999986,24.00000000000002,18.99999999999995,-12.99999999999999,5.999999999999961,-10.000000000000053,23.999999999999932,-6.00000000000005,22.999999999999954,0.0,-50.0,4.0000000000000036,8.999999999999986,-13.999999999999968,15.000000000000014,4.994759158119548,4.838402448003675,5.075618658046007,5.583468026896307,4.232527107330305,5.415931061949846,0.0,0.0,-0.03196347031963476,-0.06607929515418498,0.0025583869496934586,0.003937981546656477,0.023356336121774346,0.038667347306468036
2025-02-28,0.03568053569755336,-0.024307434594475263,0.018921821326085997,-0.01267838528740206,0.053968615994068436,0.02922483006773647,0.08573900384546862,0.004736449104727702,-0.02385054479182247,-0.002259668671105053,0.007694999535921898,0.03733160250550952,0.12802600669336295,0.06910123126809564,0.04447086262332145,0.06490580289333625,-0.03676553769928548,0.05320903493208182,0.14715981401682535,0.18001087853288292,0.10229917487650159,0.1274574709039902,0.14598376685845244,0.0255535169711644,0.1344683677695174,0.1923384477982929,0.11705002261072536,0.1347845191952431,0.13061493393985057,0.02605670145831112,-0.032842300878149766,-0.05810731518540546,-0.024511746536563184,-0.030590754572149104,-0.07172648426551287,0.3378432364852711,0.2779390135513103,0.36018339608621197,0.18264244851407763,0.21837269697247058,-0.009954668207026951,0.028586993896550172,0.07804400430954672,-0.012134975394274211,0.002234985988278238,0.021126905966664635,0.014913491535348367,0.005684575764040391,-9.484219137523506e-05,0.0,0.014369961382552449,0.03326188136093885,0.02704846692962258,0.0178195511583146,0.012040133202898977,6.0,4.0,1.0,2.0,3.0,5.0,maximum_sharpe,0.021126905966664635,-0.012134975394274211,0.006213414431316268,0.0106890462413053,4.07,4.29,4.56,4.33,2.37,1.92,4.0,21.999999999999975,26.999999999999957,-4.0000000000000036,-12.00000000000001,-29.999999999999982,-25.99999999999998,-12.00000000000001,-22.000000000000064,-4.0000000000000036,0.0,-25.0,-4.999999999999982,3.000000000000025,-20.999999999999996,-14.999999999999991,4.642967031666596,4.855516127700485,5.575883444843188,5.491509995224434,5.953790309342369,5.3937628731144365,-0.09999999999999964,-0.20000000000000018,0.08071748878923768,0.1157407407407407,0.002045015670011807,0.003296396784745248,0.007700114988383744,0.019885343094905084
2025-03-31,0.09446585889998271,-0.07586187432531655,-0.01148120936107333,-0.05571910658300505,-0.012046873103798705,0.05886402463727015,0.1854198624518162,-0.11325659042857239,0.02255640370700185,-0.06696248984091002,0.043524405967602764,0.10303252681395707,0.1666532497891242,-0.03900845004853226,0.02013760279103516,-0.016317956342226436,-0.05232708869326519,0.0793124750926864,0.12107016521158039,0.2715053161766493,0.1611837942747653,0.20707866604610034,0.11701792504813219,0.05796882146005304,0.12949248386848863,0.22165307387705557,0.12986193962560963,0.16225945556253335,0.12598918593606195,0.03636733797083888,0.0,-0.12956105966874532,-0.03571153140384509,-0.0846053716406936,-0.05950382950213873,0.1885061860731046,-0.004074981231444559,0.08929033350576253,-0.09672025568138048,0.22402173423825916,-0.11048689580851279,-0.13581299413557424,0.14189545648421342,-0.00613089203473451,-0.00015122169151332622,-0.01122734773176916,-0.01478341589466699,-0.006225456194082003,-0.003741703804759745,0.0,0.0059796703432211835,-0.005096455697034649,-0.008652523859932478,-9.456415934749277e-05,0.0023891882299747653,3.0,1.0,5.0,6.0,4.0,2.0,hrp,-0.00015122169151332622,-0.01478341589466699,0.0035904821132464186,0.004783971277573785,3.89,4.27,4.64,4.33,2.37,1.9,4.2,37.99999999999994,37.000000000000014,-6.00000000000005,-18.000000000000014,-39.99999999999999,-2.000000000000046,-32.00000000000003,8.000000000000007,-12.00000000000001,0.0,0.0,0.0,2.0000000000000018,-2.0000000000000018,-34.00000000000003,5.77309028411746,5.065065637576128,5.575883444843189,5.369787092172153,4.883402404842256,5.073196939695935,0.0,0.0,-0.0705394190871369,0.009009009009008917,0.0014612946691210382,0.0035053912029259227,-0.0028248134412702797,0.019538728551235396
2025-04-30,0.05424437277239913,0.013968338145180503,-0.07653785605056818,-0.008670177212538821,-0.013604817142496284,0.04258778973336579,0.19500390503750764,-0.08573040428401701,-0.06986735046864856,-0.0757743472649659,0.027105280246600083,0.1065053608561402,0.1991551406552874,-0.037093360079621385,-0.0658618131464831,-0.03619737055798988,-0.00836497009661008,0.09614925824218655,0.2930583998008453,0.5878313911908719,0.3848076948982059,0.526936089063604,0.20213254019062205,0.14297326124293475,0.19929604531807654,0.3830479848118096,0.2457483882202822,0.33013717175850177,0.15818221672032945,0.08277813659678647,-0.0374536818700788,-0.11740247421546524,-0.10951610340447981,-0.09254200528797574,-0.0385957756967058,0.36605576954412344,0.15779229318064752,0.18261995469563586,0.10417722557837686,0.791000040192318,-0.10287962751156599,-0.015863053815368455,0.16789862479090756,0.02709540399270249,0.01613312480785689,0.025101869052437234,-0.005698692130998639,0.007865529305298347,0.013163259239417198,0.0,-0.010962279184845599,-0.001993534940265256,-0.03279409612370113,-0.01922987468740414,-0.013932144753285292,1.0,3.0,2.0,6.0,5.0,4.0,equal_weight,0.02709540399270249,-0.005698692130998639,0.001993534940265256,0.010997290957484324,3.65,4.19,4.64,4.33,2.23,1.96,4.2,54.00000000000005,44.99999999999993,-13.999999999999968,-24.00000000000002,-54.00000000000005,-7.999999999999918,-35.99999999999994,0.0,-14.000000000000057,0.0,0.0,-14.000000000000012,-18.999999999999993,6.000000000000005,-16.999999999999993,8.284236321386029,6.316535245806897,7.486495778908796,6.194988311880172,7.615773105863916,6.181252729395522,0.10000000000000053,0.10000000000000053,0.0,0.004484304932735439,0.00038530533868974537,0.002944678048533378,0.004272948305420465,0.027729084844047014
2025-05-30,-0.0005595776946509812,0.09178272734752513,0.01355533931495101,0.0628449014337158,-0.03210589635213734,0.04453178947356945,0.15318881290244368,0.02305151041797937,-0.0747661955293838,-0.005077465999140052,-0.05677538259653059,0.08065162627236667,0.2520620729664378,0.027897141828588712,-0.09683352582581883,-0.0073256612793975995,-0.04951726960334113,0.12083578044467377,0.2733387592896357,0.19685359356307006,0.17046562961568776,0.16965037476313555,0.12276651991843845,0.04949963293891363,0.23938687943179482,0.3878712323527769,0.25752841554004197,0.337678119434469,0.15003824078416053,0.08228755254716982,-0.03799230131977249,-0.0363952661487833,-0.097445292031628,-0.035512897055060666,-0.06946252007469389,0.3190551465610675,0.14628327398933,-0.006028250966179879,0.0799186732737965,0.8180737388303557,0.051697916597390536,0.09781770594736316,0.20996419549897427,0.03368791284389286,0.02855798524160347,0.0349983272809413,0.019994458492148,0.025696180660827878,0.028532574735072713,0.0,-0.005129927602289388,0.001310414437048442,-0.01369345435174486,-0.007991732183064981,-0.005155338108820146,2.0,3.0,1.0,6.0,5.0,4.0,maximum_sharpe,0.0349983272809413,0.019994458492148,0.001310414437048442,0.004988592707034494,3.92,4.43,4.92,4.33,2.32,2.11,4.2,50.99999999999998,49.00000000000002,9.999999999999964,27.0,-15.000000000000036,23.999999999999932,13.999999999999968,28.000000000000025,36.00000000000003,0.0,0.0,8.999999999999986,-5.000000000000027,14.999999999999991,18.999999999999993,6.116721811091765,6.793531756952266,5.850518902505277,6.2924543763823335,5.247221486971302,5.966882488866757,0.20000000000000018,0.10000000000000053,0.0535714285714286,-0.020746887966805017,0.0013710920716758501,0.003418911646459133,0.01223477493894265,0.02002909910121331
2025-06-30,-0.0025522686321898247,0.0621804655354643,0.02177152662057802,0.05021022358687355,0.028189513491163387,0.022607368013768493,0.07311831722940143,0.1776760460142941,-0.029724506073022017,0.1152078631554394,-0.01016224586887815,0.07733624550088603,0.26254963340734405,0.043631691965181796,-0.020968062492853434,0.0336613369273866,0.02223888644608918,0.0996309849034177,0.17478047442184774,0.11889016249805179,0.09260687177822675,0.09770830280682084,0.12477234809203344,0.029178312456674547,0.250083428936087,0.35896689910198665,0.2486483464156366,0.3199677193004617,0.15437013013237302,0.07010017764946387,-0.03623263986547531,0.0,-0.05389986034886096,0.0,-0.04249375660646226,0.34772763715100063,0.20830084868415322,-0.006257400940859523,0.17223710347346022,0.888670835516418,0.12537010902431756,0.20740055208731611,0.08328056309827958,0.005942858112721557,0.002823136707008437,0.008132630432534331,-0.005025156282934857,-0.0002518432002937546,0.0014454540091060023,0.0,-0.0031197214057131204,0.002189772319812774,-0.010968014395656416,-0.006194701313015312,-0.004497404103615555,2.0,3.0,1.0,6.0,5.0,4.0,maximum_sharpe,0.008132630432534331,-0.005025156282934857,0.002189772319812774,0.004249984381731241,3.73,4.29,4.85,4.33,2.29,2.0,4.3,56.00000000000001,55.99999999999996,-4.0000000000000036,-23.0,-24.00000000000002,-17.99999999999997,-8.999999999999986,-12.00000000000001,11.999999999999922,0.0,0.0,-2.9999999999999805,-10.000000000000009,-14.999999999999991,1.0000000000000009,5.281143454828335,6.726041282686686,4.798809376144392,6.24204562948342,4.843257463437489,6.061132500526627,0.09999999999999964,0.09999999999999964,0.04888888888888898,0.0535714285714286,0.00118754342745242,0.0026505734474535636,0.002509608465979918,-0.000322294151017366
2025-07-31,-0.014924391221177613,0.03294396498894936,-0.02033265767071879,0.02336274439003594,-0.01384183598005484,0.022129089237375225,-0.0026664831546522327,0.18965341729744578,0.03641354589145629,0.1431972569902269,-0.017645529891845868,0.08217635391223506,0.1918174472549803,0.0876639488746731,-0.035997922549796835,0.056572231046692734,0.008981463321934724,0.07740160360858081,0.1307146234675871,0.0725031502999116,0.12437713986483893,0.06703562054515255,0.11635970688704607,0.026921526809290483,0.19913843901237102,0.13966495019784758,0.13782603912537267,0.1180978759518485,0.12099648385541141,0.029303864912465942,-0.04214491994599534,-0.005509206360046592,-0.05389986034886074,-0.007879468839611548,-0.05340606919037405,0.12930274390082946,0.05161363937049912,-0.49999702192460477,-0.0395253264592211,0.5289642575866447,0.16084278688207276,0.1532398714059895,0.014979046737193635,0.02672564211595838,0.02755851558748404,0.026468105691972596,0.03142934959263892,0.02838038205727228,0.026149598960506004,0.0,0.0008328734715256601,-0.00025753642398578316,0.00470370747668054,0.0016547399413139006,-0.000576043155452375,4.0,3.0,5.0,1.0,2.0,6.0,minimum_variance,0.03142934959263892,0.026149598960506004,0.0030489675353666396,0.001789694797914825,3.94,4.38,4.89,4.33,2.42,1.96,4.1,43.99999999999999,50.99999999999998,4.999999999999982,21.999999999999975,29.000000000000004,13.999999999999968,18.99999999999995,10.999999999999943,25.0,0.0,0.0,12.99999999999999,18.999999999999993,1.0000000000000009,0.0,4.341384462083392,5.29401791686098,4.693967760150616,5.145103907019733,4.760452159396694,4.979116654846559,-0.10000000000000053,0.0,-0.07627118644067798,-0.0267857142857143,0.0006377188606931927,0.0010232699158645442,-0.004126664267722235,0.0001286510146083497
2025-08-29,0.04987462468746906,0.00953976366603504,0.05358481529024961,0.0205195427525795,0.00012704641782068649,0.021441296119368985,0.04766139963702565,0.10003794679988931,0.07734578661525982,0.09767205017958869,0.015068973993931367,0.0322756139625091,0.208151405771136,0.1253954829907189,-0.0032032591195741977,0.09209865766659564,-0.042561955366441806,0.0899924054764932,0.11965412569171363,0.15440183283795159,0.09694061422360087,0.11973948264305144,0.09424494520259459,0.021603785095862006,0.14313354908860385,0.12067143984548274,0.11343903342510406,0.09610913408373295,0.11155385017259703,0.015331075882488155,0.0,-0.017127925316202997,-0.0010734574192965418,-0.005963671322057995,-0.05328580782233305,0.16721822520086604,-0.04370743668759938,-0.21050668779124132,-0.08693135794321188,0.2811493590316873,0.08260307618565732,0.022692160184629495,0.03259242564309428,0.04600262939385976,0.0529695478800983,0.07107582249146777,0.04276148504606309,0.04854090564742409,0.04989192505135851,0.0,0.006966918486238538,0.025073193097608006,-0.003241144347796668,0.0025382762535643283,0.003889295657498751,5.0,2.0,1.0,6.0,4.0,3.0,maximum_sharpe,0.07107582249146777,0.04276148504606309,0.018106274611369468,0.009151131736239737,3.62,4.22,4.88,4.33,2.41,1.81,4.3,59.999999999999964,66.00000000000001,-11.000000000000032,-31.999999999999986,-29.999999999999982,-16.000000000000014,-20.999999999999996,-0.9999999999999787,-4.0000000000000036,0.0,0.0,-0.9999999999999787,9.00000000000003,-14.999999999999991,-29.999999999999982,7.236152621518204,5.749774589851448,4.311667448966369,4.600140250316354,3.4274799850063378,4.3879343949024845,0.09999999999999964,0.2999999999999998,0.050458715596330306,-0.029661016949152574,0.00035965548790106716,0.0017312406803648983,0.004049095280273418,0.016333409988676273
2025-09-30,0.1175841576862715,0.053762157383322684,-0.012839006100860195,0.03562036212682518,0.03590982558779765,0.042085911131114116,0.1558121129238761,0.09886107682865908,0.018910693534306633,0.08156222120703194,0.021700718619305226,0.05124285876918493,0.23367107360779493,0.2832488338255277,-0.004572426178223066,0.1977364100190988,0.003913496324887911,0.1200079405595799,0.1359507207871339,0.0817333605834071,0.08376698310394319,0.071768809361822,0.11172679503652931,0.023574700716280827,0.13282319873504614,0.10823075136565515,0.10441780732718654,0.08808525260825525,0.10727835613904886,0.01432518699485091,0.0,-0.0030388064400866943,-0.013898681393801682,-0.0009898330023405677,-0.019289466299740265,0.18671831474968842,0.034409422269261476,-0.10040133982610731,-0.02253837542756664,0.20220165745358085,0.05986150258772671,0.07995038329435245,0.13411139430457086,0.02017088181459277,0.020074726026199287,0.03181699782943411,0.00948739775293932,0.01617639413564137,0.018967113365981593,0.0,-9.615578839348299e-05,0.011646116014841341,-0.01068348406165345,-0.0039944876789514,-0.0012037684486111769,2.0,3.0,1.0,6.0,5.0,4.0,maximum_sharpe,0.03181699782943411,0.00948739775293932,0.011646116014841341,0.006633949299917413,3.63,4.15,4.71,4.09,2.35,1.8,4.3,52.00000000000004,55.99999999999996,6.00000000000005,0.9999999999999787,-9.00000000000003,-6.99999999999994,-8.999999999999986,-16.999999999999993,-7.000000000000028,-24.00000000000002,-24.00000000000002,-6.000000000000005,6.000000000000005,-1.0000000000000009,-14.999999999999991,4.387210850599628,5.506175837205932,3.979112128771114,4.309992675905548,4.479051770397896,4.227830646008192,0.0,0.09999999999999964,-0.04366812227074235,-0.07203389830508478,-0.00016403992479396834,0.001023308698123948,0.02148834115258036,0.024051876941436623
2025-10-31,0.03757148242966246,0.038532096345881506,-0.02158009161142338,0.019186595509053328,0.008263574267329155,0.02215633144357607,0.18400820424309372,0.11646748852703737,0.01489144770548445,0.08362391775761657,0.03280455768670487,0.06070429666497467,0.23538486322855245,0.28982802077634195,0.04648619074011284,0.21034102191513626,0.04842284300587529,0.10022141466484352,0.3488658985117141,0.196268398071601,0.09966737747678259,0.1434387898442406,0.09268567286666043,0.09393767514320125,0.22215000692072515,0.1396865570917165,0.09606564048415397,0.10447647371102055,0.09520102278305452,0.04814129777162138,-0.08689073374584089,-0.01053835921665891,-0.03376523836381207,-0.007754178965484915,-0.019226496684844663,0.13917866069551635,-0.11592040830007137,-0.008580111971008409,-0.13694163778979063,0.2716694526509482,0.0508193600709117,0.10157604082155292,0.15120364655638885,0.014823998157297045,0.019092788381824443,0.01595113820365663,0.025031646893295522,0.020684282807575678,0.01792856058925535,0.0,0.004268790224527398,0.001127140046359585,0.010207648735998477,0.005860284650278633,0.003104562431958304,6.0,3.0,5.0,1.0,2.0,4.0,minimum_variance,0.025031646893295522,0.014823998157297045,0.004347364085719844,0.0033433788143159247,3.61,4.11,4.65,3.87,2.29,1.82,4.4,50.00000000000004,54.0,24.00000000000002,6.000000000000005,-8.000000000000007,-0.9999999999999787,-12.00000000000001,-6.99999999999994,-15.999999999999925,-21.999999999999975,-46.0,-6.000000000000005,-4.0000000000000036,5.000000000000004,-7.999999999999985,4.326001122779058,4.516964665576493,3.943046924349105,3.6626147140777428,3.6239941133138256,3.7068735368677843,0.3000000000000007,0.20000000000000018,0.009132420091324311,0.009132420091324311,0.0004417016873003998,0.0010797022294903869,0.013831818385478423,0.009648074847067312
2025-11-28,0.06853995835485516,-0.025984247487616186,0.031787622301828744,-0.005819246684076407,-0.006083390263963762,0.03368816736050562,0.21947997595206847,0.08690017898044711,-0.0023527505272037397,0.062374428023813655,0.05307664921609856,0.07381584794124867,0.2776020984352707,0.19563144126208387,0.07481106074781962,0.16613871646726852,0.06894543385675211,0.07826710494068775,0.1862045508325937,0.2155275538195181,0.1284036054892243,0.15116147730863447,0.07911223906541415,0.047065457639773135,0.23603660767689133,0.17072983451327536,0.10741266907965627,0.12351681004767573,0.09377457933939225,0.051845334339255436,-0.03787669414573391,-0.025984247487615852,-0.0034236823689917095,-0.005819246684076407,-0.01655565851913199,0.15136398944320184,-0.11467865808179893,0.14314020933500182,-0.1401172654064661,0.2318425383665402,0.009297778807715096,0.08925292950765085,0.16640332673596991,-0.0012825406351737619,-0.0007021120817858714,0.0031689480788436447,-0.0029351275545616696,-0.002110922361712405,-0.002695202216586017,0.0,0.0005804285533878904,0.004451488714017407,-0.0016525869193879078,-0.0008283817265386433,-0.0014126615814122553,3.0,2.0,1.0,6.0,4.0,5.0,maximum_sharpe,0.0031689480788436447,-0.0029351275545616696,0.003871060160629516,0.0020554631297650715,3.45,4.0,4.64,3.88,2.23,1.77,4.4,54.999999999999986,63.99999999999997,12.00000000000001,-2.0000000000000018,-16.999999999999993,0.9999999999999787,-21.999999999999975,8.999999999999986,-24.00000000000002,-24.00000000000002,-45.000000000000014,-4.999999999999982,-18.000000000000014,6.000000000000005,-4.0000000000000036,4.011293580688921,3.9439882761977714,3.7212389129991386,3.6507123925149503,3.218251521733956,3.6695282786781114,0.10000000000000053,0.20000000000000018,-0.05627705627705626,-0.048034934497816595,-0.0008452019023350577,-0.0004858503959365157,0.0035945466002176296,0.007658196542164708
2025-12-31,0.01683129585271015,-0.003351607270162371,0.006557848707793301,0.005387617431005687,-0.014315377613008717,0.010457554201204852,0.11313653039744698,0.01964609441534737,0.006557848707793079,0.0231655036137548,-0.01300375909329754,0.04350725131336265,0.28151979808761074,0.11803667598002354,0.024386769198093905,0.10537695778115497,0.017483599677846406,0.09528049988862133,0.19785518272214464,0.13212878793865843,0.0987076076844611,0.08723568173450717,0.06891407083774626,0.04538550121829915,0.2489331964836549,0.18026145804779978,0.11009956147938207,0.1267462536561315,0.0828436177315455,0.0588999924448463,-0.0490233554602989,-0.03250948639448359,-0.011887585473634221,-0.012254173667216706,-0.04270149830214176,0.16986232092074444,-0.06766461888758757,0.17243933144861504,-0.08788857431865016,0.21896344254069938,0.03616926270705234,0.013088245707554291,0.12614028949074452,0.04730954060017425,0.050516917550083404,0.0570200305837006,0.05963547543250975,0.05307713020945181,0.049078725481544815,0.0,0.003207376949909156,0.009710489983526353,0.012325934832335503,0.0057675896092775625,0.0017691848813705668,6.0,4.0,2.0,1.0,3.0,5.0,minimum_variance,0.05963547543250975,0.04730954060017425,0.0026154448488091495,0.004355270635901099,3.45,4.14,4.81,3.64,2.24,1.9,4.5,68.99999999999994,67.0,49.99999999999996,-2.0000000000000018,-14.999999999999991,12.00000000000001,-2.000000000000046,13.999999999999968,7.999999999999918,-25.0,-44.99999999999997,1.000000000000023,-11.999999999999966,10.999999999999988,9.999999999999986,3.2848860239704165,3.5728107924329446,3.233750586724784,3.4405937876882704,2.7446918466985104,3.092613799465944,0.20000000000000018,0.20000000000000018,-0.013761467889908285,-0.0182648401826484,-0.00014513604927057777,-0.0003091521659579488,0.0074762431128592155,0.029125236327988135
2026-01-30,0.11547042008356323,0.003939078693975695,0.0792617385248029,0.0072196166853959465,-0.008308808483666774,0.04887695504344325,0.2257576093857614,-0.020603134163337367,0.1265887055571473,0.009637325174886913,-0.032840684359494166,0.09954668451667953,0.46867581448624107,0.10333099609340768,0.1476820563942789,0.10102956424783582,0.024856891683085136,0.15489971994420434,0.4484651121550652,0.13582130314612023,0.12445387574043827,0.10395082509845972,0.08892087895260004,0.13504740590528472,0.2987814241579914,0.16259361503470154,0.11694136608509254,0.11483541618433936,0.080393999813213,0.07662642712206784,-0.10274245274560034,-0.02060313416333781,0.0,-0.005061204981587908,-0.04303102799562886,0.24539133647981384,0.32922026010232597,0.176047713716384,0.2653071431136128,0.10369410515437269,0.04247800953438108,-0.14719183972048466,0.25859829374525556,0.033357634470756764,0.04043910174167177,0.06481109786457308,0.059559153397249626,0.04750281021874519,0.0425106477583936,0.0,0.007081467270915007,0.031453463393816314,0.02620151892649286,0.014145175747988424,0.009153013287636833,6.0,5.0,1.0,2.0,3.0,4.0,maximum_sharpe,0.06481109786457308,0.033357634470756764,0.005251944467323452,0.010940504622647451,3.53,4.24,4.85,3.64,2.35,1.89,4.4,71.00000000000004,60.99999999999994,60.00000000000001,7.999999999999963,5.999999999999961,12.00000000000001,25.0,4.999999999999982,29.999999999999982,0.0,-48.0,12.99999999999999,7.000000000000028,-1.0000000000000009,17.999999999999993,2.4181850730701067,3.266221481310928,3.00950874016721,3.289963636134375,3.096849397448348,2.9992318525030925,0.0,0.3000000000000007,-0.018604651162790753,-0.08658008658008653,-0.0007316396296389582,-0.0002902611087974849,0.006858620606084775,0.02078530618616159
2026-02-27,-0.021857808176879545,-0.040949325990075724,0.0843003839566594,-0.013560088725294572,0.04072349657685037,0.04610846110140264,0.2727584116245587,-0.0013426793159706518,0.17477756950481016,0.019254243757063305,0.017830312545038307,0.10855717481666112,0.5469604848538809,0.06153090204886036,0.1626261596857561,0.06695397743412057,0.07159101296900694,0.18628473566218215,0.5453612273126568,0.18200137741487202,0.12495172839176451,0.1273607260830471,0.08361432043213807,0.16926402584483313,0.36028576947770213,0.1490322624194877,0.11375778810332261,0.1063980580207827,0.08424054506448526,0.10094361693535847,-0.024500895434615422,-0.04356541245283585,0.0,-0.013659460371627685,0.0,0.17383664517684722,0.07534119742835303,0.11981986237784056,0.07789925412078498,0.049406025794527984,0.001423931212024998,-0.1761202488207808,0.2549280990795204,-0.05535252136862866,-0.05909425039911847,-0.06323527046077458,-0.05352487946595364,-0.056635894366502904,-0.057287724622299814,0.0,-0.0037417290304898113,-0.007882749092145924,0.001827641902675016,-0.0012833729978742464,-0.001935203253671157,2.0,5.0,6.0,1.0,3.0,4.0,minimum_variance,-0.05352487946595364,-0.06323527046077458,0.001827641902675016,0.0030723798745852034,3.42,4.02,4.67,3.64,2.28,1.74,4.3,59.999999999999964,65.00000000000003,37.99999999999994,-10.999999999999988,-4.0000000000000036,-22.000000000000064,-2.000000000000046,-16.000000000000014,-0.9999999999999787,0.0,-23.99999999999998,-6.000000000000005,4.999999999999982,-15.999999999999993,-7.000000000000006,4.16676190367349,3.330567208657948,3.639727880984918,3.345523026606835,3.4914862437758827,3.1698787169841607,-0.10000000000000053,0.0,0.004761904761904745,-0.0495495495495496,0.0011615574970960107,0.0003153738441548093,0.0015268482712367248,0.005126883198716792
2026-03-31,-0.12185712541852711,-0.04963455512874193,-0.028891675187189825,-0.04991972483744467,-0.03258564953815868,0.033752255427541476,0.07950326632252103,-0.06919681939101807,0.1201851246499368,-0.05195006578199057,-0.00861864237735166,0.07395766670502321,0.22081943760065958,-0.033533745396349124,0.15335569509049818,-0.014520519446910685,-0.01161646537078942,0.10389118272162548,0.38150418350303167,0.22589928408709511,0.08309695104217976,0.18413512686626016,0.12836555288202817,0.10262772656169475,0.41300304207644145,0.18133374976897298,0.11429534624852179,0.14130795669491514,0.104656547612673,0.11418130266412606,-0.13230487227079524,-0.08984018990439901,-0.02889167518719027,-0.06236448175914344,-0.04230041085260583,0.2997897252572436,0.25520480653080274,0.25732727485239815,0.21375729385784895,0.2424749906575582,-0.043331423404638914,-0.18938194404095487,0.08812190869987269,0.05668517319403447,0.04049089822257463,0.021559103914721992,0.013519266031792546,0.03056725106308041,0.037689620161296795,0.0,-0.016194274971459838,-0.03512606927931247,-0.04316590716224192,-0.02611792213095406,-0.018995553032737672,1.0,2.0,5.0,6.0,4.0,3.0,equal_weight,0.05668517319403447,0.013519266031792546,0.016194274971459838,0.013870554988186807,3.82,4.35,4.91,3.64,2.31,2.04,4.4,52.99999999999998,56.00000000000005,70.99999999999996,43.99999999999999,35.999999999999986,37.99999999999994,20.999999999999996,27.000000000000046,10.000000000000053,0.0,0.0,6.000000000000005,8.000000000000007,32.00000000000001,13.00000000000001,6.163641471603952,4.585089036720481,5.6357701125848525,4.3884011343687535,5.100420150760703,4.032954368963323,-0.09999999999999964,0.10000000000000053,0.0,-0.018604651162790753,-8.204532688749211e-05,-0.00022716946842349373,0.0035523273697892765,0.01105512854568147
2026-04-30,-0.015408224107347657,0.1569007481001825,0.04530640841477229,0.10505264083288046,-0.008396506909884582,0.06624972832629268,-0.14567451325570036,0.06220220367094287,0.10116678415331593,0.038301348849505645,-0.011894014029013134,0.0854919448192244,0.16268729893222922,0.057706099232400554,0.21007531629913423,0.05194896737714516,-0.04868202393165355,0.09096383909873668,0.21289566738203392,0.1524903077353918,0.11266677191252501,0.11710970309064335,0.06829512348682035,0.0481982918600155,0.3999573261818613,0.198003027946947,0.11221971516180408,0.1514868082981934,0.10003833823751543,0.10931135722319674,-0.14567451325570002,0.0,0.0,0.0,-0.050341742070475926,0.29033392125723234,0.20458591396030928,0.3324297763565273,0.15521217021041103,0.19058726287783676,0.05019536287851878,-0.03896458048237306,-0.13378049922668722,0.03230908280850982,0.022024450315342642,0.028201097320077365,0.0058105026833164845,0.01654680409190223,0.021806342856848872,0.0,-0.010284632493167176,-0.004107985488432452,-0.026498580125193332,-0.015762278716607587,-0.010502739951660945,1.0,3.0,2.0,6.0,5.0,4.0,equal_weight,0.03230908280850982,0.0058105026833164845,0.004107985488432452,0.008484509026452265,3.92,4.42,4.98,3.64,2.46,1.96,4.3,50.0,56.00000000000005,77.99999999999999,10.000000000000009,35.999999999999986,7.000000000000028,16.000000000000014,7.000000000000028,13.000000000000078,0.0,0.0,14.999999999999991,10.000000000000009,-8.000000000000007,6.000000000000005,3.776493712679098,4.888149876649633,3.336665001664589,4.461188377653579,2.3523038352503205,3.865307775413076,-0.10000000000000053,-0.10000000000000053,0.018957345971563955,0.023809523809523725,0.0013759846495657868,0.0006433382950272737,0.019024047664895738,0.026013146996306302
2026-05-29,-0.0006947810123798526,0.11599673594493409,0.033386281364221615,0.06309904235982744,0.0043955355120524064,0.04295154782927853,-0.13773644420219644,0.2172782598909162,0.03163063443224301,0.10576826682988694,-0.045276407499273086,0.12208588750024842,0.09745319367895622,0.2156438455495795,0.21193652934501483,0.1270589985782551,-0.0282533874508637,0.08946917251055607,0.2020359366628503,0.15756216091119135,0.11630829946062107,0.09849766281076018,0.09883605497907616,0.03997969404307431,0.27616405157285195,0.18986208292861065,0.09919604312212073,0.1434612944276647,0.10231327598935354,0.06581801161119595,-0.1588626734198786,0.0,-0.01005186042440076,0.0,-0.04527640749927342,0.45190787112365294,0.5435927817888937,0.5453462345160628,0.5199403485339598,0.26116940417052237,0.15104467432916002,0.1856476254586732,-0.09246003670292335,-0.026711056687790717,-0.02993871731961362,-0.04625292371426217,-0.026994252402061384,-0.02829356462491946,-0.027946318190318675,0.0,-0.0032276606318229033,-0.019541867026471454,-0.0002831957142706669,-0.001582507937128743,-0.0012352615025279581,1.0,5.0,6.0,2.0,4.0,3.0,equal_weight,-0.026711056687790717,-0.04625292371426217,0.0002831957142706669,0.006890400276309466,3.99,4.45,4.98,3.62,2.39,2.06,4.3,46.0,53.00000000000003,83.0,15.000000000000036,57.00000000000003,8.999999999999986,43.00000000000006,4.0000000000000036,31.00000000000005,-2.0000000000000018,-2.0000000000000018,-4.999999999999982,11.000000000000032,14.000000000000012,32.00000000000001,5.631543812693433,5.216952162110662,5.133920807447537,4.785142991173878,4.057327292923839,3.967094556688839,0.0,-0.10000000000000053,-0.013953488372092981,0.004739336492890933,0.0012989305891848435,0.0024619968688450733,0.03143219445473466,0.0330070349177356
2026-06-30,-0.11684884638695336,-0.0014908106580159286,-0.016537046706534442,-0.010292580956815511,0.011659367089364991,0.04605702503485686,-0.1114380413570687,0.32050096260584326,0.04863988614860415,0.18469845878589863,0.007469803570425926,0.1491292495658178,-0.11604354389979366,0.18312341300813428,0.16616877889816628,0.0875383519223718,0.003584120373315125,0.1106750521047938,0.29512955909101285,0.33091078882240266,0.11076767051280258,0.17866426954045728,0.09604991912395434,0.0952721960760817,0.25073619450835294,0.2376012641457809,0.10730064062129695,0.14723802589523433,0.08759729692110697,0.06671061261177416,-0.25714859968377146,-0.011995619624076914,-0.026422679045609354,-0.014318849756139063,-0.03414493466542978,0.42194014081085207,0.3741674527014393,0.7395265124112143,0.2974899721323643,0.1306448544436662,0.1772286552154727,0.2718610764572391,-0.11890784492749462,-0.00921865097079998,-0.007171500974978489,-0.02230071344259033,0.0026267386754316143,-0.004874908649224263,-0.01008060707444646,0.0,0.002047149995821491,-0.013082062471790348,0.011845389646231594,0.004343742321575718,-0.0008619561036464791,4.0,3.0,6.0,1.0,2.0,5.0,minimum_variance,0.0026267386754316143,-0.02230071344259033,0.007501647324655877,0.007440709147142203,4.1,4.38,4.86,3.63,2.22,2.16,4.3,28.000000000000025,48.00000000000004,75.0,10.999999999999943,21.999999999999975,-7.000000000000028,-6.00000000000005,-12.00000000000001,-12.00000000000001,0.9999999999999787,-1.000000000000023,-16.999999999999993,-8.999999999999986,10.000000000000009,3.000000000000025,5.741245924179246,5.023039595634686,4.33973885543051,4.361541181125586,3.3101575275419877,3.359421718944242,-0.10000000000000053,-0.20000000000000018,0.018867924528301883,0.023696682464454888,0.0026824711555455405,0.0026002057444352022,0.03313186215585939,0.036801884746396896
2026-07-31,0.0025364339609414976,-0.051270653174616876,0.05086352647272441,0.0017030314238299926,-0.03823672208021711,0.035917757757164395,-0.12302316637554467,0.031458570619077086,0.0519665196673722,0.0421542890769564,-0.028445284173784002,0.06523331936171387,-0.25077633975031255,0.09561756670686417,0.1583905894990758,0.08207020405790222,-0.04000096959377497,0.14494428543618512,0.2213845469226682,0.23855514516800022,0.14289243578677677,0.1238215760364725,0.08476410355509782,0.05860868091921074,0.2411016714554409,0.25506804572724506,0.11828099236287748,0.1364101858442087,0.09433333616465733,0.06605448718671536,-0.24175508460220074,-0.07694578378980566,-0.01239290037073848,-0.013975611509221886,-0.07735504108526181,0.32883549326017303,0.41922051207553573,0.6285001091719561,0.3291509076212587,-0.17930495171259678,0.0705995732507404,-0.020507949048295115,-0.09457788220176067,0.043516623483718306,0.04216686755025742,0.055521007205761044,0.03991880488330765,0.041302372886356076,0.04182079802129138,0.0,-0.001349755933460886,0.012004383722042739,-0.0035978186004106544,-0.00221425059736223,-0.0016958254624269281,2.0,3.0,1.0,6.0,5.0,4.0,maximum_sharpe,0.055521007205761044,0.03991880488330765,0.012004383722042739,0.00524404068841973,4.23,4.68,5.21,3.63,2.27,2.41,4.2,44.99999999999993,53.00000000000003,104.99999999999999,9.000000000000075,31.00000000000005,23.999999999999932,25.99999999999998,29.999999999999982,22.999999999999954,0.0,-1.000000000000023,2.9999999999999805,-18.999999999999993,20.999999999999996,45.000000000000014,4.411025148096855,5.142714909565281,3.5816995167896764,4.368637938744309,3.5294677866702338,3.699614571475054,-0.09999999999999964,-0.20000000000000018,-0.08333333333333337,-0.07906976744186045,0.0015253703120075013,0.0029034538477075156,0.018338196470751633,0.03771111085939527
2026-08-31,0.0992625397928133,0.041817465705827006,0.04242596496903661,0.02679935978497161,0.0073242438205656235,0.030662807040130916,-0.006905598089902876,-0.03391810996932276,0.09284876111522822,0.013824112971823954,-0.027045669293051855,0.04569562334556955,-0.16648976851482877,0.1814903036328157,0.11316214344376552,0.12346844265288381,-0.06116964319457874,0.13053299253399794,0.2732190339434975,0.17910658247723132,0.0962549048104177,0.10301419574660847,0.10680698454533812,0.06779062382677707,0.26831700142691595,0.25616436256346387,0.1165087650648943,0.13705303573794958,0.09717178306797576,0.07240736879197465,-0.14531447296793742,-0.038345995758816254,-0.009088300072250366,-0.013922518588332378,-0.05928001762301982,0.28544956062735455,0.3156136786499226,0.47652529358051415,0.20960756157460486,-0.13744789792494014,0.04086978226487581,-0.12676687108455098,0.02014007120314898,-0.030340681928552778,-0.03781683233492947,-0.04453358517051837,-0.05633654115325677,-0.044543699503423,-0.039478343003865254,0.0,-0.00747615040637669,-0.014192903241965593,-0.025995859224703995,-0.01420301757487022,-0.009137661075312477,1.0,2.0,4.0,6.0,5.0,3.0,equal_weight,-0.030340681928552778,-0.05633654115325677,0.00747615040637669,0.007937669449431233,4.34,4.73,5.22,3.63,2.31,2.42,4.1,39.00000000000006,48.99999999999993,110.00000000000006,10.999999999999943,35.999999999999986,5.000000000000071,28.000000000000025,0.9999999999999787,22.999999999999954,0.0,0.9999999999999787,4.0000000000000036,-6.999999999999984,0.9999999999999787,35.00000000000001,4.996189023836538,5.011967245324212,4.836370146140205,4.317174172018222,4.443829322512159,3.8700737148167708,-0.20000000000000018,-0.20000000000000018,0.030303030303030276,-0.037735849056603765,0.0005289739165481588,0.0018285916061340224,0.007759133938648022,0.039435215000142465
